Code,Label
SI-TT-A1,SI-TT-A1
SI-TT-A2,SI-TT-A2
SI-TT-A3,SI-TT-A3
SI-TT-A4,SI-TT-A4
SI-TT-A5,SI-TT-A5
SI-TT-A6,SI-TT-A6
SI-TT-A7,SI-TT-A7
SI-TT-A8,SI-TT-A8
SI-TT-A9,SI-TT-A9
SI-TT-A10,SI-TT-A10
SI-TT-A11,SI-TT-A11
SI-TT-A12,SI-TT-A12
SI-TT-B1,SI-TT-B1
SI-TT-B2,SI-TT-B2
SI-TT-B3,SI-TT-B3
SI-TT-B4,SI-TT-B4
SI-TT-B5,SI-TT-B5
SI-TT-B6,SI-TT-B6
SI-TT-B7,SI-TT-B7
SI-TT-B8,SI-TT-B8
SI-TT-B9,SI-TT-B9
SI-TT-B10,SI-TT-B10
SI-TT-B11,SI-TT-B11
SI-TT-B12,SI-TT-B12
SI-TT-C1,SI-TT-C1
SI-TT-C2,SI-TT-C2
SI-TT-C3,SI-TT-C3
SI-TT-C4,SI-TT-C4
SI-TT-C5,SI-TT-C5
SI-TT-C6,SI-TT-C6
SI-TT-C7,SI-TT-C7
SI-TT-C8,SI-TT-C8
SI-TT-C9,SI-TT-C9
SI-TT-C10,SI-TT-C10
SI-TT-C11,SI-TT-C11
SI-TT-C12,SI-TT-C12
SI-TT-D1,SI-TT-D1
SI-TT-D2,SI-TT-D2
SI-TT-D3,SI-TT-D3
SI-TT-D4,SI-TT-D4
SI-TT-D5,SI-TT-D5
SI-TT-D6,SI-TT-D6
SI-TT-D7,SI-TT-D7
SI-TT-D8,SI-TT-D8
SI-TT-D9,SI-TT-D9
SI-TT-D10,SI-TT-D10
SI-TT-D11,SI-TT-D11
SI-TT-D12,SI-TT-D12
SI-TT-E1,SI-TT-E1
SI-TT-E2,SI-TT-E2
SI-TT-E3,SI-TT-E3
SI-TT-E4,SI-TT-E4
SI-TT-E5,SI-TT-E5
SI-TT-E6,SI-TT-E6
SI-TT-E7,SI-TT-E7
SI-TT-E8,SI-TT-E8
SI-TT-E9,SI-TT-E9
SI-TT-E10,SI-TT-E10
SI-TT-E11,SI-TT-E11
SI-TT-E12,SI-TT-E12
SI-TT-F1,SI-TT-F1
SI-TT-F2,SI-TT-F2
SI-TT-F3,SI-TT-F3
SI-TT-F4,SI-TT-F4
SI-TT-F5,SI-TT-F5
SI-TT-F6,SI-TT-F6
SI-TT-F7,SI-TT-F7
SI-TT-F8,SI-TT-F8
SI-TT-F9,SI-TT-F9
SI-TT-F10,SI-TT-F10
SI-TT-F11,SI-TT-F11
SI-TT-F12,SI-TT-F12
SI-TT-G1,SI-TT-G1
SI-TT-G2,SI-TT-G2
SI-TT-G3,SI-TT-G3
SI-TT-G4,SI-TT-G4
SI-TT-G5,SI-TT-G5
SI-TT-G6,SI-TT-G6
SI-TT-G7,SI-TT-G7
SI-TT-G8,SI-TT-G8
SI-TT-G9,SI-TT-G9
SI-TT-G10,SI-TT-G10
SI-TT-G11,SI-TT-G11
SI-TT-G12,SI-TT-G12
SI-TT-H1,SI-TT-H1
SI-TT-H2,SI-TT-H2
SI-TT-H3,SI-TT-H3
SI-TT-H4,SI-TT-H4
SI-TT-H5,SI-TT-H5
SI-TT-H6,SI-TT-H6
SI-TT-H7,SI-TT-H7
SI-TT-H8,SI-TT-H8
SI-TT-H9,SI-TT-H9
SI-TT-H10,SI-TT-H10
SI-TT-H11,SI-TT-H11
SI-TT-H12,SI-TT-H12
SI-NN-A1,SI-NN-A1
SI-NN-A2,SI-NN-A2
SI-NN-A3,SI-NN-A3
SI-NN-A4,SI-NN-A4
SI-NN-A5,SI-NN-A5
SI-NN-A6,SI-NN-A6
SI-NN-A7,SI-NN-A7
SI-NN-A8,SI-NN-A8
SI-NN-A9,SI-NN-A9
SI-NN-A10,SI-NN-A10
SI-NN-A11,SI-NN-A11
SI-NN-A12,SI-NN-A12
SI-NN-B1,SI-NN-B1
SI-NN-B2,SI-NN-B2
SI-NN-B3,SI-NN-B3
SI-NN-B4,SI-NN-B4
SI-NN-B5,SI-NN-B5
SI-NN-B6,SI-NN-B6
SI-NN-B7,SI-NN-B7
SI-NN-B8,SI-NN-B8
SI-NN-B9,SI-NN-B9
SI-NN-B10,SI-NN-B10
SI-NN-B11,SI-NN-B11
SI-NN-B12,SI-NN-B12
SI-NN-C1,SI-NN-C1
SI-NN-C2,SI-NN-C2
SI-NN-C3,SI-NN-C3
SI-NN-C4,SI-NN-C4
SI-NN-C5,SI-NN-C5
SI-NN-C6,SI-NN-C6
SI-NN-C7,SI-NN-C7
SI-NN-C8,SI-NN-C8
SI-NN-C9,SI-NN-C9
SI-NN-C10,SI-NN-C10
SI-NN-C11,SI-NN-C11
SI-NN-C12,SI-NN-C12
SI-NN-D1,SI-NN-D1
SI-NN-D2,SI-NN-D2
SI-NN-D3,SI-NN-D3
SI-NN-D4,SI-NN-D4
SI-NN-D5,SI-NN-D5
SI-NN-D6,SI-NN-D6
SI-NN-D7,SI-NN-D7
SI-NN-D8,SI-NN-D8
SI-NN-D9,SI-NN-D9
SI-NN-D10,SI-NN-D10
SI-NN-D11,SI-NN-D11
SI-NN-D12,SI-NN-D12
SI-NN-E1,SI-NN-E1
SI-NN-E2,SI-NN-E2
SI-NN-E3,SI-NN-E3
SI-NN-E4,SI-NN-E4
SI-NN-E5,SI-NN-E5
SI-NN-E6,SI-NN-E6
SI-NN-E7,SI-NN-E7
SI-NN-E8,SI-NN-E8
SI-NN-E9,SI-NN-E9
SI-NN-E10,SI-NN-E10
SI-NN-E11,SI-NN-E11
SI-NN-E12,SI-NN-E12
SI-NN-F1,SI-NN-F1
SI-NN-F2,SI-NN-F2
SI-NN-F3,SI-NN-F3
SI-NN-F4,SI-NN-F4
SI-NN-F5,SI-NN-F5
SI-NN-F6,SI-NN-F6
SI-NN-F7,SI-NN-F7
SI-NN-F8,SI-NN-F8
SI-NN-F9,SI-NN-F9
SI-NN-F10,SI-NN-F10
SI-NN-F11,SI-NN-F11
SI-NN-F12,SI-NN-F12
SI-NN-G1,SI-NN-G1
SI-NN-G2,SI-NN-G2
SI-NN-G3,SI-NN-G3
SI-NN-G4,SI-NN-G4
SI-NN-G5,SI-NN-G5
SI-NN-G6,SI-NN-G6
SI-NN-G7,SI-NN-G7
SI-NN-G8,SI-NN-G8
SI-NN-G9,SI-NN-G9
SI-NN-G10,SI-NN-G10
SI-NN-G11,SI-NN-G11
SI-NN-G12,SI-NN-G12
SI-NN-H1,SI-NN-H1
SI-NN-H2,SI-NN-H2
SI-NN-H3,SI-NN-H3
SI-NN-H4,SI-NN-H4
SI-NN-H5,SI-NN-H5
SI-NN-H6,SI-NN-H6
SI-NN-H7,SI-NN-H7
SI-NN-H8,SI-NN-H8
SI-NN-H9,SI-NN-H9
SI-NN-H10,SI-NN-H10
SI-NN-H11,SI-NN-H11
SI-NN-H12,SI-NN-H12
SI-NA-A1,SI-NA-A1
SI-NA-B1,SI-NA-B1
SI-NA-C1,SI-NA-C1
SI-NA-D1,SI-NA-D1
SI-NA-E1,SI-NA-E1
SI-NA-F1,SI-NA-F1
SI-NA-G1,SI-NA-G1
SI-NA-H1,SI-NA-H1
SI-NA-A2,SI-NA-A2
SI-NA-B2,SI-NA-B2
SI-NA-C2,SI-NA-C2
SI-NA-D2,SI-NA-D2
SI-NA-E2,SI-NA-E2
SI-NA-F2,SI-NA-F2
SI-NA-G2,SI-NA-G2
SI-NA-H2,SI-NA-H2
SI-NA-A3,SI-NA-A3
SI-NA-B3,SI-NA-B3
SI-NA-C3,SI-NA-C3
SI-NA-D3,SI-NA-D3
SI-NA-E3,SI-NA-E3
SI-NA-F3,SI-NA-F3
SI-NA-G3,SI-NA-G3
SI-NA-H3,SI-NA-H3
SI-NA-A4,SI-NA-A4
SI-NA-B4,SI-NA-B4
SI-NA-C4,SI-NA-C4
SI-NA-D4,SI-NA-D4
SI-NA-E4,SI-NA-E4
SI-NA-F4,SI-NA-F4
SI-NA-G4,SI-NA-G4
SI-NA-H4,SI-NA-H4
SI-NA-A5,SI-NA-A5
SI-NA-B5,SI-NA-B5
SI-NA-C5,SI-NA-C5
SI-NA-D5,SI-NA-D5
SI-NA-E5,SI-NA-E5
SI-NA-F5,SI-NA-F5
SI-NA-G5,SI-NA-G5
SI-NA-H5,SI-NA-H5
SI-NA-A6,SI-NA-A6
SI-NA-B6,SI-NA-B6
SI-NA-C6,SI-NA-C6
SI-NA-D6,SI-NA-D6
SI-NA-E6,SI-NA-E6
SI-NA-F6,SI-NA-F6
SI-NA-G6,SI-NA-G6
SI-NA-H6,SI-NA-H6
SI-NA-A7,SI-NA-A7
SI-NA-B7,SI-NA-B7
SI-NA-C7,SI-NA-C7
SI-NA-D7,SI-NA-D7
SI-NA-E7,SI-NA-E7
SI-NA-F7,SI-NA-F7
SI-NA-G7,SI-NA-G7
SI-NA-H7,SI-NA-H7
SI-NA-A8,SI-NA-A8
SI-NA-B8,SI-NA-B8
SI-NA-C8,SI-NA-C8
SI-NA-D8,SI-NA-D8
SI-NA-E8,SI-NA-E8
SI-NA-F8,SI-NA-F8
SI-NA-G8,SI-NA-G8
SI-NA-H8,SI-NA-H8
SI-NA-A9,SI-NA-A9
SI-NA-B9,SI-NA-B9
SI-NA-C9,SI-NA-C9
SI-NA-D9,SI-NA-D9
SI-NA-E9,SI-NA-E9
SI-NA-F9,SI-NA-F9
SI-NA-G9,SI-NA-G9
SI-NA-H9,SI-NA-H9
SI-NA-A10,SI-NA-A10
SI-NA-B10,SI-NA-B10
SI-NA-C10,SI-NA-C10
SI-NA-D10,SI-NA-D10
SI-NA-E10,SI-NA-E10
SI-NA-F10,SI-NA-F10
SI-NA-G10,SI-NA-G10
SI-NA-H10,SI-NA-H10
SI-NA-A11,SI-NA-A11
SI-NA-B11,SI-NA-B11
SI-NA-C11,SI-NA-C11
SI-NA-D11,SI-NA-D11
SI-NA-E11,SI-NA-E11
SI-NA-F11,SI-NA-F11
SI-NA-G11,SI-NA-G11
SI-NA-H11,SI-NA-H11
SI-NA-A12,SI-NA-A12
SI-NA-B12,SI-NA-B12
SI-NA-C12,SI-NA-C12
SI-NA-D12,SI-NA-D12
SI-NA-E12,SI-NA-E12
SI-NA-F12,SI-NA-F12
SI-NA-G12,SI-NA-G12
SI-NA-H12,SI-NA-H12
SetB-A1,SetB-A1
SetB-A10,SetB-A10
SetB-A11,SetB-A11
SetB-A12,SetB-A12
SetB-A13,SetB-A13
SetB-A14,SetB-A14
SetB-A15,SetB-A15
SetB-A16,SetB-A16
SetB-A17,SetB-A17
SetB-A18,SetB-A18
SetB-A19,SetB-A19
SetB-A2,SetB-A2
SetB-A20,SetB-A20
SetB-A21,SetB-A21
SetB-A22,SetB-A22
SetB-A23,SetB-A23
SetB-A24,SetB-A24
SetB-A3,SetB-A3
SetB-A4,SetB-A4
SetB-A5,SetB-A5
SetB-A6,SetB-A6
SetB-A7,SetB-A7
SetB-A8,SetB-A8
SetB-A9,SetB-A9
SetB-B1,SetB-B1
SetB-B10,SetB-B10
SetB-B11,SetB-B11
SetB-B12,SetB-B12
SetB-B13,SetB-B13
SetB-B14,SetB-B14
SetB-B15,SetB-B15
SetB-B16,SetB-B16
SetB-B17,SetB-B17
SetB-B18,SetB-B18
SetB-B19,SetB-B19
SetB-B2,SetB-B2
SetB-B20,SetB-B20
SetB-B21,SetB-B21
SetB-B22,SetB-B22
SetB-B23,SetB-B23
SetB-B24,SetB-B24
SetB-B3,SetB-B3
SetB-B4,SetB-B4
SetB-B5,SetB-B5
SetB-B6,SetB-B6
SetB-B7,SetB-B7
SetB-B8,SetB-B8
SetB-B9,SetB-B9
SetB-C1,SetB-C1
SetB-C10,SetB-C10
SetB-C11,SetB-C11
SetB-C12,SetB-C12
SetB-C13,SetB-C13
SetB-C14,SetB-C14
SetB-C15,SetB-C15
SetB-C16,SetB-C16
SetB-C17,SetB-C17
SetB-C18,SetB-C18
SetB-C19,SetB-C19
SetB-C2,SetB-C2
SetB-C20,SetB-C20
SetB-C21,SetB-C21
SetB-C22,SetB-C22
SetB-C23,SetB-C23
SetB-C24,SetB-C24
SetB-C3,SetB-C3
SetB-C4,SetB-C4
SetB-C5,SetB-C5
SetB-C6,SetB-C6
SetB-C7,SetB-C7
SetB-C8,SetB-C8
SetB-C9,SetB-C9
SetB-D1,SetB-D1
SetB-D10,SetB-D10
SetB-D11,SetB-D11
SetB-D12,SetB-D12
SetB-D13,SetB-D13
SetB-D14,SetB-D14
SetB-D15,SetB-D15
SetB-D16,SetB-D16
SetB-D17,SetB-D17
SetB-D18,SetB-D18
SetB-D19,SetB-D19
SetB-D2,SetB-D2
SetB-D20,SetB-D20
SetB-D21,SetB-D21
SetB-D22,SetB-D22
SetB-D23,SetB-D23
SetB-D24,SetB-D24
SetB-D3,SetB-D3
SetB-D4,SetB-D4
SetB-D5,SetB-D5
SetB-D6,SetB-D6
SetB-D7,SetB-D7
SetB-D8,SetB-D8
SetB-D9,SetB-D9
SetB-E1,SetB-E1
SetB-E10,SetB-E10
SetB-E11,SetB-E11
SetB-E12,SetB-E12
SetB-E13,SetB-E13
SetB-E14,SetB-E14
SetB-E15,SetB-E15
SetB-E16,SetB-E16
SetB-E17,SetB-E17
SetB-E18,SetB-E18
SetB-E19,SetB-E19
SetB-E2,SetB-E2
SetB-E20,SetB-E20
SetB-E21,SetB-E21
SetB-E22,SetB-E22
SetB-E23,SetB-E23
SetB-E24,SetB-E24
SetB-E3,SetB-E3
SetB-E4,SetB-E4
SetB-E5,SetB-E5
SetB-E6,SetB-E6
SetB-E7,SetB-E7
SetB-E8,SetB-E8
SetB-E9,SetB-E9
SetB-F1,SetB-F1
SetB-F10,SetB-F10
SetB-F11,SetB-F11
SetB-F12,SetB-F12
SetB-F13,SetB-F13
SetB-F14,SetB-F14
SetB-F15,SetB-F15
SetB-F16,SetB-F16
SetB-F17,SetB-F17
SetB-F18,SetB-F18
SetB-F19,SetB-F19
SetB-F2,SetB-F2
SetB-F20,SetB-F20
SetB-F21,SetB-F21
SetB-F22,SetB-F22
SetB-F23,SetB-F23
SetB-F24,SetB-F24
SetB-F3,SetB-F3
SetB-F4,SetB-F4
SetB-F5,SetB-F5
SetB-F6,SetB-F6
SetB-F7,SetB-F7
SetB-F8,SetB-F8
SetB-F9,SetB-F9
SetB-G1,SetB-G1
SetB-G10,SetB-G10
SetB-G11,SetB-G11
SetB-G12,SetB-G12
SetB-G13,SetB-G13
SetB-G14,SetB-G14
SetB-G15,SetB-G15
SetB-G16,SetB-G16
SetB-G17,SetB-G17
SetB-G18,SetB-G18
SetB-G19,SetB-G19
SetB-G2,SetB-G2
SetB-G20,SetB-G20
SetB-G21,SetB-G21
SetB-G22,SetB-G22
SetB-G23,SetB-G23
SetB-G24,SetB-G24
SetB-G3,SetB-G3
SetB-G4,SetB-G4
SetB-G5,SetB-G5
SetB-G6,SetB-G6
SetB-G7,SetB-G7
SetB-G8,SetB-G8
SetB-G9,SetB-G9
SetB-H1,SetB-H1
SetB-H10,SetB-H10
SetB-H11,SetB-H11
SetB-H12,SetB-H12
SetB-H13,SetB-H13
SetB-H14,SetB-H14
SetB-H15,SetB-H15
SetB-H16,SetB-H16
SetB-H17,SetB-H17
SetB-H18,SetB-H18
SetB-H19,SetB-H19
SetB-H2,SetB-H2
SetB-H20,SetB-H20
SetB-H21,SetB-H21
SetB-H22,SetB-H22
SetB-H23,SetB-H23
SetB-H24,SetB-H24
SetB-H3,SetB-H3
SetB-H4,SetB-H4
SetB-H5,SetB-H5
SetB-H6,SetB-H6
SetB-H7,SetB-H7
SetB-H8,SetB-H8
SetB-H9,SetB-H9
SetB-I1,SetB-I1
SetB-I10,SetB-I10
SetB-I11,SetB-I11
SetB-I12,SetB-I12
SetB-I13,SetB-I13
SetB-I14,SetB-I14
SetB-I15,SetB-I15
SetB-I16,SetB-I16
SetB-I17,SetB-I17
SetB-I18,SetB-I18
SetB-I19,SetB-I19
SetB-I2,SetB-I2
SetB-I20,SetB-I20
SetB-I21,SetB-I21
SetB-I22,SetB-I22
SetB-I23,SetB-I23
SetB-I24,SetB-I24
SetB-I3,SetB-I3
SetB-I4,SetB-I4
SetB-I5,SetB-I5
SetB-I6,SetB-I6
SetB-I7,SetB-I7
SetB-I8,SetB-I8
IDT_10nt_NXT_1,IDT_10nt_NXT_1
IDT_10nt_NXT_2,IDT_10nt_NXT_2
IDT_10nt_NXT_3,IDT_10nt_NXT_3
IDT_10nt_NXT_4,IDT_10nt_NXT_4
IDT_10nt_NXT_5,IDT_10nt_NXT_5
IDT_10nt_NXT_6,IDT_10nt_NXT_6
IDT_10nt_NXT_7,IDT_10nt_NXT_7
IDT_10nt_NXT_8,IDT_10nt_NXT_8
IDT_10nt_NXT_9,IDT_10nt_NXT_9
IDT_10nt_NXT_10,IDT_10nt_NXT_10
IDT_10nt_NXT_11,IDT_10nt_NXT_11
IDT_10nt_NXT_12,IDT_10nt_NXT_12
IDT_10nt_NXT_13,IDT_10nt_NXT_13
IDT_10nt_NXT_14,IDT_10nt_NXT_14
IDT_10nt_NXT_15,IDT_10nt_NXT_15
IDT_10nt_NXT_16,IDT_10nt_NXT_16
IDT_10nt_NXT_17,IDT_10nt_NXT_17
IDT_10nt_NXT_18,IDT_10nt_NXT_18
IDT_10nt_NXT_19,IDT_10nt_NXT_19
IDT_10nt_NXT_20,IDT_10nt_NXT_20
IDT_10nt_NXT_21,IDT_10nt_NXT_21
IDT_10nt_NXT_22,IDT_10nt_NXT_22
IDT_10nt_NXT_23,IDT_10nt_NXT_23
IDT_10nt_NXT_24,IDT_10nt_NXT_24
IDT_10nt_NXT_25,IDT_10nt_NXT_25
IDT_10nt_NXT_26,IDT_10nt_NXT_26
IDT_10nt_NXT_27,IDT_10nt_NXT_27
IDT_10nt_NXT_28,IDT_10nt_NXT_28
IDT_10nt_NXT_29,IDT_10nt_NXT_29
IDT_10nt_NXT_30,IDT_10nt_NXT_30
IDT_10nt_NXT_31,IDT_10nt_NXT_31
IDT_10nt_NXT_32,IDT_10nt_NXT_32
IDT_10nt_NXT_33,IDT_10nt_NXT_33
IDT_10nt_NXT_34,IDT_10nt_NXT_34
IDT_10nt_NXT_35,IDT_10nt_NXT_35
IDT_10nt_NXT_36,IDT_10nt_NXT_36
IDT_10nt_NXT_37,IDT_10nt_NXT_37
IDT_10nt_NXT_38,IDT_10nt_NXT_38
IDT_10nt_NXT_39,IDT_10nt_NXT_39
IDT_10nt_NXT_40,IDT_10nt_NXT_40
IDT_10nt_NXT_41,IDT_10nt_NXT_41
IDT_10nt_NXT_42,IDT_10nt_NXT_42
IDT_10nt_NXT_43,IDT_10nt_NXT_43
IDT_10nt_NXT_44,IDT_10nt_NXT_44
IDT_10nt_NXT_45,IDT_10nt_NXT_45
IDT_10nt_NXT_46,IDT_10nt_NXT_46
IDT_10nt_NXT_47,IDT_10nt_NXT_47
IDT_10nt_NXT_48,IDT_10nt_NXT_48
IDT_10nt_NXT_49,IDT_10nt_NXT_49
IDT_10nt_NXT_50,IDT_10nt_NXT_50
IDT_10nt_NXT_51,IDT_10nt_NXT_51
IDT_10nt_NXT_52,IDT_10nt_NXT_52
IDT_10nt_NXT_53,IDT_10nt_NXT_53
IDT_10nt_NXT_54,IDT_10nt_NXT_54
IDT_10nt_NXT_55,IDT_10nt_NXT_55
IDT_10nt_NXT_56,IDT_10nt_NXT_56
IDT_10nt_NXT_57,IDT_10nt_NXT_57
IDT_10nt_NXT_58,IDT_10nt_NXT_58
IDT_10nt_NXT_59,IDT_10nt_NXT_59
IDT_10nt_NXT_60,IDT_10nt_NXT_60
IDT_10nt_NXT_61,IDT_10nt_NXT_61
IDT_10nt_NXT_62,IDT_10nt_NXT_62
IDT_10nt_NXT_63,IDT_10nt_NXT_63
IDT_10nt_NXT_64,IDT_10nt_NXT_64
IDT_10nt_NXT_65,IDT_10nt_NXT_65
IDT_10nt_NXT_66,IDT_10nt_NXT_66
IDT_10nt_NXT_67,IDT_10nt_NXT_67
IDT_10nt_NXT_68,IDT_10nt_NXT_68
IDT_10nt_NXT_69,IDT_10nt_NXT_69
IDT_10nt_NXT_70,IDT_10nt_NXT_70
IDT_10nt_NXT_71,IDT_10nt_NXT_71
IDT_10nt_NXT_72,IDT_10nt_NXT_72
IDT_10nt_NXT_73,IDT_10nt_NXT_73
IDT_10nt_NXT_74,IDT_10nt_NXT_74
IDT_10nt_NXT_75,IDT_10nt_NXT_75
IDT_10nt_NXT_76,IDT_10nt_NXT_76
IDT_10nt_NXT_77,IDT_10nt_NXT_77
IDT_10nt_NXT_78,IDT_10nt_NXT_78
IDT_10nt_NXT_79,IDT_10nt_NXT_79
IDT_10nt_NXT_80,IDT_10nt_NXT_80
IDT_10nt_NXT_81,IDT_10nt_NXT_81
IDT_10nt_NXT_82,IDT_10nt_NXT_82
IDT_10nt_NXT_83,IDT_10nt_NXT_83
IDT_10nt_NXT_84,IDT_10nt_NXT_84
IDT_10nt_NXT_85,IDT_10nt_NXT_85
IDT_10nt_NXT_86,IDT_10nt_NXT_86
IDT_10nt_NXT_87,IDT_10nt_NXT_87
IDT_10nt_NXT_88,IDT_10nt_NXT_88
IDT_10nt_NXT_89,IDT_10nt_NXT_89
IDT_10nt_NXT_90,IDT_10nt_NXT_90
IDT_10nt_NXT_91,IDT_10nt_NXT_91
IDT_10nt_NXT_92,IDT_10nt_NXT_92
IDT_10nt_NXT_93,IDT_10nt_NXT_93
IDT_10nt_NXT_94,IDT_10nt_NXT_94
IDT_10nt_NXT_95,IDT_10nt_NXT_95
IDT_10nt_NXT_96,IDT_10nt_NXT_96
IDT_10nt_NXT_97,IDT_10nt_NXT_97
IDT_10nt_NXT_98,IDT_10nt_NXT_98
IDT_10nt_NXT_99,IDT_10nt_NXT_99
IDT_10nt_NXT_100,IDT_10nt_NXT_100
IDT_10nt_NXT_101,IDT_10nt_NXT_101
IDT_10nt_NXT_102,IDT_10nt_NXT_102
IDT_10nt_NXT_103,IDT_10nt_NXT_103
IDT_10nt_NXT_104,IDT_10nt_NXT_104
IDT_10nt_NXT_105,IDT_10nt_NXT_105
IDT_10nt_NXT_106,IDT_10nt_NXT_106
IDT_10nt_NXT_107,IDT_10nt_NXT_107
IDT_10nt_NXT_108,IDT_10nt_NXT_108
IDT_10nt_NXT_109,IDT_10nt_NXT_109
IDT_10nt_NXT_110,IDT_10nt_NXT_110
IDT_10nt_NXT_111,IDT_10nt_NXT_111
IDT_10nt_NXT_112,IDT_10nt_NXT_112
IDT_10nt_NXT_113,IDT_10nt_NXT_113
IDT_10nt_NXT_114,IDT_10nt_NXT_114
IDT_10nt_NXT_115,IDT_10nt_NXT_115
IDT_10nt_NXT_116,IDT_10nt_NXT_116
IDT_10nt_NXT_117,IDT_10nt_NXT_117
IDT_10nt_NXT_118,IDT_10nt_NXT_118
IDT_10nt_NXT_119,IDT_10nt_NXT_119
IDT_10nt_NXT_120,IDT_10nt_NXT_120
IDT_10nt_NXT_121,IDT_10nt_NXT_121
IDT_10nt_NXT_122,IDT_10nt_NXT_122
IDT_10nt_NXT_123,IDT_10nt_NXT_123
IDT_10nt_NXT_124,IDT_10nt_NXT_124
IDT_10nt_NXT_125,IDT_10nt_NXT_125
IDT_10nt_NXT_126,IDT_10nt_NXT_126
IDT_10nt_NXT_127,IDT_10nt_NXT_127
IDT_10nt_NXT_128,IDT_10nt_NXT_128
IDT_10nt_NXT_129,IDT_10nt_NXT_129
IDT_10nt_NXT_130,IDT_10nt_NXT_130
IDT_10nt_NXT_131,IDT_10nt_NXT_131
IDT_10nt_NXT_132,IDT_10nt_NXT_132
IDT_10nt_NXT_133,IDT_10nt_NXT_133
IDT_10nt_NXT_134,IDT_10nt_NXT_134
IDT_10nt_NXT_135,IDT_10nt_NXT_135
IDT_10nt_NXT_136,IDT_10nt_NXT_136
IDT_10nt_NXT_137,IDT_10nt_NXT_137
IDT_10nt_NXT_138,IDT_10nt_NXT_138
IDT_10nt_NXT_139,IDT_10nt_NXT_139
IDT_10nt_NXT_140,IDT_10nt_NXT_140
IDT_10nt_NXT_141,IDT_10nt_NXT_141
IDT_10nt_NXT_142,IDT_10nt_NXT_142
IDT_10nt_NXT_143,IDT_10nt_NXT_143
IDT_10nt_NXT_144,IDT_10nt_NXT_144
IDT_10nt_NXT_145,IDT_10nt_NXT_145
IDT_10nt_NXT_146,IDT_10nt_NXT_146
IDT_10nt_NXT_147,IDT_10nt_NXT_147
IDT_10nt_NXT_148,IDT_10nt_NXT_148
IDT_10nt_NXT_149,IDT_10nt_NXT_149
IDT_10nt_NXT_150,IDT_10nt_NXT_150
IDT_10nt_NXT_151,IDT_10nt_NXT_151
IDT_10nt_NXT_152,IDT_10nt_NXT_152
IDT_10nt_NXT_153,IDT_10nt_NXT_153
IDT_10nt_NXT_154,IDT_10nt_NXT_154
IDT_10nt_NXT_155,IDT_10nt_NXT_155
IDT_10nt_NXT_156,IDT_10nt_NXT_156
IDT_10nt_NXT_157,IDT_10nt_NXT_157
IDT_10nt_NXT_158,IDT_10nt_NXT_158
IDT_10nt_NXT_159,IDT_10nt_NXT_159
IDT_10nt_NXT_160,IDT_10nt_NXT_160
IDT_10nt_NXT_161,IDT_10nt_NXT_161
IDT_10nt_NXT_162,IDT_10nt_NXT_162
IDT_10nt_NXT_163,IDT_10nt_NXT_163
IDT_10nt_NXT_164,IDT_10nt_NXT_164
IDT_10nt_NXT_165,IDT_10nt_NXT_165
IDT_10nt_NXT_166,IDT_10nt_NXT_166
IDT_10nt_NXT_167,IDT_10nt_NXT_167
IDT_10nt_NXT_168,IDT_10nt_NXT_168
IDT_10nt_NXT_169,IDT_10nt_NXT_169
IDT_10nt_NXT_170,IDT_10nt_NXT_170
IDT_10nt_NXT_171,IDT_10nt_NXT_171
IDT_10nt_NXT_172,IDT_10nt_NXT_172
IDT_10nt_NXT_173,IDT_10nt_NXT_173
IDT_10nt_NXT_174,IDT_10nt_NXT_174
IDT_10nt_NXT_175,IDT_10nt_NXT_175
IDT_10nt_NXT_176,IDT_10nt_NXT_176
IDT_10nt_NXT_177,IDT_10nt_NXT_177
IDT_10nt_NXT_178,IDT_10nt_NXT_178
IDT_10nt_NXT_179,IDT_10nt_NXT_179
IDT_10nt_NXT_180,IDT_10nt_NXT_180
IDT_10nt_NXT_181,IDT_10nt_NXT_181
IDT_10nt_NXT_182,IDT_10nt_NXT_182
IDT_10nt_NXT_183,IDT_10nt_NXT_183
IDT_10nt_NXT_184,IDT_10nt_NXT_184
IDT_10nt_NXT_185,IDT_10nt_NXT_185
IDT_10nt_NXT_186,IDT_10nt_NXT_186
IDT_10nt_NXT_187,IDT_10nt_NXT_187
IDT_10nt_NXT_188,IDT_10nt_NXT_188
IDT_10nt_NXT_189,IDT_10nt_NXT_189
IDT_10nt_NXT_190,IDT_10nt_NXT_190
IDT_10nt_NXT_191,IDT_10nt_NXT_191
IDT_10nt_NXT_192,IDT_10nt_NXT_192
IDT_10nt_NXT_193,IDT_10nt_NXT_193
IDT_10nt_NXT_194,IDT_10nt_NXT_194
IDT_10nt_NXT_195,IDT_10nt_NXT_195
IDT_10nt_NXT_196,IDT_10nt_NXT_196
IDT_10nt_NXT_197,IDT_10nt_NXT_197
IDT_10nt_NXT_198,IDT_10nt_NXT_198
IDT_10nt_NXT_199,IDT_10nt_NXT_199
IDT_10nt_NXT_200,IDT_10nt_NXT_200
IDT_10nt_NXT_201,IDT_10nt_NXT_201
IDT_10nt_NXT_202,IDT_10nt_NXT_202
IDT_10nt_NXT_203,IDT_10nt_NXT_203
IDT_10nt_NXT_204,IDT_10nt_NXT_204
IDT_10nt_NXT_205,IDT_10nt_NXT_205
IDT_10nt_NXT_206,IDT_10nt_NXT_206
IDT_10nt_NXT_207,IDT_10nt_NXT_207
IDT_10nt_NXT_208,IDT_10nt_NXT_208
IDT_10nt_NXT_209,IDT_10nt_NXT_209
IDT_10nt_NXT_210,IDT_10nt_NXT_210
IDT_10nt_NXT_211,IDT_10nt_NXT_211
IDT_10nt_NXT_212,IDT_10nt_NXT_212
IDT_10nt_NXT_213,IDT_10nt_NXT_213
IDT_10nt_NXT_214,IDT_10nt_NXT_214
IDT_10nt_NXT_215,IDT_10nt_NXT_215
IDT_10nt_NXT_216,IDT_10nt_NXT_216
IDT_10nt_NXT_217,IDT_10nt_NXT_217
IDT_10nt_NXT_218,IDT_10nt_NXT_218
IDT_10nt_NXT_219,IDT_10nt_NXT_219
IDT_10nt_NXT_220,IDT_10nt_NXT_220
IDT_10nt_NXT_221,IDT_10nt_NXT_221
IDT_10nt_NXT_222,IDT_10nt_NXT_222
IDT_10nt_NXT_223,IDT_10nt_NXT_223
IDT_10nt_NXT_224,IDT_10nt_NXT_224
IDT_10nt_NXT_225,IDT_10nt_NXT_225
IDT_10nt_NXT_226,IDT_10nt_NXT_226
IDT_10nt_NXT_227,IDT_10nt_NXT_227
IDT_10nt_NXT_228,IDT_10nt_NXT_228
IDT_10nt_NXT_229,IDT_10nt_NXT_229
IDT_10nt_NXT_230,IDT_10nt_NXT_230
IDT_10nt_NXT_231,IDT_10nt_NXT_231
IDT_10nt_NXT_232,IDT_10nt_NXT_232
IDT_10nt_NXT_233,IDT_10nt_NXT_233
IDT_10nt_NXT_234,IDT_10nt_NXT_234
IDT_10nt_NXT_235,IDT_10nt_NXT_235
IDT_10nt_NXT_236,IDT_10nt_NXT_236
IDT_10nt_NXT_237,IDT_10nt_NXT_237
IDT_10nt_NXT_238,IDT_10nt_NXT_238
IDT_10nt_NXT_239,IDT_10nt_NXT_239
IDT_10nt_NXT_240,IDT_10nt_NXT_240
IDT_10nt_NXT_241,IDT_10nt_NXT_241
IDT_10nt_NXT_242,IDT_10nt_NXT_242
IDT_10nt_NXT_243,IDT_10nt_NXT_243
IDT_10nt_NXT_244,IDT_10nt_NXT_244
IDT_10nt_NXT_245,IDT_10nt_NXT_245
IDT_10nt_NXT_246,IDT_10nt_NXT_246
IDT_10nt_NXT_247,IDT_10nt_NXT_247
IDT_10nt_NXT_248,IDT_10nt_NXT_248
IDT_10nt_NXT_249,IDT_10nt_NXT_249
IDT_10nt_NXT_250,IDT_10nt_NXT_250
IDT_10nt_NXT_251,IDT_10nt_NXT_251
IDT_10nt_NXT_252,IDT_10nt_NXT_252
IDT_10nt_NXT_253,IDT_10nt_NXT_253
IDT_10nt_NXT_254,IDT_10nt_NXT_254
IDT_10nt_NXT_255,IDT_10nt_NXT_255
IDT_10nt_NXT_256,IDT_10nt_NXT_256
IDT_10nt_NXT_257,IDT_10nt_NXT_257
IDT_10nt_NXT_258,IDT_10nt_NXT_258
IDT_10nt_NXT_259,IDT_10nt_NXT_259
IDT_10nt_NXT_260,IDT_10nt_NXT_260
IDT_10nt_NXT_261,IDT_10nt_NXT_261
IDT_10nt_NXT_262,IDT_10nt_NXT_262
IDT_10nt_NXT_263,IDT_10nt_NXT_263
IDT_10nt_NXT_264,IDT_10nt_NXT_264
IDT_10nt_NXT_265,IDT_10nt_NXT_265
IDT_10nt_NXT_266,IDT_10nt_NXT_266
IDT_10nt_NXT_267,IDT_10nt_NXT_267
IDT_10nt_NXT_268,IDT_10nt_NXT_268
IDT_10nt_NXT_269,IDT_10nt_NXT_269
IDT_10nt_NXT_270,IDT_10nt_NXT_270
IDT_10nt_NXT_271,IDT_10nt_NXT_271
IDT_10nt_NXT_272,IDT_10nt_NXT_272
IDT_10nt_NXT_273,IDT_10nt_NXT_273
IDT_10nt_NXT_274,IDT_10nt_NXT_274
IDT_10nt_NXT_275,IDT_10nt_NXT_275
IDT_10nt_NXT_276,IDT_10nt_NXT_276
IDT_10nt_NXT_277,IDT_10nt_NXT_277
IDT_10nt_NXT_278,IDT_10nt_NXT_278
IDT_10nt_NXT_279,IDT_10nt_NXT_279
IDT_10nt_NXT_280,IDT_10nt_NXT_280
IDT_10nt_NXT_281,IDT_10nt_NXT_281
IDT_10nt_NXT_282,IDT_10nt_NXT_282
IDT_10nt_NXT_283,IDT_10nt_NXT_283
IDT_10nt_NXT_284,IDT_10nt_NXT_284
IDT_10nt_NXT_285,IDT_10nt_NXT_285
IDT_10nt_NXT_286,IDT_10nt_NXT_286
IDT_10nt_NXT_287,IDT_10nt_NXT_287
IDT_10nt_NXT_288,IDT_10nt_NXT_288
IDT_10nt_NXT_289,IDT_10nt_NXT_289
IDT_10nt_NXT_290,IDT_10nt_NXT_290
IDT_10nt_NXT_291,IDT_10nt_NXT_291
IDT_10nt_NXT_292,IDT_10nt_NXT_292
IDT_10nt_NXT_293,IDT_10nt_NXT_293
IDT_10nt_NXT_294,IDT_10nt_NXT_294
IDT_10nt_NXT_295,IDT_10nt_NXT_295
IDT_10nt_NXT_296,IDT_10nt_NXT_296
IDT_10nt_NXT_297,IDT_10nt_NXT_297
IDT_10nt_NXT_298,IDT_10nt_NXT_298
IDT_10nt_NXT_299,IDT_10nt_NXT_299
IDT_10nt_NXT_300,IDT_10nt_NXT_300
IDT_10nt_NXT_301,IDT_10nt_NXT_301
IDT_10nt_NXT_302,IDT_10nt_NXT_302
IDT_10nt_NXT_303,IDT_10nt_NXT_303
IDT_10nt_NXT_304,IDT_10nt_NXT_304
IDT_10nt_NXT_305,IDT_10nt_NXT_305
IDT_10nt_NXT_306,IDT_10nt_NXT_306
IDT_10nt_NXT_307,IDT_10nt_NXT_307
IDT_10nt_NXT_308,IDT_10nt_NXT_308
IDT_10nt_NXT_309,IDT_10nt_NXT_309
IDT_10nt_NXT_310,IDT_10nt_NXT_310
IDT_10nt_NXT_311,IDT_10nt_NXT_311
IDT_10nt_NXT_312,IDT_10nt_NXT_312
IDT_10nt_NXT_313,IDT_10nt_NXT_313
IDT_10nt_NXT_314,IDT_10nt_NXT_314
IDT_10nt_NXT_315,IDT_10nt_NXT_315
IDT_10nt_NXT_316,IDT_10nt_NXT_316
IDT_10nt_NXT_317,IDT_10nt_NXT_317
IDT_10nt_NXT_318,IDT_10nt_NXT_318
IDT_10nt_NXT_319,IDT_10nt_NXT_319
IDT_10nt_NXT_320,IDT_10nt_NXT_320
IDT_10nt_NXT_321,IDT_10nt_NXT_321
IDT_10nt_NXT_322,IDT_10nt_NXT_322
IDT_10nt_NXT_323,IDT_10nt_NXT_323
IDT_10nt_NXT_324,IDT_10nt_NXT_324
IDT_10nt_NXT_325,IDT_10nt_NXT_325
IDT_10nt_NXT_326,IDT_10nt_NXT_326
IDT_10nt_NXT_327,IDT_10nt_NXT_327
IDT_10nt_NXT_328,IDT_10nt_NXT_328
IDT_10nt_NXT_329,IDT_10nt_NXT_329
IDT_10nt_NXT_330,IDT_10nt_NXT_330
IDT_10nt_NXT_331,IDT_10nt_NXT_331
IDT_10nt_NXT_332,IDT_10nt_NXT_332
IDT_10nt_NXT_333,IDT_10nt_NXT_333
IDT_10nt_NXT_334,IDT_10nt_NXT_334
IDT_10nt_NXT_335,IDT_10nt_NXT_335
IDT_10nt_NXT_336,IDT_10nt_NXT_336
IDT_10nt_NXT_337,IDT_10nt_NXT_337
IDT_10nt_NXT_338,IDT_10nt_NXT_338
IDT_10nt_NXT_339,IDT_10nt_NXT_339
IDT_10nt_NXT_340,IDT_10nt_NXT_340
IDT_10nt_NXT_341,IDT_10nt_NXT_341
IDT_10nt_NXT_342,IDT_10nt_NXT_342
IDT_10nt_NXT_343,IDT_10nt_NXT_343
IDT_10nt_NXT_344,IDT_10nt_NXT_344
IDT_10nt_NXT_345,IDT_10nt_NXT_345
IDT_10nt_NXT_346,IDT_10nt_NXT_346
IDT_10nt_NXT_347,IDT_10nt_NXT_347
IDT_10nt_NXT_348,IDT_10nt_NXT_348
IDT_10nt_NXT_349,IDT_10nt_NXT_349
IDT_10nt_NXT_350,IDT_10nt_NXT_350
IDT_10nt_NXT_351,IDT_10nt_NXT_351
IDT_10nt_NXT_352,IDT_10nt_NXT_352
IDT_10nt_NXT_353,IDT_10nt_NXT_353
IDT_10nt_NXT_354,IDT_10nt_NXT_354
IDT_10nt_NXT_355,IDT_10nt_NXT_355
IDT_10nt_NXT_356,IDT_10nt_NXT_356
IDT_10nt_NXT_357,IDT_10nt_NXT_357
IDT_10nt_NXT_358,IDT_10nt_NXT_358
IDT_10nt_NXT_359,IDT_10nt_NXT_359
IDT_10nt_NXT_360,IDT_10nt_NXT_360
IDT_10nt_NXT_361,IDT_10nt_NXT_361
IDT_10nt_NXT_362,IDT_10nt_NXT_362
IDT_10nt_NXT_363,IDT_10nt_NXT_363
IDT_10nt_NXT_364,IDT_10nt_NXT_364
IDT_10nt_NXT_365,IDT_10nt_NXT_365
IDT_10nt_NXT_366,IDT_10nt_NXT_366
IDT_10nt_NXT_367,IDT_10nt_NXT_367
IDT_10nt_NXT_368,IDT_10nt_NXT_368
IDT_10nt_NXT_369,IDT_10nt_NXT_369
IDT_10nt_NXT_370,IDT_10nt_NXT_370
IDT_10nt_NXT_371,IDT_10nt_NXT_371
IDT_10nt_NXT_372,IDT_10nt_NXT_372
IDT_10nt_NXT_373,IDT_10nt_NXT_373
IDT_10nt_NXT_374,IDT_10nt_NXT_374
IDT_10nt_NXT_375,IDT_10nt_NXT_375
IDT_10nt_NXT_376,IDT_10nt_NXT_376
IDT_10nt_NXT_377,IDT_10nt_NXT_377
IDT_10nt_NXT_378,IDT_10nt_NXT_378
IDT_10nt_NXT_379,IDT_10nt_NXT_379
IDT_10nt_NXT_380,IDT_10nt_NXT_380
IDT_10nt_NXT_381,IDT_10nt_NXT_381
IDT_10nt_NXT_382,IDT_10nt_NXT_382
IDT_10nt_NXT_383,IDT_10nt_NXT_383
IDT_10nt_NXT_384,IDT_10nt_NXT_384
IDT_10nt_NXT_385,IDT_10nt_NXT_385
IDT_10nt_NXT_386,IDT_10nt_NXT_386
IDT_10nt_NXT_387,IDT_10nt_NXT_387
IDT_10nt_NXT_388,IDT_10nt_NXT_388
IDT_10nt_NXT_389,IDT_10nt_NXT_389
IDT_10nt_NXT_390,IDT_10nt_NXT_390
IDT_10nt_NXT_391,IDT_10nt_NXT_391
IDT_10nt_NXT_392,IDT_10nt_NXT_392
IDT_10nt_NXT_393,IDT_10nt_NXT_393
IDT_10nt_NXT_394,IDT_10nt_NXT_394
IDT_10nt_NXT_395,IDT_10nt_NXT_395
IDT_10nt_NXT_396,IDT_10nt_NXT_396
IDT_10nt_NXT_397,IDT_10nt_NXT_397
IDT_10nt_NXT_398,IDT_10nt_NXT_398
IDT_10nt_NXT_399,IDT_10nt_NXT_399
IDT_10nt_NXT_400,IDT_10nt_NXT_400
IDT_10nt_NXT_401,IDT_10nt_NXT_401
IDT_10nt_NXT_402,IDT_10nt_NXT_402
IDT_10nt_NXT_403,IDT_10nt_NXT_403
IDT_10nt_NXT_404,IDT_10nt_NXT_404
IDT_10nt_NXT_405,IDT_10nt_NXT_405
IDT_10nt_NXT_406,IDT_10nt_NXT_406
IDT_10nt_NXT_407,IDT_10nt_NXT_407
IDT_10nt_NXT_408,IDT_10nt_NXT_408
IDT_10nt_NXT_409,IDT_10nt_NXT_409
IDT_10nt_NXT_410,IDT_10nt_NXT_410
IDT_10nt_NXT_411,IDT_10nt_NXT_411
IDT_10nt_NXT_412,IDT_10nt_NXT_412
IDT_10nt_NXT_413,IDT_10nt_NXT_413
IDT_10nt_NXT_414,IDT_10nt_NXT_414
IDT_10nt_NXT_415,IDT_10nt_NXT_415
IDT_10nt_NXT_416,IDT_10nt_NXT_416
IDT_10nt_NXT_417,IDT_10nt_NXT_417
IDT_10nt_NXT_418,IDT_10nt_NXT_418
IDT_10nt_NXT_419,IDT_10nt_NXT_419
IDT_10nt_NXT_420,IDT_10nt_NXT_420
IDT_10nt_NXT_421,IDT_10nt_NXT_421
IDT_10nt_NXT_422,IDT_10nt_NXT_422
IDT_10nt_NXT_423,IDT_10nt_NXT_423
IDT_10nt_NXT_424,IDT_10nt_NXT_424
IDT_10nt_NXT_425,IDT_10nt_NXT_425
IDT_10nt_NXT_426,IDT_10nt_NXT_426
IDT_10nt_NXT_427,IDT_10nt_NXT_427
IDT_10nt_NXT_428,IDT_10nt_NXT_428
IDT_10nt_NXT_429,IDT_10nt_NXT_429
IDT_10nt_NXT_430,IDT_10nt_NXT_430
IDT_10nt_NXT_431,IDT_10nt_NXT_431
IDT_10nt_NXT_432,IDT_10nt_NXT_432
IDT_10nt_NXT_433,IDT_10nt_NXT_433
IDT_10nt_NXT_434,IDT_10nt_NXT_434
IDT_10nt_NXT_435,IDT_10nt_NXT_435
IDT_10nt_NXT_436,IDT_10nt_NXT_436
IDT_10nt_NXT_437,IDT_10nt_NXT_437
IDT_10nt_NXT_438,IDT_10nt_NXT_438
IDT_10nt_NXT_439,IDT_10nt_NXT_439
IDT_10nt_NXT_440,IDT_10nt_NXT_440
IDT_10nt_NXT_441,IDT_10nt_NXT_441
IDT_10nt_NXT_442,IDT_10nt_NXT_442
IDT_10nt_NXT_443,IDT_10nt_NXT_443
IDT_10nt_NXT_444,IDT_10nt_NXT_444
IDT_10nt_NXT_445,IDT_10nt_NXT_445
IDT_10nt_NXT_446,IDT_10nt_NXT_446
IDT_10nt_NXT_447,IDT_10nt_NXT_447
IDT_10nt_NXT_448,IDT_10nt_NXT_448
IDT_10nt_NXT_449,IDT_10nt_NXT_449
IDT_10nt_NXT_450,IDT_10nt_NXT_450
IDT_10nt_NXT_451,IDT_10nt_NXT_451
IDT_10nt_NXT_452,IDT_10nt_NXT_452
IDT_10nt_NXT_453,IDT_10nt_NXT_453
IDT_10nt_NXT_454,IDT_10nt_NXT_454
IDT_10nt_NXT_455,IDT_10nt_NXT_455
IDT_10nt_NXT_456,IDT_10nt_NXT_456
IDT_10nt_NXT_457,IDT_10nt_NXT_457
IDT_10nt_NXT_458,IDT_10nt_NXT_458
IDT_10nt_NXT_459,IDT_10nt_NXT_459
IDT_10nt_NXT_460,IDT_10nt_NXT_460
IDT_10nt_NXT_461,IDT_10nt_NXT_461
IDT_10nt_NXT_462,IDT_10nt_NXT_462
IDT_10nt_NXT_463,IDT_10nt_NXT_463
IDT_10nt_NXT_464,IDT_10nt_NXT_464
IDT_10nt_NXT_465,IDT_10nt_NXT_465
IDT_10nt_NXT_466,IDT_10nt_NXT_466
IDT_10nt_NXT_467,IDT_10nt_NXT_467
IDT_10nt_NXT_468,IDT_10nt_NXT_468
IDT_10nt_NXT_469,IDT_10nt_NXT_469
IDT_10nt_NXT_470,IDT_10nt_NXT_470
IDT_10nt_NXT_471,IDT_10nt_NXT_471
IDT_10nt_NXT_472,IDT_10nt_NXT_472
IDT_10nt_NXT_473,IDT_10nt_NXT_473
IDT_10nt_NXT_474,IDT_10nt_NXT_474
IDT_10nt_NXT_475,IDT_10nt_NXT_475
IDT_10nt_NXT_476,IDT_10nt_NXT_476
IDT_10nt_NXT_477,IDT_10nt_NXT_477
IDT_10nt_NXT_478,IDT_10nt_NXT_478
IDT_10nt_NXT_479,IDT_10nt_NXT_479
IDT_10nt_NXT_480,IDT_10nt_NXT_480
IDT_10nt_NXT_481,IDT_10nt_NXT_481
IDT_10nt_NXT_482,IDT_10nt_NXT_482
IDT_10nt_NXT_483,IDT_10nt_NXT_483
IDT_10nt_NXT_484,IDT_10nt_NXT_484
IDT_10nt_NXT_485,IDT_10nt_NXT_485
IDT_10nt_NXT_486,IDT_10nt_NXT_486
IDT_10nt_NXT_487,IDT_10nt_NXT_487
IDT_10nt_NXT_488,IDT_10nt_NXT_488
IDT_10nt_NXT_489,IDT_10nt_NXT_489
IDT_10nt_NXT_490,IDT_10nt_NXT_490
IDT_10nt_NXT_491,IDT_10nt_NXT_491
IDT_10nt_NXT_492,IDT_10nt_NXT_492
IDT_10nt_NXT_493,IDT_10nt_NXT_493
IDT_10nt_NXT_494,IDT_10nt_NXT_494
IDT_10nt_NXT_495,IDT_10nt_NXT_495
IDT_10nt_NXT_496,IDT_10nt_NXT_496
IDT_10nt_NXT_497,IDT_10nt_NXT_497
IDT_10nt_NXT_498,IDT_10nt_NXT_498
IDT_10nt_NXT_499,IDT_10nt_NXT_499
IDT_10nt_NXT_500,IDT_10nt_NXT_500
IDT_10nt_NXT_501,IDT_10nt_NXT_501
IDT_10nt_NXT_502,IDT_10nt_NXT_502
IDT_10nt_NXT_503,IDT_10nt_NXT_503
IDT_10nt_NXT_504,IDT_10nt_NXT_504
IDT_10nt_NXT_505,IDT_10nt_NXT_505
IDT_10nt_NXT_506,IDT_10nt_NXT_506
IDT_10nt_NXT_507,IDT_10nt_NXT_507
IDT_10nt_NXT_508,IDT_10nt_NXT_508
IDT_10nt_NXT_509,IDT_10nt_NXT_509
IDT_10nt_NXT_510,IDT_10nt_NXT_510
IDT_10nt_NXT_511,IDT_10nt_NXT_511
IDT_10nt_NXT_512,IDT_10nt_NXT_512
IDT_10nt_NXT_513,IDT_10nt_NXT_513
IDT_10nt_NXT_514,IDT_10nt_NXT_514
IDT_10nt_NXT_515,IDT_10nt_NXT_515
IDT_10nt_NXT_516,IDT_10nt_NXT_516
IDT_10nt_NXT_517,IDT_10nt_NXT_517
IDT_10nt_NXT_518,IDT_10nt_NXT_518
IDT_10nt_NXT_519,IDT_10nt_NXT_519
IDT_10nt_NXT_520,IDT_10nt_NXT_520
IDT_10nt_NXT_521,IDT_10nt_NXT_521
IDT_10nt_NXT_522,IDT_10nt_NXT_522
IDT_10nt_NXT_523,IDT_10nt_NXT_523
IDT_10nt_NXT_524,IDT_10nt_NXT_524
IDT_10nt_NXT_525,IDT_10nt_NXT_525
IDT_10nt_NXT_526,IDT_10nt_NXT_526
IDT_10nt_NXT_527,IDT_10nt_NXT_527
IDT_10nt_NXT_528,IDT_10nt_NXT_528
IDT_10nt_NXT_529,IDT_10nt_NXT_529
IDT_10nt_NXT_530,IDT_10nt_NXT_530
IDT_10nt_NXT_531,IDT_10nt_NXT_531
IDT_10nt_NXT_532,IDT_10nt_NXT_532
IDT_10nt_NXT_533,IDT_10nt_NXT_533
IDT_10nt_NXT_534,IDT_10nt_NXT_534
IDT_10nt_NXT_535,IDT_10nt_NXT_535
IDT_10nt_NXT_536,IDT_10nt_NXT_536
IDT_10nt_NXT_537,IDT_10nt_NXT_537
IDT_10nt_NXT_538,IDT_10nt_NXT_538
IDT_10nt_NXT_539,IDT_10nt_NXT_539
IDT_10nt_NXT_540,IDT_10nt_NXT_540
IDT_10nt_NXT_541,IDT_10nt_NXT_541
IDT_10nt_NXT_542,IDT_10nt_NXT_542
IDT_10nt_NXT_543,IDT_10nt_NXT_543
IDT_10nt_NXT_544,IDT_10nt_NXT_544
IDT_10nt_NXT_545,IDT_10nt_NXT_545
IDT_10nt_NXT_546,IDT_10nt_NXT_546
IDT_10nt_NXT_547,IDT_10nt_NXT_547
IDT_10nt_NXT_548,IDT_10nt_NXT_548
IDT_10nt_NXT_549,IDT_10nt_NXT_549
IDT_10nt_NXT_550,IDT_10nt_NXT_550
IDT_10nt_NXT_551,IDT_10nt_NXT_551
IDT_10nt_NXT_552,IDT_10nt_NXT_552
IDT_10nt_NXT_553,IDT_10nt_NXT_553
IDT_10nt_NXT_554,IDT_10nt_NXT_554
IDT_10nt_NXT_555,IDT_10nt_NXT_555
IDT_10nt_NXT_556,IDT_10nt_NXT_556
IDT_10nt_NXT_557,IDT_10nt_NXT_557
IDT_10nt_NXT_558,IDT_10nt_NXT_558
IDT_10nt_NXT_559,IDT_10nt_NXT_559
IDT_10nt_NXT_560,IDT_10nt_NXT_560
IDT_10nt_NXT_561,IDT_10nt_NXT_561
IDT_10nt_NXT_562,IDT_10nt_NXT_562
IDT_10nt_NXT_563,IDT_10nt_NXT_563
IDT_10nt_NXT_564,IDT_10nt_NXT_564
IDT_10nt_NXT_565,IDT_10nt_NXT_565
IDT_10nt_NXT_566,IDT_10nt_NXT_566
IDT_10nt_NXT_567,IDT_10nt_NXT_567
IDT_10nt_NXT_568,IDT_10nt_NXT_568
IDT_10nt_NXT_569,IDT_10nt_NXT_569
IDT_10nt_NXT_570,IDT_10nt_NXT_570
IDT_10nt_NXT_571,IDT_10nt_NXT_571
IDT_10nt_NXT_572,IDT_10nt_NXT_572
IDT_10nt_NXT_573,IDT_10nt_NXT_573
IDT_10nt_NXT_574,IDT_10nt_NXT_574
IDT_10nt_NXT_575,IDT_10nt_NXT_575
IDT_10nt_NXT_576,IDT_10nt_NXT_576
IDT_10nt_NXT_577,IDT_10nt_NXT_577
IDT_10nt_NXT_578,IDT_10nt_NXT_578
IDT_10nt_NXT_579,IDT_10nt_NXT_579
IDT_10nt_NXT_580,IDT_10nt_NXT_580
IDT_10nt_NXT_581,IDT_10nt_NXT_581
IDT_10nt_NXT_582,IDT_10nt_NXT_582
IDT_10nt_NXT_583,IDT_10nt_NXT_583
IDT_10nt_NXT_584,IDT_10nt_NXT_584
IDT_10nt_NXT_585,IDT_10nt_NXT_585
IDT_10nt_NXT_586,IDT_10nt_NXT_586
IDT_10nt_NXT_587,IDT_10nt_NXT_587
IDT_10nt_NXT_588,IDT_10nt_NXT_588
IDT_10nt_NXT_589,IDT_10nt_NXT_589
IDT_10nt_NXT_590,IDT_10nt_NXT_590
IDT_10nt_NXT_591,IDT_10nt_NXT_591
IDT_10nt_NXT_592,IDT_10nt_NXT_592
IDT_10nt_NXT_593,IDT_10nt_NXT_593
IDT_10nt_NXT_594,IDT_10nt_NXT_594
IDT_10nt_NXT_595,IDT_10nt_NXT_595
IDT_10nt_NXT_596,IDT_10nt_NXT_596
IDT_10nt_NXT_597,IDT_10nt_NXT_597
IDT_10nt_NXT_598,IDT_10nt_NXT_598
IDT_10nt_NXT_599,IDT_10nt_NXT_599
IDT_10nt_NXT_600,IDT_10nt_NXT_600
IDT_10nt_NXT_601,IDT_10nt_NXT_601
IDT_10nt_NXT_602,IDT_10nt_NXT_602
IDT_10nt_NXT_603,IDT_10nt_NXT_603
IDT_10nt_NXT_604,IDT_10nt_NXT_604
IDT_10nt_NXT_605,IDT_10nt_NXT_605
IDT_10nt_NXT_606,IDT_10nt_NXT_606
IDT_10nt_NXT_607,IDT_10nt_NXT_607
IDT_10nt_NXT_608,IDT_10nt_NXT_608
IDT_10nt_NXT_609,IDT_10nt_NXT_609
IDT_10nt_NXT_610,IDT_10nt_NXT_610
IDT_10nt_NXT_611,IDT_10nt_NXT_611
IDT_10nt_NXT_612,IDT_10nt_NXT_612
IDT_10nt_NXT_613,IDT_10nt_NXT_613
IDT_10nt_NXT_614,IDT_10nt_NXT_614
IDT_10nt_NXT_615,IDT_10nt_NXT_615
IDT_10nt_NXT_616,IDT_10nt_NXT_616
IDT_10nt_NXT_617,IDT_10nt_NXT_617
IDT_10nt_NXT_618,IDT_10nt_NXT_618
IDT_10nt_NXT_619,IDT_10nt_NXT_619
IDT_10nt_NXT_620,IDT_10nt_NXT_620
IDT_10nt_NXT_621,IDT_10nt_NXT_621
IDT_10nt_NXT_622,IDT_10nt_NXT_622
IDT_10nt_NXT_623,IDT_10nt_NXT_623
IDT_10nt_NXT_624,IDT_10nt_NXT_624
IDT_10nt_NXT_625,IDT_10nt_NXT_625
IDT_10nt_NXT_626,IDT_10nt_NXT_626
IDT_10nt_NXT_627,IDT_10nt_NXT_627
IDT_10nt_NXT_628,IDT_10nt_NXT_628
IDT_10nt_NXT_629,IDT_10nt_NXT_629
IDT_10nt_NXT_630,IDT_10nt_NXT_630
IDT_10nt_NXT_631,IDT_10nt_NXT_631
IDT_10nt_NXT_632,IDT_10nt_NXT_632
IDT_10nt_NXT_633,IDT_10nt_NXT_633
IDT_10nt_NXT_634,IDT_10nt_NXT_634
IDT_10nt_NXT_635,IDT_10nt_NXT_635
IDT_10nt_NXT_636,IDT_10nt_NXT_636
IDT_10nt_NXT_637,IDT_10nt_NXT_637
IDT_10nt_NXT_638,IDT_10nt_NXT_638
IDT_10nt_NXT_639,IDT_10nt_NXT_639
IDT_10nt_NXT_640,IDT_10nt_NXT_640
IDT_10nt_NXT_641,IDT_10nt_NXT_641
IDT_10nt_NXT_642,IDT_10nt_NXT_642
IDT_10nt_NXT_643,IDT_10nt_NXT_643
IDT_10nt_NXT_644,IDT_10nt_NXT_644
IDT_10nt_NXT_645,IDT_10nt_NXT_645
IDT_10nt_NXT_646,IDT_10nt_NXT_646
IDT_10nt_NXT_647,IDT_10nt_NXT_647
IDT_10nt_NXT_648,IDT_10nt_NXT_648
IDT_10nt_NXT_649,IDT_10nt_NXT_649
IDT_10nt_NXT_650,IDT_10nt_NXT_650
IDT_10nt_NXT_651,IDT_10nt_NXT_651
IDT_10nt_NXT_652,IDT_10nt_NXT_652
IDT_10nt_NXT_653,IDT_10nt_NXT_653
IDT_10nt_NXT_654,IDT_10nt_NXT_654
IDT_10nt_NXT_655,IDT_10nt_NXT_655
IDT_10nt_NXT_656,IDT_10nt_NXT_656
IDT_10nt_NXT_657,IDT_10nt_NXT_657
IDT_10nt_NXT_658,IDT_10nt_NXT_658
IDT_10nt_NXT_659,IDT_10nt_NXT_659
IDT_10nt_NXT_660,IDT_10nt_NXT_660
IDT_10nt_NXT_661,IDT_10nt_NXT_661
IDT_10nt_NXT_662,IDT_10nt_NXT_662
IDT_10nt_NXT_663,IDT_10nt_NXT_663
IDT_10nt_NXT_664,IDT_10nt_NXT_664
IDT_10nt_NXT_665,IDT_10nt_NXT_665
IDT_10nt_NXT_666,IDT_10nt_NXT_666
IDT_10nt_NXT_667,IDT_10nt_NXT_667
IDT_10nt_NXT_668,IDT_10nt_NXT_668
IDT_10nt_NXT_669,IDT_10nt_NXT_669
IDT_10nt_NXT_670,IDT_10nt_NXT_670
IDT_10nt_NXT_671,IDT_10nt_NXT_671
IDT_10nt_NXT_672,IDT_10nt_NXT_672
IDT_10nt_NXT_673,IDT_10nt_NXT_673
IDT_10nt_NXT_674,IDT_10nt_NXT_674
IDT_10nt_NXT_675,IDT_10nt_NXT_675
IDT_10nt_NXT_676,IDT_10nt_NXT_676
IDT_10nt_NXT_677,IDT_10nt_NXT_677
IDT_10nt_NXT_678,IDT_10nt_NXT_678
IDT_10nt_NXT_679,IDT_10nt_NXT_679
IDT_10nt_NXT_680,IDT_10nt_NXT_680
IDT_10nt_NXT_681,IDT_10nt_NXT_681
IDT_10nt_NXT_682,IDT_10nt_NXT_682
IDT_10nt_NXT_683,IDT_10nt_NXT_683
IDT_10nt_NXT_684,IDT_10nt_NXT_684
IDT_10nt_NXT_685,IDT_10nt_NXT_685
IDT_10nt_NXT_686,IDT_10nt_NXT_686
IDT_10nt_NXT_687,IDT_10nt_NXT_687
IDT_10nt_NXT_688,IDT_10nt_NXT_688
IDT_10nt_NXT_689,IDT_10nt_NXT_689
IDT_10nt_NXT_690,IDT_10nt_NXT_690
IDT_10nt_NXT_691,IDT_10nt_NXT_691
IDT_10nt_NXT_692,IDT_10nt_NXT_692
IDT_10nt_NXT_693,IDT_10nt_NXT_693
IDT_10nt_NXT_694,IDT_10nt_NXT_694
IDT_10nt_NXT_695,IDT_10nt_NXT_695
IDT_10nt_NXT_696,IDT_10nt_NXT_696
IDT_10nt_NXT_697,IDT_10nt_NXT_697
IDT_10nt_NXT_698,IDT_10nt_NXT_698
IDT_10nt_NXT_699,IDT_10nt_NXT_699
IDT_10nt_NXT_700,IDT_10nt_NXT_700
IDT_10nt_NXT_701,IDT_10nt_NXT_701
IDT_10nt_NXT_702,IDT_10nt_NXT_702
IDT_10nt_NXT_703,IDT_10nt_NXT_703
IDT_10nt_NXT_704,IDT_10nt_NXT_704
IDT_10nt_NXT_705,IDT_10nt_NXT_705
IDT_10nt_NXT_706,IDT_10nt_NXT_706
IDT_10nt_NXT_707,IDT_10nt_NXT_707
IDT_10nt_NXT_708,IDT_10nt_NXT_708
IDT_10nt_NXT_709,IDT_10nt_NXT_709
IDT_10nt_NXT_710,IDT_10nt_NXT_710
IDT_10nt_NXT_711,IDT_10nt_NXT_711
IDT_10nt_NXT_712,IDT_10nt_NXT_712
IDT_10nt_NXT_713,IDT_10nt_NXT_713
IDT_10nt_NXT_714,IDT_10nt_NXT_714
IDT_10nt_NXT_715,IDT_10nt_NXT_715
IDT_10nt_NXT_716,IDT_10nt_NXT_716
IDT_10nt_NXT_717,IDT_10nt_NXT_717
IDT_10nt_NXT_718,IDT_10nt_NXT_718
IDT_10nt_NXT_719,IDT_10nt_NXT_719
IDT_10nt_NXT_720,IDT_10nt_NXT_720
IDT_10nt_NXT_721,IDT_10nt_NXT_721
IDT_10nt_NXT_722,IDT_10nt_NXT_722
IDT_10nt_NXT_723,IDT_10nt_NXT_723
IDT_10nt_NXT_724,IDT_10nt_NXT_724
IDT_10nt_NXT_725,IDT_10nt_NXT_725
IDT_10nt_NXT_726,IDT_10nt_NXT_726
IDT_10nt_NXT_727,IDT_10nt_NXT_727
IDT_10nt_NXT_728,IDT_10nt_NXT_728
IDT_10nt_NXT_729,IDT_10nt_NXT_729
IDT_10nt_NXT_730,IDT_10nt_NXT_730
IDT_10nt_NXT_731,IDT_10nt_NXT_731
IDT_10nt_NXT_732,IDT_10nt_NXT_732
IDT_10nt_NXT_733,IDT_10nt_NXT_733
IDT_10nt_NXT_734,IDT_10nt_NXT_734
IDT_10nt_NXT_735,IDT_10nt_NXT_735
IDT_10nt_NXT_736,IDT_10nt_NXT_736
IDT_10nt_NXT_737,IDT_10nt_NXT_737
IDT_10nt_NXT_738,IDT_10nt_NXT_738
IDT_10nt_NXT_739,IDT_10nt_NXT_739
IDT_10nt_NXT_740,IDT_10nt_NXT_740
IDT_10nt_NXT_741,IDT_10nt_NXT_741
IDT_10nt_NXT_742,IDT_10nt_NXT_742
IDT_10nt_NXT_743,IDT_10nt_NXT_743
IDT_10nt_NXT_744,IDT_10nt_NXT_744
IDT_10nt_NXT_745,IDT_10nt_NXT_745
IDT_10nt_NXT_746,IDT_10nt_NXT_746
IDT_10nt_NXT_747,IDT_10nt_NXT_747
IDT_10nt_NXT_748,IDT_10nt_NXT_748
IDT_10nt_NXT_749,IDT_10nt_NXT_749
IDT_10nt_NXT_750,IDT_10nt_NXT_750
IDT_10nt_NXT_751,IDT_10nt_NXT_751
IDT_10nt_NXT_752,IDT_10nt_NXT_752
IDT_10nt_NXT_753,IDT_10nt_NXT_753
IDT_10nt_NXT_754,IDT_10nt_NXT_754
IDT_10nt_NXT_755,IDT_10nt_NXT_755
IDT_10nt_NXT_756,IDT_10nt_NXT_756
IDT_10nt_NXT_757,IDT_10nt_NXT_757
IDT_10nt_NXT_758,IDT_10nt_NXT_758
IDT_10nt_NXT_759,IDT_10nt_NXT_759
IDT_10nt_NXT_760,IDT_10nt_NXT_760
IDT_10nt_NXT_761,IDT_10nt_NXT_761
IDT_10nt_NXT_762,IDT_10nt_NXT_762
IDT_10nt_NXT_763,IDT_10nt_NXT_763
IDT_10nt_NXT_764,IDT_10nt_NXT_764
IDT_10nt_NXT_765,IDT_10nt_NXT_765
IDT_10nt_NXT_766,IDT_10nt_NXT_766
IDT_10nt_NXT_767,IDT_10nt_NXT_767
IDT_10nt_NXT_768,IDT_10nt_NXT_768
IDT_10nt_NXT_769,IDT_10nt_NXT_769
IDT_10nt_NXT_770,IDT_10nt_NXT_770
IDT_10nt_NXT_771,IDT_10nt_NXT_771
IDT_10nt_NXT_772,IDT_10nt_NXT_772
IDT_10nt_NXT_773,IDT_10nt_NXT_773
IDT_10nt_NXT_774,IDT_10nt_NXT_774
IDT_10nt_NXT_775,IDT_10nt_NXT_775
IDT_10nt_NXT_776,IDT_10nt_NXT_776
IDT_10nt_NXT_777,IDT_10nt_NXT_777
IDT_10nt_NXT_778,IDT_10nt_NXT_778
IDT_10nt_NXT_779,IDT_10nt_NXT_779
IDT_10nt_NXT_780,IDT_10nt_NXT_780
IDT_10nt_NXT_781,IDT_10nt_NXT_781
IDT_10nt_NXT_782,IDT_10nt_NXT_782
IDT_10nt_NXT_783,IDT_10nt_NXT_783
IDT_10nt_NXT_784,IDT_10nt_NXT_784
IDT_10nt_NXT_785,IDT_10nt_NXT_785
IDT_10nt_NXT_786,IDT_10nt_NXT_786
IDT_10nt_NXT_787,IDT_10nt_NXT_787
IDT_10nt_NXT_788,IDT_10nt_NXT_788
IDT_10nt_NXT_789,IDT_10nt_NXT_789
IDT_10nt_NXT_790,IDT_10nt_NXT_790
IDT_10nt_NXT_791,IDT_10nt_NXT_791
IDT_10nt_NXT_792,IDT_10nt_NXT_792
IDT_10nt_NXT_793,IDT_10nt_NXT_793
IDT_10nt_NXT_794,IDT_10nt_NXT_794
IDT_10nt_NXT_795,IDT_10nt_NXT_795
IDT_10nt_NXT_796,IDT_10nt_NXT_796
IDT_10nt_NXT_797,IDT_10nt_NXT_797
IDT_10nt_NXT_798,IDT_10nt_NXT_798
IDT_10nt_NXT_799,IDT_10nt_NXT_799
IDT_10nt_NXT_800,IDT_10nt_NXT_800
IDT_10nt_NXT_801,IDT_10nt_NXT_801
IDT_10nt_NXT_802,IDT_10nt_NXT_802
IDT_10nt_NXT_803,IDT_10nt_NXT_803
IDT_10nt_NXT_804,IDT_10nt_NXT_804
IDT_10nt_NXT_805,IDT_10nt_NXT_805
IDT_10nt_NXT_806,IDT_10nt_NXT_806
IDT_10nt_NXT_807,IDT_10nt_NXT_807
IDT_10nt_NXT_808,IDT_10nt_NXT_808
IDT_10nt_NXT_809,IDT_10nt_NXT_809
IDT_10nt_NXT_810,IDT_10nt_NXT_810
IDT_10nt_NXT_811,IDT_10nt_NXT_811
IDT_10nt_NXT_812,IDT_10nt_NXT_812
IDT_10nt_NXT_813,IDT_10nt_NXT_813
IDT_10nt_NXT_814,IDT_10nt_NXT_814
IDT_10nt_NXT_815,IDT_10nt_NXT_815
IDT_10nt_NXT_816,IDT_10nt_NXT_816
IDT_10nt_NXT_817,IDT_10nt_NXT_817
IDT_10nt_NXT_818,IDT_10nt_NXT_818
IDT_10nt_NXT_819,IDT_10nt_NXT_819
IDT_10nt_NXT_820,IDT_10nt_NXT_820
IDT_10nt_NXT_821,IDT_10nt_NXT_821
IDT_10nt_NXT_822,IDT_10nt_NXT_822
IDT_10nt_NXT_823,IDT_10nt_NXT_823
IDT_10nt_NXT_824,IDT_10nt_NXT_824
IDT_10nt_NXT_825,IDT_10nt_NXT_825
IDT_10nt_NXT_826,IDT_10nt_NXT_826
IDT_10nt_NXT_827,IDT_10nt_NXT_827
IDT_10nt_NXT_828,IDT_10nt_NXT_828
IDT_10nt_NXT_829,IDT_10nt_NXT_829
IDT_10nt_NXT_830,IDT_10nt_NXT_830
IDT_10nt_NXT_831,IDT_10nt_NXT_831
IDT_10nt_NXT_832,IDT_10nt_NXT_832
IDT_10nt_NXT_833,IDT_10nt_NXT_833
IDT_10nt_NXT_834,IDT_10nt_NXT_834
IDT_10nt_NXT_835,IDT_10nt_NXT_835
IDT_10nt_NXT_836,IDT_10nt_NXT_836
IDT_10nt_NXT_837,IDT_10nt_NXT_837
IDT_10nt_NXT_838,IDT_10nt_NXT_838
IDT_10nt_NXT_839,IDT_10nt_NXT_839
IDT_10nt_NXT_840,IDT_10nt_NXT_840
IDT_10nt_NXT_841,IDT_10nt_NXT_841
IDT_10nt_NXT_842,IDT_10nt_NXT_842
IDT_10nt_NXT_843,IDT_10nt_NXT_843
IDT_10nt_NXT_844,IDT_10nt_NXT_844
IDT_10nt_NXT_845,IDT_10nt_NXT_845
IDT_10nt_NXT_846,IDT_10nt_NXT_846
IDT_10nt_NXT_847,IDT_10nt_NXT_847
IDT_10nt_NXT_848,IDT_10nt_NXT_848
IDT_10nt_NXT_849,IDT_10nt_NXT_849
IDT_10nt_NXT_850,IDT_10nt_NXT_850
IDT_10nt_NXT_851,IDT_10nt_NXT_851
IDT_10nt_NXT_852,IDT_10nt_NXT_852
IDT_10nt_NXT_853,IDT_10nt_NXT_853
IDT_10nt_NXT_854,IDT_10nt_NXT_854
IDT_10nt_NXT_855,IDT_10nt_NXT_855
IDT_10nt_NXT_856,IDT_10nt_NXT_856
IDT_10nt_NXT_857,IDT_10nt_NXT_857
IDT_10nt_NXT_858,IDT_10nt_NXT_858
IDT_10nt_NXT_859,IDT_10nt_NXT_859
IDT_10nt_NXT_860,IDT_10nt_NXT_860
IDT_10nt_NXT_861,IDT_10nt_NXT_861
IDT_10nt_NXT_862,IDT_10nt_NXT_862
IDT_10nt_NXT_863,IDT_10nt_NXT_863
IDT_10nt_NXT_864,IDT_10nt_NXT_864
IDT_10nt_NXT_865,IDT_10nt_NXT_865
IDT_10nt_NXT_866,IDT_10nt_NXT_866
IDT_10nt_NXT_867,IDT_10nt_NXT_867
IDT_10nt_NXT_868,IDT_10nt_NXT_868
IDT_10nt_NXT_869,IDT_10nt_NXT_869
IDT_10nt_NXT_870,IDT_10nt_NXT_870
IDT_10nt_NXT_871,IDT_10nt_NXT_871
IDT_10nt_NXT_872,IDT_10nt_NXT_872
IDT_10nt_NXT_873,IDT_10nt_NXT_873
IDT_10nt_NXT_874,IDT_10nt_NXT_874
IDT_10nt_NXT_875,IDT_10nt_NXT_875
IDT_10nt_NXT_876,IDT_10nt_NXT_876
IDT_10nt_NXT_877,IDT_10nt_NXT_877
IDT_10nt_NXT_878,IDT_10nt_NXT_878
IDT_10nt_NXT_879,IDT_10nt_NXT_879
IDT_10nt_NXT_880,IDT_10nt_NXT_880
IDT_10nt_NXT_881,IDT_10nt_NXT_881
IDT_10nt_NXT_882,IDT_10nt_NXT_882
IDT_10nt_NXT_883,IDT_10nt_NXT_883
IDT_10nt_NXT_884,IDT_10nt_NXT_884
IDT_10nt_NXT_885,IDT_10nt_NXT_885
IDT_10nt_NXT_886,IDT_10nt_NXT_886
IDT_10nt_NXT_887,IDT_10nt_NXT_887
IDT_10nt_NXT_888,IDT_10nt_NXT_888
IDT_10nt_NXT_889,IDT_10nt_NXT_889
IDT_10nt_NXT_890,IDT_10nt_NXT_890
IDT_10nt_NXT_891,IDT_10nt_NXT_891
IDT_10nt_NXT_892,IDT_10nt_NXT_892
IDT_10nt_NXT_893,IDT_10nt_NXT_893
IDT_10nt_NXT_894,IDT_10nt_NXT_894
IDT_10nt_NXT_895,IDT_10nt_NXT_895
IDT_10nt_NXT_896,IDT_10nt_NXT_896
IDT_10nt_NXT_897,IDT_10nt_NXT_897
IDT_10nt_NXT_898,IDT_10nt_NXT_898
IDT_10nt_NXT_899,IDT_10nt_NXT_899
IDT_10nt_NXT_900,IDT_10nt_NXT_900
IDT_10nt_NXT_901,IDT_10nt_NXT_901
IDT_10nt_NXT_902,IDT_10nt_NXT_902
IDT_10nt_NXT_903,IDT_10nt_NXT_903
IDT_10nt_NXT_904,IDT_10nt_NXT_904
IDT_10nt_NXT_905,IDT_10nt_NXT_905
IDT_10nt_NXT_906,IDT_10nt_NXT_906
IDT_10nt_NXT_907,IDT_10nt_NXT_907
IDT_10nt_NXT_908,IDT_10nt_NXT_908
IDT_10nt_NXT_909,IDT_10nt_NXT_909
IDT_10nt_NXT_910,IDT_10nt_NXT_910
IDT_10nt_NXT_911,IDT_10nt_NXT_911
IDT_10nt_NXT_912,IDT_10nt_NXT_912
IDT_10nt_NXT_913,IDT_10nt_NXT_913
IDT_10nt_NXT_914,IDT_10nt_NXT_914
IDT_10nt_NXT_915,IDT_10nt_NXT_915
IDT_10nt_NXT_916,IDT_10nt_NXT_916
IDT_10nt_NXT_917,IDT_10nt_NXT_917
IDT_10nt_NXT_918,IDT_10nt_NXT_918
IDT_10nt_NXT_919,IDT_10nt_NXT_919
IDT_10nt_NXT_920,IDT_10nt_NXT_920
IDT_10nt_NXT_921,IDT_10nt_NXT_921
IDT_10nt_NXT_922,IDT_10nt_NXT_922
IDT_10nt_NXT_923,IDT_10nt_NXT_923
IDT_10nt_NXT_924,IDT_10nt_NXT_924
IDT_10nt_NXT_925,IDT_10nt_NXT_925
IDT_10nt_NXT_926,IDT_10nt_NXT_926
IDT_10nt_NXT_927,IDT_10nt_NXT_927
IDT_10nt_NXT_928,IDT_10nt_NXT_928
IDT_10nt_NXT_929,IDT_10nt_NXT_929
IDT_10nt_NXT_930,IDT_10nt_NXT_930
IDT_10nt_NXT_931,IDT_10nt_NXT_931
IDT_10nt_NXT_932,IDT_10nt_NXT_932
IDT_10nt_NXT_933,IDT_10nt_NXT_933
IDT_10nt_NXT_934,IDT_10nt_NXT_934
IDT_10nt_NXT_935,IDT_10nt_NXT_935
IDT_10nt_NXT_936,IDT_10nt_NXT_936
IDT_10nt_NXT_937,IDT_10nt_NXT_937
IDT_10nt_NXT_938,IDT_10nt_NXT_938
IDT_10nt_NXT_939,IDT_10nt_NXT_939
IDT_10nt_NXT_940,IDT_10nt_NXT_940
IDT_10nt_NXT_941,IDT_10nt_NXT_941
IDT_10nt_NXT_942,IDT_10nt_NXT_942
IDT_10nt_NXT_943,IDT_10nt_NXT_943
IDT_10nt_NXT_944,IDT_10nt_NXT_944
IDT_10nt_NXT_945,IDT_10nt_NXT_945
IDT_10nt_NXT_946,IDT_10nt_NXT_946
IDT_10nt_NXT_947,IDT_10nt_NXT_947
IDT_10nt_NXT_948,IDT_10nt_NXT_948
IDT_10nt_NXT_949,IDT_10nt_NXT_949
IDT_10nt_NXT_950,IDT_10nt_NXT_950
IDT_10nt_NXT_951,IDT_10nt_NXT_951
IDT_10nt_NXT_952,IDT_10nt_NXT_952
IDT_10nt_NXT_953,IDT_10nt_NXT_953
IDT_10nt_NXT_954,IDT_10nt_NXT_954
IDT_10nt_NXT_955,IDT_10nt_NXT_955
IDT_10nt_NXT_956,IDT_10nt_NXT_956
IDT_10nt_NXT_957,IDT_10nt_NXT_957
IDT_10nt_NXT_958,IDT_10nt_NXT_958
IDT_10nt_NXT_959,IDT_10nt_NXT_959
IDT_10nt_NXT_960,IDT_10nt_NXT_960
IDT_10nt_NXT_961,IDT_10nt_NXT_961
IDT_10nt_NXT_962,IDT_10nt_NXT_962
IDT_10nt_NXT_963,IDT_10nt_NXT_963
IDT_10nt_NXT_964,IDT_10nt_NXT_964
IDT_10nt_NXT_965,IDT_10nt_NXT_965
IDT_10nt_NXT_966,IDT_10nt_NXT_966
IDT_10nt_NXT_967,IDT_10nt_NXT_967
IDT_10nt_NXT_968,IDT_10nt_NXT_968
IDT_10nt_NXT_969,IDT_10nt_NXT_969
IDT_10nt_NXT_970,IDT_10nt_NXT_970
IDT_10nt_NXT_971,IDT_10nt_NXT_971
IDT_10nt_NXT_972,IDT_10nt_NXT_972
IDT_10nt_NXT_973,IDT_10nt_NXT_973
IDT_10nt_NXT_974,IDT_10nt_NXT_974
IDT_10nt_NXT_975,IDT_10nt_NXT_975
IDT_10nt_NXT_976,IDT_10nt_NXT_976
IDT_10nt_NXT_977,IDT_10nt_NXT_977
IDT_10nt_NXT_978,IDT_10nt_NXT_978
IDT_10nt_NXT_979,IDT_10nt_NXT_979
IDT_10nt_NXT_980,IDT_10nt_NXT_980
IDT_10nt_NXT_981,IDT_10nt_NXT_981
IDT_10nt_NXT_982,IDT_10nt_NXT_982
IDT_10nt_NXT_983,IDT_10nt_NXT_983
IDT_10nt_NXT_984,IDT_10nt_NXT_984
IDT_10nt_NXT_985,IDT_10nt_NXT_985
IDT_10nt_NXT_986,IDT_10nt_NXT_986
IDT_10nt_NXT_987,IDT_10nt_NXT_987
IDT_10nt_NXT_988,IDT_10nt_NXT_988
IDT_10nt_NXT_989,IDT_10nt_NXT_989
IDT_10nt_NXT_990,IDT_10nt_NXT_990
IDT_10nt_NXT_991,IDT_10nt_NXT_991
IDT_10nt_NXT_992,IDT_10nt_NXT_992
IDT_10nt_NXT_993,IDT_10nt_NXT_993
IDT_10nt_NXT_994,IDT_10nt_NXT_994
IDT_10nt_NXT_995,IDT_10nt_NXT_995
IDT_10nt_NXT_996,IDT_10nt_NXT_996
IDT_10nt_NXT_997,IDT_10nt_NXT_997
IDT_10nt_NXT_998,IDT_10nt_NXT_998
IDT_10nt_NXT_999,IDT_10nt_NXT_999
IDT_10nt_NXT_1000,IDT_10nt_NXT_1000
IDT_10nt_NXT_1001,IDT_10nt_NXT_1001
IDT_10nt_NXT_1002,IDT_10nt_NXT_1002
IDT_10nt_NXT_1003,IDT_10nt_NXT_1003
IDT_10nt_NXT_1004,IDT_10nt_NXT_1004
IDT_10nt_NXT_1005,IDT_10nt_NXT_1005
IDT_10nt_NXT_1006,IDT_10nt_NXT_1006
IDT_10nt_NXT_1007,IDT_10nt_NXT_1007
IDT_10nt_NXT_1008,IDT_10nt_NXT_1008
IDT_10nt_NXT_1009,IDT_10nt_NXT_1009
IDT_10nt_NXT_1010,IDT_10nt_NXT_1010
IDT_10nt_NXT_1011,IDT_10nt_NXT_1011
IDT_10nt_NXT_1012,IDT_10nt_NXT_1012
IDT_10nt_NXT_1013,IDT_10nt_NXT_1013
IDT_10nt_NXT_1014,IDT_10nt_NXT_1014
IDT_10nt_NXT_1015,IDT_10nt_NXT_1015
IDT_10nt_NXT_1016,IDT_10nt_NXT_1016
IDT_10nt_NXT_1017,IDT_10nt_NXT_1017
IDT_10nt_NXT_1018,IDT_10nt_NXT_1018
IDT_10nt_NXT_1019,IDT_10nt_NXT_1019
IDT_10nt_NXT_1020,IDT_10nt_NXT_1020
IDT_10nt_NXT_1021,IDT_10nt_NXT_1021
IDT_10nt_NXT_1022,IDT_10nt_NXT_1022
IDT_10nt_NXT_1023,IDT_10nt_NXT_1023
IDT_10nt_NXT_1024,IDT_10nt_NXT_1024
IDT_10nt_NXT_1025,IDT_10nt_NXT_1025
IDT_10nt_NXT_1026,IDT_10nt_NXT_1026
IDT_10nt_NXT_1027,IDT_10nt_NXT_1027
IDT_10nt_NXT_1028,IDT_10nt_NXT_1028
IDT_10nt_NXT_1029,IDT_10nt_NXT_1029
IDT_10nt_NXT_1030,IDT_10nt_NXT_1030
IDT_10nt_NXT_1031,IDT_10nt_NXT_1031
IDT_10nt_NXT_1032,IDT_10nt_NXT_1032
IDT_10nt_NXT_1033,IDT_10nt_NXT_1033
IDT_10nt_NXT_1034,IDT_10nt_NXT_1034
IDT_10nt_NXT_1035,IDT_10nt_NXT_1035
IDT_10nt_NXT_1036,IDT_10nt_NXT_1036
IDT_10nt_NXT_1037,IDT_10nt_NXT_1037
IDT_10nt_NXT_1038,IDT_10nt_NXT_1038
IDT_10nt_NXT_1039,IDT_10nt_NXT_1039
IDT_10nt_NXT_1040,IDT_10nt_NXT_1040
IDT_10nt_NXT_1041,IDT_10nt_NXT_1041
IDT_10nt_NXT_1042,IDT_10nt_NXT_1042
IDT_10nt_NXT_1043,IDT_10nt_NXT_1043
IDT_10nt_NXT_1044,IDT_10nt_NXT_1044
IDT_10nt_NXT_1045,IDT_10nt_NXT_1045
IDT_10nt_NXT_1046,IDT_10nt_NXT_1046
IDT_10nt_NXT_1047,IDT_10nt_NXT_1047
IDT_10nt_NXT_1048,IDT_10nt_NXT_1048
IDT_10nt_NXT_1049,IDT_10nt_NXT_1049
IDT_10nt_NXT_1050,IDT_10nt_NXT_1050
IDT_10nt_NXT_1051,IDT_10nt_NXT_1051
IDT_10nt_NXT_1052,IDT_10nt_NXT_1052
IDT_10nt_NXT_1053,IDT_10nt_NXT_1053
IDT_10nt_NXT_1054,IDT_10nt_NXT_1054
IDT_10nt_NXT_1055,IDT_10nt_NXT_1055
IDT_10nt_NXT_1056,IDT_10nt_NXT_1056
IDT_10nt_NXT_1057,IDT_10nt_NXT_1057
IDT_10nt_NXT_1058,IDT_10nt_NXT_1058
IDT_10nt_NXT_1059,IDT_10nt_NXT_1059
IDT_10nt_NXT_1060,IDT_10nt_NXT_1060
IDT_10nt_NXT_1061,IDT_10nt_NXT_1061
IDT_10nt_NXT_1062,IDT_10nt_NXT_1062
IDT_10nt_NXT_1063,IDT_10nt_NXT_1063
IDT_10nt_NXT_1064,IDT_10nt_NXT_1064
IDT_10nt_NXT_1065,IDT_10nt_NXT_1065
IDT_10nt_NXT_1066,IDT_10nt_NXT_1066
IDT_10nt_NXT_1067,IDT_10nt_NXT_1067
IDT_10nt_NXT_1068,IDT_10nt_NXT_1068
IDT_10nt_NXT_1069,IDT_10nt_NXT_1069
IDT_10nt_NXT_1070,IDT_10nt_NXT_1070
IDT_10nt_NXT_1071,IDT_10nt_NXT_1071
IDT_10nt_NXT_1072,IDT_10nt_NXT_1072
IDT_10nt_NXT_1073,IDT_10nt_NXT_1073
IDT_10nt_NXT_1074,IDT_10nt_NXT_1074
IDT_10nt_NXT_1075,IDT_10nt_NXT_1075
IDT_10nt_NXT_1076,IDT_10nt_NXT_1076
IDT_10nt_NXT_1077,IDT_10nt_NXT_1077
IDT_10nt_NXT_1078,IDT_10nt_NXT_1078
IDT_10nt_NXT_1079,IDT_10nt_NXT_1079
IDT_10nt_NXT_1080,IDT_10nt_NXT_1080
IDT_10nt_NXT_1081,IDT_10nt_NXT_1081
IDT_10nt_NXT_1082,IDT_10nt_NXT_1082
IDT_10nt_NXT_1083,IDT_10nt_NXT_1083
IDT_10nt_NXT_1084,IDT_10nt_NXT_1084
IDT_10nt_NXT_1085,IDT_10nt_NXT_1085
IDT_10nt_NXT_1086,IDT_10nt_NXT_1086
IDT_10nt_NXT_1087,IDT_10nt_NXT_1087
IDT_10nt_NXT_1088,IDT_10nt_NXT_1088
IDT_10nt_NXT_1089,IDT_10nt_NXT_1089
IDT_10nt_NXT_1090,IDT_10nt_NXT_1090
IDT_10nt_NXT_1091,IDT_10nt_NXT_1091
IDT_10nt_NXT_1092,IDT_10nt_NXT_1092
IDT_10nt_NXT_1093,IDT_10nt_NXT_1093
IDT_10nt_NXT_1094,IDT_10nt_NXT_1094
IDT_10nt_NXT_1095,IDT_10nt_NXT_1095
IDT_10nt_NXT_1096,IDT_10nt_NXT_1096
IDT_10nt_NXT_1097,IDT_10nt_NXT_1097
IDT_10nt_NXT_1098,IDT_10nt_NXT_1098
IDT_10nt_NXT_1099,IDT_10nt_NXT_1099
IDT_10nt_NXT_1100,IDT_10nt_NXT_1100
IDT_10nt_NXT_1101,IDT_10nt_NXT_1101
IDT_10nt_NXT_1102,IDT_10nt_NXT_1102
IDT_10nt_NXT_1103,IDT_10nt_NXT_1103
IDT_10nt_NXT_1104,IDT_10nt_NXT_1104
IDT_10nt_NXT_1105,IDT_10nt_NXT_1105
IDT_10nt_NXT_1106,IDT_10nt_NXT_1106
IDT_10nt_NXT_1107,IDT_10nt_NXT_1107
IDT_10nt_NXT_1108,IDT_10nt_NXT_1108
IDT_10nt_NXT_1109,IDT_10nt_NXT_1109
IDT_10nt_NXT_1110,IDT_10nt_NXT_1110
IDT_10nt_NXT_1111,IDT_10nt_NXT_1111
IDT_10nt_NXT_1112,IDT_10nt_NXT_1112
IDT_10nt_NXT_1113,IDT_10nt_NXT_1113
IDT_10nt_NXT_1114,IDT_10nt_NXT_1114
IDT_10nt_NXT_1115,IDT_10nt_NXT_1115
IDT_10nt_NXT_1116,IDT_10nt_NXT_1116
IDT_10nt_NXT_1117,IDT_10nt_NXT_1117
IDT_10nt_NXT_1118,IDT_10nt_NXT_1118
IDT_10nt_NXT_1119,IDT_10nt_NXT_1119
IDT_10nt_NXT_1120,IDT_10nt_NXT_1120
IDT_10nt_NXT_1121,IDT_10nt_NXT_1121
IDT_10nt_NXT_1122,IDT_10nt_NXT_1122
IDT_10nt_NXT_1123,IDT_10nt_NXT_1123
IDT_10nt_NXT_1124,IDT_10nt_NXT_1124
IDT_10nt_NXT_1125,IDT_10nt_NXT_1125
IDT_10nt_NXT_1126,IDT_10nt_NXT_1126
IDT_10nt_NXT_1127,IDT_10nt_NXT_1127
IDT_10nt_NXT_1128,IDT_10nt_NXT_1128
IDT_10nt_NXT_1129,IDT_10nt_NXT_1129
IDT_10nt_NXT_1130,IDT_10nt_NXT_1130
IDT_10nt_NXT_1131,IDT_10nt_NXT_1131
IDT_10nt_NXT_1132,IDT_10nt_NXT_1132
IDT_10nt_NXT_1133,IDT_10nt_NXT_1133
IDT_10nt_NXT_1134,IDT_10nt_NXT_1134
IDT_10nt_NXT_1135,IDT_10nt_NXT_1135
IDT_10nt_NXT_1136,IDT_10nt_NXT_1136
IDT_10nt_NXT_1137,IDT_10nt_NXT_1137
IDT_10nt_NXT_1138,IDT_10nt_NXT_1138
IDT_10nt_NXT_1139,IDT_10nt_NXT_1139
IDT_10nt_NXT_1140,IDT_10nt_NXT_1140
IDT_10nt_NXT_1141,IDT_10nt_NXT_1141
IDT_10nt_NXT_1142,IDT_10nt_NXT_1142
IDT_10nt_NXT_1143,IDT_10nt_NXT_1143
IDT_10nt_NXT_1144,IDT_10nt_NXT_1144
IDT_10nt_NXT_1145,IDT_10nt_NXT_1145
IDT_10nt_NXT_1146,IDT_10nt_NXT_1146
IDT_10nt_NXT_1147,IDT_10nt_NXT_1147
IDT_10nt_NXT_1148,IDT_10nt_NXT_1148
IDT_10nt_NXT_1149,IDT_10nt_NXT_1149
IDT_10nt_NXT_1150,IDT_10nt_NXT_1150
IDT_10nt_NXT_1151,IDT_10nt_NXT_1151
IDT_10nt_NXT_1152,IDT_10nt_NXT_1152
IDT_10nt_NXT_1153,IDT_10nt_NXT_1153
IDT_10nt_NXT_1154,IDT_10nt_NXT_1154
IDT_10nt_NXT_1155,IDT_10nt_NXT_1155
IDT_10nt_NXT_1156,IDT_10nt_NXT_1156
IDT_10nt_NXT_1157,IDT_10nt_NXT_1157
IDT_10nt_NXT_1158,IDT_10nt_NXT_1158
IDT_10nt_NXT_1159,IDT_10nt_NXT_1159
IDT_10nt_NXT_1160,IDT_10nt_NXT_1160
IDT_10nt_NXT_1161,IDT_10nt_NXT_1161
IDT_10nt_NXT_1162,IDT_10nt_NXT_1162
IDT_10nt_NXT_1163,IDT_10nt_NXT_1163
IDT_10nt_NXT_1164,IDT_10nt_NXT_1164
IDT_10nt_NXT_1165,IDT_10nt_NXT_1165
IDT_10nt_NXT_1166,IDT_10nt_NXT_1166
IDT_10nt_NXT_1167,IDT_10nt_NXT_1167
IDT_10nt_NXT_1168,IDT_10nt_NXT_1168
IDT_10nt_NXT_1169,IDT_10nt_NXT_1169
IDT_10nt_NXT_1170,IDT_10nt_NXT_1170
IDT_10nt_NXT_1171,IDT_10nt_NXT_1171
IDT_10nt_NXT_1172,IDT_10nt_NXT_1172
IDT_10nt_NXT_1173,IDT_10nt_NXT_1173
IDT_10nt_NXT_1174,IDT_10nt_NXT_1174
IDT_10nt_NXT_1175,IDT_10nt_NXT_1175
IDT_10nt_NXT_1176,IDT_10nt_NXT_1176
IDT_10nt_NXT_1177,IDT_10nt_NXT_1177
IDT_10nt_NXT_1178,IDT_10nt_NXT_1178
IDT_10nt_NXT_1179,IDT_10nt_NXT_1179
IDT_10nt_NXT_1180,IDT_10nt_NXT_1180
IDT_10nt_NXT_1181,IDT_10nt_NXT_1181
IDT_10nt_NXT_1182,IDT_10nt_NXT_1182
IDT_10nt_NXT_1183,IDT_10nt_NXT_1183
IDT_10nt_NXT_1184,IDT_10nt_NXT_1184
IDT_10nt_NXT_1185,IDT_10nt_NXT_1185
IDT_10nt_NXT_1186,IDT_10nt_NXT_1186
IDT_10nt_NXT_1187,IDT_10nt_NXT_1187
IDT_10nt_NXT_1188,IDT_10nt_NXT_1188
IDT_10nt_NXT_1189,IDT_10nt_NXT_1189
IDT_10nt_NXT_1190,IDT_10nt_NXT_1190
IDT_10nt_NXT_1191,IDT_10nt_NXT_1191
IDT_10nt_NXT_1192,IDT_10nt_NXT_1192
IDT_10nt_NXT_1193,IDT_10nt_NXT_1193
IDT_10nt_NXT_1194,IDT_10nt_NXT_1194
IDT_10nt_NXT_1195,IDT_10nt_NXT_1195
IDT_10nt_NXT_1196,IDT_10nt_NXT_1196
IDT_10nt_NXT_1197,IDT_10nt_NXT_1197
IDT_10nt_NXT_1198,IDT_10nt_NXT_1198
IDT_10nt_NXT_1199,IDT_10nt_NXT_1199
IDT_10nt_NXT_1200,IDT_10nt_NXT_1200
IDT_10nt_NXT_1201,IDT_10nt_NXT_1201
IDT_10nt_NXT_1202,IDT_10nt_NXT_1202
IDT_10nt_NXT_1203,IDT_10nt_NXT_1203
IDT_10nt_NXT_1204,IDT_10nt_NXT_1204
IDT_10nt_NXT_1205,IDT_10nt_NXT_1205
IDT_10nt_NXT_1206,IDT_10nt_NXT_1206
IDT_10nt_NXT_1207,IDT_10nt_NXT_1207
IDT_10nt_NXT_1208,IDT_10nt_NXT_1208
IDT_10nt_NXT_1209,IDT_10nt_NXT_1209
IDT_10nt_NXT_1210,IDT_10nt_NXT_1210
IDT_10nt_NXT_1211,IDT_10nt_NXT_1211
IDT_10nt_NXT_1212,IDT_10nt_NXT_1212
IDT_10nt_NXT_1213,IDT_10nt_NXT_1213
IDT_10nt_NXT_1214,IDT_10nt_NXT_1214
IDT_10nt_NXT_1215,IDT_10nt_NXT_1215
IDT_10nt_NXT_1216,IDT_10nt_NXT_1216
IDT_10nt_NXT_1217,IDT_10nt_NXT_1217
IDT_10nt_NXT_1218,IDT_10nt_NXT_1218
IDT_10nt_NXT_1219,IDT_10nt_NXT_1219
IDT_10nt_NXT_1220,IDT_10nt_NXT_1220
IDT_10nt_NXT_1221,IDT_10nt_NXT_1221
IDT_10nt_NXT_1222,IDT_10nt_NXT_1222
IDT_10nt_NXT_1223,IDT_10nt_NXT_1223
IDT_10nt_NXT_1224,IDT_10nt_NXT_1224
IDT_10nt_NXT_1225,IDT_10nt_NXT_1225
IDT_10nt_NXT_1226,IDT_10nt_NXT_1226
IDT_10nt_NXT_1227,IDT_10nt_NXT_1227
IDT_10nt_NXT_1228,IDT_10nt_NXT_1228
IDT_10nt_NXT_1229,IDT_10nt_NXT_1229
IDT_10nt_NXT_1230,IDT_10nt_NXT_1230
IDT_10nt_NXT_1231,IDT_10nt_NXT_1231
IDT_10nt_NXT_1232,IDT_10nt_NXT_1232
IDT_10nt_NXT_1233,IDT_10nt_NXT_1233
IDT_10nt_NXT_1234,IDT_10nt_NXT_1234
IDT_10nt_NXT_1235,IDT_10nt_NXT_1235
IDT_10nt_NXT_1236,IDT_10nt_NXT_1236
IDT_10nt_NXT_1237,IDT_10nt_NXT_1237
IDT_10nt_NXT_1238,IDT_10nt_NXT_1238
IDT_10nt_NXT_1239,IDT_10nt_NXT_1239
IDT_10nt_NXT_1240,IDT_10nt_NXT_1240
IDT_10nt_NXT_1241,IDT_10nt_NXT_1241
IDT_10nt_NXT_1242,IDT_10nt_NXT_1242
IDT_10nt_NXT_1243,IDT_10nt_NXT_1243
IDT_10nt_NXT_1244,IDT_10nt_NXT_1244
IDT_10nt_NXT_1245,IDT_10nt_NXT_1245
IDT_10nt_NXT_1246,IDT_10nt_NXT_1246
IDT_10nt_NXT_1247,IDT_10nt_NXT_1247
IDT_10nt_NXT_1248,IDT_10nt_NXT_1248
IDT_10nt_NXT_1249,IDT_10nt_NXT_1249
IDT_10nt_NXT_1250,IDT_10nt_NXT_1250
IDT_10nt_NXT_1251,IDT_10nt_NXT_1251
IDT_10nt_NXT_1252,IDT_10nt_NXT_1252
IDT_10nt_NXT_1253,IDT_10nt_NXT_1253
IDT_10nt_NXT_1254,IDT_10nt_NXT_1254
IDT_10nt_NXT_1255,IDT_10nt_NXT_1255
IDT_10nt_NXT_1256,IDT_10nt_NXT_1256
IDT_10nt_NXT_1257,IDT_10nt_NXT_1257
IDT_10nt_NXT_1258,IDT_10nt_NXT_1258
IDT_10nt_NXT_1259,IDT_10nt_NXT_1259
IDT_10nt_NXT_1260,IDT_10nt_NXT_1260
IDT_10nt_NXT_1261,IDT_10nt_NXT_1261
IDT_10nt_NXT_1262,IDT_10nt_NXT_1262
IDT_10nt_NXT_1263,IDT_10nt_NXT_1263
IDT_10nt_NXT_1264,IDT_10nt_NXT_1264
IDT_10nt_NXT_1265,IDT_10nt_NXT_1265
IDT_10nt_NXT_1266,IDT_10nt_NXT_1266
IDT_10nt_NXT_1267,IDT_10nt_NXT_1267
IDT_10nt_NXT_1268,IDT_10nt_NXT_1268
IDT_10nt_NXT_1269,IDT_10nt_NXT_1269
IDT_10nt_NXT_1270,IDT_10nt_NXT_1270
IDT_10nt_NXT_1271,IDT_10nt_NXT_1271
IDT_10nt_NXT_1272,IDT_10nt_NXT_1272
IDT_10nt_NXT_1273,IDT_10nt_NXT_1273
IDT_10nt_NXT_1274,IDT_10nt_NXT_1274
IDT_10nt_NXT_1275,IDT_10nt_NXT_1275
IDT_10nt_NXT_1276,IDT_10nt_NXT_1276
IDT_10nt_NXT_1277,IDT_10nt_NXT_1277
IDT_10nt_NXT_1278,IDT_10nt_NXT_1278
IDT_10nt_NXT_1279,IDT_10nt_NXT_1279
IDT_10nt_NXT_1280,IDT_10nt_NXT_1280
IDT_10nt_NXT_1281,IDT_10nt_NXT_1281
IDT_10nt_NXT_1282,IDT_10nt_NXT_1282
IDT_10nt_NXT_1283,IDT_10nt_NXT_1283
IDT_10nt_NXT_1284,IDT_10nt_NXT_1284
IDT_10nt_NXT_1285,IDT_10nt_NXT_1285
IDT_10nt_NXT_1286,IDT_10nt_NXT_1286
IDT_10nt_NXT_1287,IDT_10nt_NXT_1287
IDT_10nt_NXT_1288,IDT_10nt_NXT_1288
IDT_10nt_NXT_1289,IDT_10nt_NXT_1289
IDT_10nt_NXT_1290,IDT_10nt_NXT_1290
IDT_10nt_NXT_1291,IDT_10nt_NXT_1291
IDT_10nt_NXT_1292,IDT_10nt_NXT_1292
IDT_10nt_NXT_1293,IDT_10nt_NXT_1293
IDT_10nt_NXT_1294,IDT_10nt_NXT_1294
IDT_10nt_NXT_1295,IDT_10nt_NXT_1295
IDT_10nt_NXT_1296,IDT_10nt_NXT_1296
IDT_10nt_NXT_1297,IDT_10nt_NXT_1297
IDT_10nt_NXT_1298,IDT_10nt_NXT_1298
IDT_10nt_NXT_1299,IDT_10nt_NXT_1299
IDT_10nt_NXT_1300,IDT_10nt_NXT_1300
IDT_10nt_NXT_1301,IDT_10nt_NXT_1301
IDT_10nt_NXT_1302,IDT_10nt_NXT_1302
IDT_10nt_NXT_1303,IDT_10nt_NXT_1303
IDT_10nt_NXT_1304,IDT_10nt_NXT_1304
IDT_10nt_NXT_1305,IDT_10nt_NXT_1305
IDT_10nt_NXT_1306,IDT_10nt_NXT_1306
IDT_10nt_NXT_1307,IDT_10nt_NXT_1307
IDT_10nt_NXT_1308,IDT_10nt_NXT_1308
IDT_10nt_NXT_1309,IDT_10nt_NXT_1309
IDT_10nt_NXT_1310,IDT_10nt_NXT_1310
IDT_10nt_NXT_1311,IDT_10nt_NXT_1311
IDT_10nt_NXT_1312,IDT_10nt_NXT_1312
IDT_10nt_NXT_1313,IDT_10nt_NXT_1313
IDT_10nt_NXT_1314,IDT_10nt_NXT_1314
IDT_10nt_NXT_1315,IDT_10nt_NXT_1315
IDT_10nt_NXT_1316,IDT_10nt_NXT_1316
IDT_10nt_NXT_1317,IDT_10nt_NXT_1317
IDT_10nt_NXT_1318,IDT_10nt_NXT_1318
IDT_10nt_NXT_1319,IDT_10nt_NXT_1319
IDT_10nt_NXT_1320,IDT_10nt_NXT_1320
IDT_10nt_NXT_1321,IDT_10nt_NXT_1321
IDT_10nt_NXT_1322,IDT_10nt_NXT_1322
IDT_10nt_NXT_1323,IDT_10nt_NXT_1323
IDT_10nt_NXT_1324,IDT_10nt_NXT_1324
IDT_10nt_NXT_1325,IDT_10nt_NXT_1325
IDT_10nt_NXT_1326,IDT_10nt_NXT_1326
IDT_10nt_NXT_1327,IDT_10nt_NXT_1327
IDT_10nt_NXT_1328,IDT_10nt_NXT_1328
IDT_10nt_NXT_1329,IDT_10nt_NXT_1329
IDT_10nt_NXT_1330,IDT_10nt_NXT_1330
IDT_10nt_NXT_1331,IDT_10nt_NXT_1331
IDT_10nt_NXT_1332,IDT_10nt_NXT_1332
IDT_10nt_NXT_1333,IDT_10nt_NXT_1333
IDT_10nt_NXT_1334,IDT_10nt_NXT_1334
IDT_10nt_NXT_1335,IDT_10nt_NXT_1335
IDT_10nt_NXT_1336,IDT_10nt_NXT_1336
IDT_10nt_NXT_1337,IDT_10nt_NXT_1337
IDT_10nt_NXT_1338,IDT_10nt_NXT_1338
IDT_10nt_NXT_1339,IDT_10nt_NXT_1339
IDT_10nt_NXT_1340,IDT_10nt_NXT_1340
IDT_10nt_NXT_1341,IDT_10nt_NXT_1341
IDT_10nt_NXT_1342,IDT_10nt_NXT_1342
IDT_10nt_NXT_1343,IDT_10nt_NXT_1343
IDT_10nt_NXT_1344,IDT_10nt_NXT_1344
IDT_10nt_NXT_1345,IDT_10nt_NXT_1345
IDT_10nt_NXT_1346,IDT_10nt_NXT_1346
IDT_10nt_NXT_1347,IDT_10nt_NXT_1347
IDT_10nt_NXT_1348,IDT_10nt_NXT_1348
IDT_10nt_NXT_1349,IDT_10nt_NXT_1349
IDT_10nt_NXT_1350,IDT_10nt_NXT_1350
IDT_10nt_NXT_1351,IDT_10nt_NXT_1351
IDT_10nt_NXT_1352,IDT_10nt_NXT_1352
IDT_10nt_NXT_1353,IDT_10nt_NXT_1353
IDT_10nt_NXT_1354,IDT_10nt_NXT_1354
IDT_10nt_NXT_1355,IDT_10nt_NXT_1355
IDT_10nt_NXT_1356,IDT_10nt_NXT_1356
IDT_10nt_NXT_1357,IDT_10nt_NXT_1357
IDT_10nt_NXT_1358,IDT_10nt_NXT_1358
IDT_10nt_NXT_1359,IDT_10nt_NXT_1359
IDT_10nt_NXT_1360,IDT_10nt_NXT_1360
IDT_10nt_NXT_1361,IDT_10nt_NXT_1361
IDT_10nt_NXT_1362,IDT_10nt_NXT_1362
IDT_10nt_NXT_1363,IDT_10nt_NXT_1363
IDT_10nt_NXT_1364,IDT_10nt_NXT_1364
IDT_10nt_NXT_1365,IDT_10nt_NXT_1365
IDT_10nt_NXT_1366,IDT_10nt_NXT_1366
IDT_10nt_NXT_1367,IDT_10nt_NXT_1367
IDT_10nt_NXT_1368,IDT_10nt_NXT_1368
IDT_10nt_NXT_1369,IDT_10nt_NXT_1369
IDT_10nt_NXT_1370,IDT_10nt_NXT_1370
IDT_10nt_NXT_1371,IDT_10nt_NXT_1371
IDT_10nt_NXT_1372,IDT_10nt_NXT_1372
IDT_10nt_NXT_1373,IDT_10nt_NXT_1373
IDT_10nt_NXT_1374,IDT_10nt_NXT_1374
IDT_10nt_NXT_1375,IDT_10nt_NXT_1375
IDT_10nt_NXT_1376,IDT_10nt_NXT_1376
IDT_10nt_NXT_1377,IDT_10nt_NXT_1377
IDT_10nt_NXT_1378,IDT_10nt_NXT_1378
IDT_10nt_NXT_1379,IDT_10nt_NXT_1379
IDT_10nt_NXT_1380,IDT_10nt_NXT_1380
IDT_10nt_NXT_1381,IDT_10nt_NXT_1381
IDT_10nt_NXT_1382,IDT_10nt_NXT_1382
IDT_10nt_NXT_1383,IDT_10nt_NXT_1383
IDT_10nt_NXT_1384,IDT_10nt_NXT_1384
IDT_10nt_NXT_1385,IDT_10nt_NXT_1385
IDT_10nt_NXT_1386,IDT_10nt_NXT_1386
IDT_10nt_NXT_1387,IDT_10nt_NXT_1387
IDT_10nt_NXT_1388,IDT_10nt_NXT_1388
IDT_10nt_NXT_1389,IDT_10nt_NXT_1389
IDT_10nt_NXT_1390,IDT_10nt_NXT_1390
IDT_10nt_NXT_1391,IDT_10nt_NXT_1391
IDT_10nt_NXT_1392,IDT_10nt_NXT_1392
IDT_10nt_NXT_1393,IDT_10nt_NXT_1393
IDT_10nt_NXT_1394,IDT_10nt_NXT_1394
IDT_10nt_NXT_1395,IDT_10nt_NXT_1395
IDT_10nt_NXT_1396,IDT_10nt_NXT_1396
IDT_10nt_NXT_1397,IDT_10nt_NXT_1397
IDT_10nt_NXT_1398,IDT_10nt_NXT_1398
IDT_10nt_NXT_1399,IDT_10nt_NXT_1399
IDT_10nt_NXT_1400,IDT_10nt_NXT_1400
IDT_10nt_NXT_1401,IDT_10nt_NXT_1401
IDT_10nt_NXT_1402,IDT_10nt_NXT_1402
IDT_10nt_NXT_1403,IDT_10nt_NXT_1403
IDT_10nt_NXT_1404,IDT_10nt_NXT_1404
IDT_10nt_NXT_1405,IDT_10nt_NXT_1405
IDT_10nt_NXT_1406,IDT_10nt_NXT_1406
IDT_10nt_NXT_1407,IDT_10nt_NXT_1407
IDT_10nt_NXT_1408,IDT_10nt_NXT_1408
IDT_10nt_NXT_1409,IDT_10nt_NXT_1409
IDT_10nt_NXT_1410,IDT_10nt_NXT_1410
IDT_10nt_NXT_1411,IDT_10nt_NXT_1411
IDT_10nt_NXT_1412,IDT_10nt_NXT_1412
IDT_10nt_NXT_1413,IDT_10nt_NXT_1413
IDT_10nt_NXT_1414,IDT_10nt_NXT_1414
IDT_10nt_NXT_1415,IDT_10nt_NXT_1415
IDT_10nt_NXT_1416,IDT_10nt_NXT_1416
IDT_10nt_NXT_1417,IDT_10nt_NXT_1417
IDT_10nt_NXT_1418,IDT_10nt_NXT_1418
IDT_10nt_NXT_1419,IDT_10nt_NXT_1419
IDT_10nt_NXT_1420,IDT_10nt_NXT_1420
IDT_10nt_NXT_1421,IDT_10nt_NXT_1421
IDT_10nt_NXT_1422,IDT_10nt_NXT_1422
IDT_10nt_NXT_1423,IDT_10nt_NXT_1423
IDT_10nt_NXT_1424,IDT_10nt_NXT_1424
IDT_10nt_NXT_1425,IDT_10nt_NXT_1425
IDT_10nt_NXT_1426,IDT_10nt_NXT_1426
IDT_10nt_NXT_1427,IDT_10nt_NXT_1427
IDT_10nt_NXT_1428,IDT_10nt_NXT_1428
IDT_10nt_NXT_1429,IDT_10nt_NXT_1429
IDT_10nt_NXT_1430,IDT_10nt_NXT_1430
IDT_10nt_NXT_1431,IDT_10nt_NXT_1431
IDT_10nt_NXT_1432,IDT_10nt_NXT_1432
IDT_10nt_NXT_1433,IDT_10nt_NXT_1433
IDT_10nt_NXT_1434,IDT_10nt_NXT_1434
IDT_10nt_NXT_1435,IDT_10nt_NXT_1435
IDT_10nt_NXT_1436,IDT_10nt_NXT_1436
IDT_10nt_NXT_1437,IDT_10nt_NXT_1437
IDT_10nt_NXT_1438,IDT_10nt_NXT_1438
IDT_10nt_NXT_1439,IDT_10nt_NXT_1439
IDT_10nt_NXT_1440,IDT_10nt_NXT_1440
IDT_10nt_NXT_1441,IDT_10nt_NXT_1441
IDT_10nt_NXT_1442,IDT_10nt_NXT_1442
IDT_10nt_NXT_1443,IDT_10nt_NXT_1443
IDT_10nt_NXT_1444,IDT_10nt_NXT_1444
IDT_10nt_NXT_1445,IDT_10nt_NXT_1445
IDT_10nt_NXT_1446,IDT_10nt_NXT_1446
IDT_10nt_NXT_1447,IDT_10nt_NXT_1447
IDT_10nt_NXT_1448,IDT_10nt_NXT_1448
IDT_10nt_NXT_1449,IDT_10nt_NXT_1449
IDT_10nt_NXT_1450,IDT_10nt_NXT_1450
IDT_10nt_NXT_1451,IDT_10nt_NXT_1451
IDT_10nt_NXT_1452,IDT_10nt_NXT_1452
IDT_10nt_NXT_1453,IDT_10nt_NXT_1453
IDT_10nt_NXT_1454,IDT_10nt_NXT_1454
IDT_10nt_NXT_1455,IDT_10nt_NXT_1455
IDT_10nt_NXT_1456,IDT_10nt_NXT_1456
IDT_10nt_NXT_1457,IDT_10nt_NXT_1457
IDT_10nt_NXT_1458,IDT_10nt_NXT_1458
IDT_10nt_NXT_1459,IDT_10nt_NXT_1459
IDT_10nt_NXT_1460,IDT_10nt_NXT_1460
IDT_10nt_NXT_1461,IDT_10nt_NXT_1461
IDT_10nt_NXT_1462,IDT_10nt_NXT_1462
IDT_10nt_NXT_1463,IDT_10nt_NXT_1463
IDT_10nt_NXT_1464,IDT_10nt_NXT_1464
IDT_10nt_NXT_1465,IDT_10nt_NXT_1465
IDT_10nt_NXT_1466,IDT_10nt_NXT_1466
IDT_10nt_NXT_1467,IDT_10nt_NXT_1467
IDT_10nt_NXT_1468,IDT_10nt_NXT_1468
IDT_10nt_NXT_1469,IDT_10nt_NXT_1469
IDT_10nt_NXT_1470,IDT_10nt_NXT_1470
IDT_10nt_NXT_1471,IDT_10nt_NXT_1471
IDT_10nt_NXT_1472,IDT_10nt_NXT_1472
IDT_10nt_NXT_1473,IDT_10nt_NXT_1473
IDT_10nt_NXT_1474,IDT_10nt_NXT_1474
IDT_10nt_NXT_1475,IDT_10nt_NXT_1475
IDT_10nt_NXT_1476,IDT_10nt_NXT_1476
IDT_10nt_NXT_1477,IDT_10nt_NXT_1477
IDT_10nt_NXT_1478,IDT_10nt_NXT_1478
IDT_10nt_NXT_1479,IDT_10nt_NXT_1479
IDT_10nt_NXT_1480,IDT_10nt_NXT_1480
IDT_10nt_NXT_1481,IDT_10nt_NXT_1481
IDT_10nt_NXT_1482,IDT_10nt_NXT_1482
IDT_10nt_NXT_1483,IDT_10nt_NXT_1483
IDT_10nt_NXT_1484,IDT_10nt_NXT_1484
IDT_10nt_NXT_1485,IDT_10nt_NXT_1485
IDT_10nt_NXT_1486,IDT_10nt_NXT_1486
IDT_10nt_NXT_1487,IDT_10nt_NXT_1487
IDT_10nt_NXT_1488,IDT_10nt_NXT_1488
IDT_10nt_NXT_1489,IDT_10nt_NXT_1489
IDT_10nt_NXT_1490,IDT_10nt_NXT_1490
IDT_10nt_NXT_1491,IDT_10nt_NXT_1491
IDT_10nt_NXT_1492,IDT_10nt_NXT_1492
IDT_10nt_NXT_1493,IDT_10nt_NXT_1493
IDT_10nt_NXT_1494,IDT_10nt_NXT_1494
IDT_10nt_NXT_1495,IDT_10nt_NXT_1495
IDT_10nt_NXT_1496,IDT_10nt_NXT_1496
IDT_10nt_NXT_1497,IDT_10nt_NXT_1497
IDT_10nt_NXT_1498,IDT_10nt_NXT_1498
IDT_10nt_NXT_1499,IDT_10nt_NXT_1499
IDT_10nt_NXT_1500,IDT_10nt_NXT_1500
IDT_10nt_NXT_1501,IDT_10nt_NXT_1501
IDT_10nt_NXT_1502,IDT_10nt_NXT_1502
IDT_10nt_NXT_1503,IDT_10nt_NXT_1503
IDT_10nt_NXT_1504,IDT_10nt_NXT_1504
IDT_10nt_NXT_1505,IDT_10nt_NXT_1505
IDT_10nt_NXT_1506,IDT_10nt_NXT_1506
IDT_10nt_NXT_1507,IDT_10nt_NXT_1507
IDT_10nt_NXT_1508,IDT_10nt_NXT_1508
IDT_10nt_NXT_1509,IDT_10nt_NXT_1509
IDT_10nt_NXT_1510,IDT_10nt_NXT_1510
IDT_10nt_NXT_1511,IDT_10nt_NXT_1511
IDT_10nt_NXT_1512,IDT_10nt_NXT_1512
IDT_10nt_NXT_1513,IDT_10nt_NXT_1513
IDT_10nt_NXT_1514,IDT_10nt_NXT_1514
IDT_10nt_NXT_1515,IDT_10nt_NXT_1515
IDT_10nt_NXT_1516,IDT_10nt_NXT_1516
IDT_10nt_NXT_1517,IDT_10nt_NXT_1517
IDT_10nt_NXT_1518,IDT_10nt_NXT_1518
IDT_10nt_NXT_1519,IDT_10nt_NXT_1519
IDT_10nt_NXT_1520,IDT_10nt_NXT_1520
IDT_10nt_NXT_1521,IDT_10nt_NXT_1521
IDT_10nt_NXT_1522,IDT_10nt_NXT_1522
IDT_10nt_NXT_1523,IDT_10nt_NXT_1523
IDT_10nt_NXT_1524,IDT_10nt_NXT_1524
IDT_10nt_NXT_1525,IDT_10nt_NXT_1525
IDT_10nt_NXT_1526,IDT_10nt_NXT_1526
IDT_10nt_NXT_1527,IDT_10nt_NXT_1527
IDT_10nt_NXT_1528,IDT_10nt_NXT_1528
IDT_10nt_NXT_1529,IDT_10nt_NXT_1529
IDT_10nt_NXT_1530,IDT_10nt_NXT_1530
IDT_10nt_NXT_1531,IDT_10nt_NXT_1531
IDT_10nt_NXT_1532,IDT_10nt_NXT_1532
IDT_10nt_NXT_1533,IDT_10nt_NXT_1533
IDT_10nt_NXT_1534,IDT_10nt_NXT_1534
IDT_10nt_NXT_1535,IDT_10nt_NXT_1535
IDT_10nt_NXT_1536,IDT_10nt_NXT_1536
IDT_10nt_NXT_1537,IDT_10nt_NXT_1537
IDT_10nt_NXT_1538,IDT_10nt_NXT_1538
IDT_10nt_NXT_1539,IDT_10nt_NXT_1539
IDT_10nt_NXT_1540,IDT_10nt_NXT_1540
IDT_10nt_NXT_1541,IDT_10nt_NXT_1541
IDT_10nt_NXT_1542,IDT_10nt_NXT_1542
IDT_10nt_NXT_1543,IDT_10nt_NXT_1543
IDT_10nt_NXT_1544,IDT_10nt_NXT_1544
IDT_10nt_NXT_1545,IDT_10nt_NXT_1545
IDT_10nt_NXT_1546,IDT_10nt_NXT_1546
IDT_10nt_NXT_1547,IDT_10nt_NXT_1547
IDT_10nt_NXT_1548,IDT_10nt_NXT_1548
IDT_10nt_NXT_1549,IDT_10nt_NXT_1549
IDT_10nt_NXT_1550,IDT_10nt_NXT_1550
IDT_10nt_NXT_1551,IDT_10nt_NXT_1551
IDT_10nt_NXT_1552,IDT_10nt_NXT_1552
IDT_10nt_NXT_1553,IDT_10nt_NXT_1553
IDT_10nt_NXT_1554,IDT_10nt_NXT_1554
IDT_10nt_NXT_1555,IDT_10nt_NXT_1555
IDT_10nt_NXT_1556,IDT_10nt_NXT_1556
IDT_10nt_NXT_1557,IDT_10nt_NXT_1557
IDT_10nt_NXT_1558,IDT_10nt_NXT_1558
IDT_10nt_NXT_1559,IDT_10nt_NXT_1559
IDT_10nt_NXT_1560,IDT_10nt_NXT_1560
IDT_10nt_NXT_1561,IDT_10nt_NXT_1561
IDT_10nt_NXT_1562,IDT_10nt_NXT_1562
IDT_10nt_NXT_1563,IDT_10nt_NXT_1563
IDT_10nt_NXT_1564,IDT_10nt_NXT_1564
IDT_10nt_NXT_1565,IDT_10nt_NXT_1565
IDT_10nt_NXT_1566,IDT_10nt_NXT_1566
IDT_10nt_NXT_1567,IDT_10nt_NXT_1567
IDT_10nt_NXT_1568,IDT_10nt_NXT_1568
IDT_10nt_NXT_1569,IDT_10nt_NXT_1569
IDT_10nt_NXT_1570,IDT_10nt_NXT_1570
IDT_10nt_NXT_1571,IDT_10nt_NXT_1571
IDT_10nt_NXT_1572,IDT_10nt_NXT_1572
IDT_10nt_NXT_1573,IDT_10nt_NXT_1573
IDT_10nt_NXT_1574,IDT_10nt_NXT_1574
IDT_10nt_NXT_1575,IDT_10nt_NXT_1575
IDT_10nt_NXT_1576,IDT_10nt_NXT_1576
IDT_10nt_NXT_1577,IDT_10nt_NXT_1577
IDT_10nt_NXT_1578,IDT_10nt_NXT_1578
IDT_10nt_NXT_1579,IDT_10nt_NXT_1579
IDT_10nt_NXT_1580,IDT_10nt_NXT_1580
IDT_10nt_NXT_1581,IDT_10nt_NXT_1581
IDT_10nt_NXT_1582,IDT_10nt_NXT_1582
IDT_10nt_NXT_1583,IDT_10nt_NXT_1583
IDT_10nt_NXT_1584,IDT_10nt_NXT_1584
IDT_10nt_NXT_1585,IDT_10nt_NXT_1585
IDT_10nt_NXT_1586,IDT_10nt_NXT_1586
IDT_10nt_NXT_1587,IDT_10nt_NXT_1587
IDT_10nt_NXT_1588,IDT_10nt_NXT_1588
IDT_10nt_NXT_1589,IDT_10nt_NXT_1589
IDT_10nt_NXT_1590,IDT_10nt_NXT_1590
IDT_10nt_NXT_1591,IDT_10nt_NXT_1591
IDT_10nt_NXT_1592,IDT_10nt_NXT_1592
IDT_10nt_NXT_1593,IDT_10nt_NXT_1593
IDT_10nt_NXT_1594,IDT_10nt_NXT_1594
IDT_10nt_NXT_1595,IDT_10nt_NXT_1595
IDT_10nt_NXT_1596,IDT_10nt_NXT_1596
IDT_10nt_NXT_1597,IDT_10nt_NXT_1597
IDT_10nt_NXT_1598,IDT_10nt_NXT_1598
IDT_10nt_NXT_1599,IDT_10nt_NXT_1599
IDT_10nt_NXT_1600,IDT_10nt_NXT_1600
IDT_10nt_NXT_1601,IDT_10nt_NXT_1601
IDT_10nt_NXT_1602,IDT_10nt_NXT_1602
IDT_10nt_NXT_1603,IDT_10nt_NXT_1603
IDT_10nt_NXT_1604,IDT_10nt_NXT_1604
IDT_10nt_NXT_1605,IDT_10nt_NXT_1605
IDT_10nt_NXT_1606,IDT_10nt_NXT_1606
IDT_10nt_NXT_1607,IDT_10nt_NXT_1607
IDT_10nt_NXT_1608,IDT_10nt_NXT_1608
IDT_10nt_NXT_1609,IDT_10nt_NXT_1609
IDT_10nt_NXT_1610,IDT_10nt_NXT_1610
IDT_10nt_NXT_1611,IDT_10nt_NXT_1611
IDT_10nt_NXT_1612,IDT_10nt_NXT_1612
IDT_10nt_NXT_1613,IDT_10nt_NXT_1613
IDT_10nt_NXT_1614,IDT_10nt_NXT_1614
IDT_10nt_NXT_1615,IDT_10nt_NXT_1615
IDT_10nt_NXT_1616,IDT_10nt_NXT_1616
IDT_10nt_NXT_1617,IDT_10nt_NXT_1617
IDT_10nt_NXT_1618,IDT_10nt_NXT_1618
IDT_10nt_NXT_1619,IDT_10nt_NXT_1619
IDT_10nt_NXT_1620,IDT_10nt_NXT_1620
IDT_10nt_NXT_1621,IDT_10nt_NXT_1621
IDT_10nt_NXT_1622,IDT_10nt_NXT_1622
IDT_10nt_NXT_1623,IDT_10nt_NXT_1623
IDT_10nt_NXT_1624,IDT_10nt_NXT_1624
IDT_10nt_NXT_1625,IDT_10nt_NXT_1625
IDT_10nt_NXT_1626,IDT_10nt_NXT_1626
IDT_10nt_NXT_1627,IDT_10nt_NXT_1627
IDT_10nt_NXT_1628,IDT_10nt_NXT_1628
IDT_10nt_NXT_1629,IDT_10nt_NXT_1629
IDT_10nt_NXT_1630,IDT_10nt_NXT_1630
IDT_10nt_NXT_1631,IDT_10nt_NXT_1631
IDT_10nt_NXT_1632,IDT_10nt_NXT_1632
IDT_10nt_NXT_1633,IDT_10nt_NXT_1633
IDT_10nt_NXT_1634,IDT_10nt_NXT_1634
IDT_10nt_NXT_1635,IDT_10nt_NXT_1635
IDT_10nt_NXT_1636,IDT_10nt_NXT_1636
IDT_10nt_NXT_1637,IDT_10nt_NXT_1637
IDT_10nt_NXT_1638,IDT_10nt_NXT_1638
IDT_10nt_NXT_1639,IDT_10nt_NXT_1639
IDT_10nt_NXT_1640,IDT_10nt_NXT_1640
IDT_10nt_NXT_1641,IDT_10nt_NXT_1641
IDT_10nt_NXT_1642,IDT_10nt_NXT_1642
IDT_10nt_NXT_1643,IDT_10nt_NXT_1643
IDT_10nt_NXT_1644,IDT_10nt_NXT_1644
IDT_10nt_NXT_1645,IDT_10nt_NXT_1645
IDT_10nt_NXT_1646,IDT_10nt_NXT_1646
IDT_10nt_NXT_1647,IDT_10nt_NXT_1647
IDT_10nt_NXT_1648,IDT_10nt_NXT_1648
IDT_10nt_NXT_1649,IDT_10nt_NXT_1649
IDT_10nt_NXT_1650,IDT_10nt_NXT_1650
IDT_10nt_NXT_1651,IDT_10nt_NXT_1651
IDT_10nt_NXT_1652,IDT_10nt_NXT_1652
IDT_10nt_NXT_1653,IDT_10nt_NXT_1653
IDT_10nt_NXT_1654,IDT_10nt_NXT_1654
IDT_10nt_NXT_1655,IDT_10nt_NXT_1655
IDT_10nt_NXT_1656,IDT_10nt_NXT_1656
IDT_10nt_NXT_1657,IDT_10nt_NXT_1657
IDT_10nt_NXT_1658,IDT_10nt_NXT_1658
IDT_10nt_NXT_1659,IDT_10nt_NXT_1659
IDT_10nt_NXT_1660,IDT_10nt_NXT_1660
IDT_10nt_NXT_1661,IDT_10nt_NXT_1661
IDT_10nt_NXT_1662,IDT_10nt_NXT_1662
IDT_10nt_NXT_1663,IDT_10nt_NXT_1663
IDT_10nt_NXT_1664,IDT_10nt_NXT_1664
IDT_10nt_NXT_1665,IDT_10nt_NXT_1665
IDT_10nt_NXT_1666,IDT_10nt_NXT_1666
IDT_10nt_NXT_1667,IDT_10nt_NXT_1667
IDT_10nt_NXT_1668,IDT_10nt_NXT_1668
IDT_10nt_NXT_1669,IDT_10nt_NXT_1669
IDT_10nt_NXT_1670,IDT_10nt_NXT_1670
IDT_10nt_NXT_1671,IDT_10nt_NXT_1671
IDT_10nt_NXT_1672,IDT_10nt_NXT_1672
IDT_10nt_NXT_1673,IDT_10nt_NXT_1673
IDT_10nt_NXT_1674,IDT_10nt_NXT_1674
IDT_10nt_NXT_1675,IDT_10nt_NXT_1675
IDT_10nt_NXT_1676,IDT_10nt_NXT_1676
IDT_10nt_NXT_1677,IDT_10nt_NXT_1677
IDT_10nt_NXT_1678,IDT_10nt_NXT_1678
IDT_10nt_NXT_1679,IDT_10nt_NXT_1679
IDT_10nt_NXT_1680,IDT_10nt_NXT_1680
IDT_10nt_NXT_1681,IDT_10nt_NXT_1681
IDT_10nt_NXT_1682,IDT_10nt_NXT_1682
IDT_10nt_NXT_1683,IDT_10nt_NXT_1683
IDT_10nt_NXT_1684,IDT_10nt_NXT_1684
IDT_10nt_NXT_1685,IDT_10nt_NXT_1685
IDT_10nt_NXT_1686,IDT_10nt_NXT_1686
IDT_10nt_NXT_1687,IDT_10nt_NXT_1687
IDT_10nt_NXT_1688,IDT_10nt_NXT_1688
IDT_10nt_NXT_1689,IDT_10nt_NXT_1689
IDT_10nt_NXT_1690,IDT_10nt_NXT_1690
IDT_10nt_NXT_1691,IDT_10nt_NXT_1691
IDT_10nt_NXT_1692,IDT_10nt_NXT_1692
IDT_10nt_NXT_1693,IDT_10nt_NXT_1693
IDT_10nt_NXT_1694,IDT_10nt_NXT_1694
IDT_10nt_NXT_1695,IDT_10nt_NXT_1695
IDT_10nt_NXT_1696,IDT_10nt_NXT_1696
IDT_10nt_NXT_1697,IDT_10nt_NXT_1697
IDT_10nt_NXT_1698,IDT_10nt_NXT_1698
IDT_10nt_NXT_1699,IDT_10nt_NXT_1699
IDT_10nt_NXT_1700,IDT_10nt_NXT_1700
IDT_10nt_NXT_1701,IDT_10nt_NXT_1701
IDT_10nt_NXT_1702,IDT_10nt_NXT_1702
IDT_10nt_NXT_1703,IDT_10nt_NXT_1703
IDT_10nt_NXT_1704,IDT_10nt_NXT_1704
IDT_10nt_NXT_1705,IDT_10nt_NXT_1705
IDT_10nt_NXT_1706,IDT_10nt_NXT_1706
IDT_10nt_NXT_1707,IDT_10nt_NXT_1707
IDT_10nt_NXT_1708,IDT_10nt_NXT_1708
IDT_10nt_NXT_1709,IDT_10nt_NXT_1709
IDT_10nt_NXT_1710,IDT_10nt_NXT_1710
IDT_10nt_NXT_1711,IDT_10nt_NXT_1711
IDT_10nt_NXT_1712,IDT_10nt_NXT_1712
IDT_10nt_NXT_1713,IDT_10nt_NXT_1713
IDT_10nt_NXT_1714,IDT_10nt_NXT_1714
IDT_10nt_NXT_1715,IDT_10nt_NXT_1715
IDT_10nt_NXT_1716,IDT_10nt_NXT_1716
IDT_10nt_NXT_1717,IDT_10nt_NXT_1717
IDT_10nt_NXT_1718,IDT_10nt_NXT_1718
IDT_10nt_NXT_1719,IDT_10nt_NXT_1719
IDT_10nt_NXT_1720,IDT_10nt_NXT_1720
IDT_10nt_NXT_1721,IDT_10nt_NXT_1721
IDT_10nt_NXT_1722,IDT_10nt_NXT_1722
IDT_10nt_NXT_1723,IDT_10nt_NXT_1723
IDT_10nt_NXT_1724,IDT_10nt_NXT_1724
IDT_10nt_NXT_1725,IDT_10nt_NXT_1725
IDT_10nt_NXT_1726,IDT_10nt_NXT_1726
IDT_10nt_NXT_1727,IDT_10nt_NXT_1727
IDT_10nt_NXT_1728,IDT_10nt_NXT_1728
IDT_10nt_NXT_1729,IDT_10nt_NXT_1729
IDT_10nt_NXT_1730,IDT_10nt_NXT_1730
IDT_10nt_NXT_1731,IDT_10nt_NXT_1731
IDT_10nt_NXT_1732,IDT_10nt_NXT_1732
IDT_10nt_NXT_1733,IDT_10nt_NXT_1733
IDT_10nt_NXT_1734,IDT_10nt_NXT_1734
IDT_10nt_NXT_1735,IDT_10nt_NXT_1735
IDT_10nt_NXT_1736,IDT_10nt_NXT_1736
IDT_10nt_NXT_1737,IDT_10nt_NXT_1737
IDT_10nt_NXT_1738,IDT_10nt_NXT_1738
IDT_10nt_NXT_1739,IDT_10nt_NXT_1739
IDT_10nt_NXT_1740,IDT_10nt_NXT_1740
IDT_10nt_NXT_1741,IDT_10nt_NXT_1741
IDT_10nt_NXT_1742,IDT_10nt_NXT_1742
IDT_10nt_NXT_1743,IDT_10nt_NXT_1743
IDT_10nt_NXT_1744,IDT_10nt_NXT_1744
IDT_10nt_NXT_1745,IDT_10nt_NXT_1745
IDT_10nt_NXT_1746,IDT_10nt_NXT_1746
IDT_10nt_NXT_1747,IDT_10nt_NXT_1747
IDT_10nt_NXT_1748,IDT_10nt_NXT_1748
IDT_10nt_NXT_1749,IDT_10nt_NXT_1749
IDT_10nt_NXT_1750,IDT_10nt_NXT_1750
IDT_10nt_NXT_1751,IDT_10nt_NXT_1751
IDT_10nt_NXT_1752,IDT_10nt_NXT_1752
IDT_10nt_NXT_1753,IDT_10nt_NXT_1753
IDT_10nt_NXT_1754,IDT_10nt_NXT_1754
IDT_10nt_NXT_1755,IDT_10nt_NXT_1755
IDT_10nt_NXT_1756,IDT_10nt_NXT_1756
IDT_10nt_NXT_1757,IDT_10nt_NXT_1757
IDT_10nt_NXT_1758,IDT_10nt_NXT_1758
IDT_10nt_NXT_1759,IDT_10nt_NXT_1759
IDT_10nt_NXT_1760,IDT_10nt_NXT_1760
IDT_10nt_NXT_1761,IDT_10nt_NXT_1761
IDT_10nt_NXT_1762,IDT_10nt_NXT_1762
IDT_10nt_NXT_1763,IDT_10nt_NXT_1763
IDT_10nt_NXT_1764,IDT_10nt_NXT_1764
IDT_10nt_NXT_1765,IDT_10nt_NXT_1765
IDT_10nt_NXT_1766,IDT_10nt_NXT_1766
IDT_10nt_NXT_1767,IDT_10nt_NXT_1767
IDT_10nt_NXT_1768,IDT_10nt_NXT_1768
IDT_10nt_NXT_1769,IDT_10nt_NXT_1769
IDT_10nt_NXT_1770,IDT_10nt_NXT_1770
IDT_10nt_NXT_1771,IDT_10nt_NXT_1771
IDT_10nt_NXT_1772,IDT_10nt_NXT_1772
IDT_10nt_NXT_1773,IDT_10nt_NXT_1773
IDT_10nt_NXT_1774,IDT_10nt_NXT_1774
IDT_10nt_NXT_1775,IDT_10nt_NXT_1775
IDT_10nt_NXT_1776,IDT_10nt_NXT_1776
IDT_10nt_NXT_1777,IDT_10nt_NXT_1777
IDT_10nt_NXT_1778,IDT_10nt_NXT_1778
IDT_10nt_NXT_1779,IDT_10nt_NXT_1779
IDT_10nt_NXT_1780,IDT_10nt_NXT_1780
IDT_10nt_NXT_1781,IDT_10nt_NXT_1781
IDT_10nt_NXT_1782,IDT_10nt_NXT_1782
IDT_10nt_NXT_1783,IDT_10nt_NXT_1783
IDT_10nt_NXT_1784,IDT_10nt_NXT_1784
IDT_10nt_NXT_1785,IDT_10nt_NXT_1785
IDT_10nt_NXT_1786,IDT_10nt_NXT_1786
IDT_10nt_NXT_1787,IDT_10nt_NXT_1787
IDT_10nt_NXT_1788,IDT_10nt_NXT_1788
IDT_10nt_NXT_1789,IDT_10nt_NXT_1789
IDT_10nt_NXT_1790,IDT_10nt_NXT_1790
IDT_10nt_NXT_1791,IDT_10nt_NXT_1791
IDT_10nt_NXT_1792,IDT_10nt_NXT_1792
IDT_10nt_NXT_1793,IDT_10nt_NXT_1793
IDT_10nt_NXT_1794,IDT_10nt_NXT_1794
IDT_10nt_NXT_1795,IDT_10nt_NXT_1795
IDT_10nt_NXT_1796,IDT_10nt_NXT_1796
IDT_10nt_NXT_1797,IDT_10nt_NXT_1797
IDT_10nt_NXT_1798,IDT_10nt_NXT_1798
IDT_10nt_NXT_1799,IDT_10nt_NXT_1799
IDT_10nt_NXT_1800,IDT_10nt_NXT_1800
IDT_10nt_NXT_1801,IDT_10nt_NXT_1801
IDT_10nt_NXT_1802,IDT_10nt_NXT_1802
IDT_10nt_NXT_1803,IDT_10nt_NXT_1803
IDT_10nt_NXT_1804,IDT_10nt_NXT_1804
IDT_10nt_NXT_1805,IDT_10nt_NXT_1805
IDT_10nt_NXT_1806,IDT_10nt_NXT_1806
IDT_10nt_NXT_1807,IDT_10nt_NXT_1807
IDT_10nt_NXT_1808,IDT_10nt_NXT_1808
IDT_10nt_NXT_1809,IDT_10nt_NXT_1809
IDT_10nt_NXT_1810,IDT_10nt_NXT_1810
IDT_10nt_NXT_1811,IDT_10nt_NXT_1811
IDT_10nt_NXT_1812,IDT_10nt_NXT_1812
IDT_10nt_NXT_1813,IDT_10nt_NXT_1813
IDT_10nt_NXT_1814,IDT_10nt_NXT_1814
IDT_10nt_NXT_1815,IDT_10nt_NXT_1815
IDT_10nt_NXT_1816,IDT_10nt_NXT_1816
IDT_10nt_NXT_1817,IDT_10nt_NXT_1817
IDT_10nt_NXT_1818,IDT_10nt_NXT_1818
IDT_10nt_NXT_1819,IDT_10nt_NXT_1819
IDT_10nt_NXT_1820,IDT_10nt_NXT_1820
IDT_10nt_NXT_1821,IDT_10nt_NXT_1821
IDT_10nt_NXT_1822,IDT_10nt_NXT_1822
IDT_10nt_NXT_1823,IDT_10nt_NXT_1823
IDT_10nt_NXT_1824,IDT_10nt_NXT_1824
IDT_10nt_NXT_1825,IDT_10nt_NXT_1825
IDT_10nt_NXT_1826,IDT_10nt_NXT_1826
IDT_10nt_NXT_1827,IDT_10nt_NXT_1827
IDT_10nt_NXT_1828,IDT_10nt_NXT_1828
IDT_10nt_NXT_1829,IDT_10nt_NXT_1829
IDT_10nt_NXT_1830,IDT_10nt_NXT_1830
IDT_10nt_NXT_1831,IDT_10nt_NXT_1831
IDT_10nt_NXT_1832,IDT_10nt_NXT_1832
IDT_10nt_NXT_1833,IDT_10nt_NXT_1833
IDT_10nt_NXT_1834,IDT_10nt_NXT_1834
IDT_10nt_NXT_1835,IDT_10nt_NXT_1835
IDT_10nt_NXT_1836,IDT_10nt_NXT_1836
IDT_10nt_NXT_1837,IDT_10nt_NXT_1837
IDT_10nt_NXT_1838,IDT_10nt_NXT_1838
IDT_10nt_NXT_1839,IDT_10nt_NXT_1839
IDT_10nt_NXT_1840,IDT_10nt_NXT_1840
IDT_10nt_NXT_1841,IDT_10nt_NXT_1841
IDT_10nt_NXT_1842,IDT_10nt_NXT_1842
IDT_10nt_NXT_1843,IDT_10nt_NXT_1843
IDT_10nt_NXT_1844,IDT_10nt_NXT_1844
IDT_10nt_NXT_1845,IDT_10nt_NXT_1845
IDT_10nt_NXT_1846,IDT_10nt_NXT_1846
IDT_10nt_NXT_1847,IDT_10nt_NXT_1847
IDT_10nt_NXT_1848,IDT_10nt_NXT_1848
IDT_10nt_NXT_1849,IDT_10nt_NXT_1849
IDT_10nt_NXT_1850,IDT_10nt_NXT_1850
IDT_10nt_NXT_1851,IDT_10nt_NXT_1851
IDT_10nt_NXT_1852,IDT_10nt_NXT_1852
IDT_10nt_NXT_1853,IDT_10nt_NXT_1853
IDT_10nt_NXT_1854,IDT_10nt_NXT_1854
IDT_10nt_NXT_1855,IDT_10nt_NXT_1855
IDT_10nt_NXT_1856,IDT_10nt_NXT_1856
IDT_10nt_NXT_1857,IDT_10nt_NXT_1857
IDT_10nt_NXT_1858,IDT_10nt_NXT_1858
IDT_10nt_NXT_1859,IDT_10nt_NXT_1859
IDT_10nt_NXT_1860,IDT_10nt_NXT_1860
IDT_10nt_NXT_1861,IDT_10nt_NXT_1861
IDT_10nt_NXT_1862,IDT_10nt_NXT_1862
IDT_10nt_NXT_1863,IDT_10nt_NXT_1863
IDT_10nt_NXT_1864,IDT_10nt_NXT_1864
IDT_10nt_NXT_1865,IDT_10nt_NXT_1865
IDT_10nt_NXT_1866,IDT_10nt_NXT_1866
IDT_10nt_NXT_1867,IDT_10nt_NXT_1867
IDT_10nt_NXT_1868,IDT_10nt_NXT_1868
IDT_10nt_NXT_1869,IDT_10nt_NXT_1869
IDT_10nt_NXT_1870,IDT_10nt_NXT_1870
IDT_10nt_NXT_1871,IDT_10nt_NXT_1871
IDT_10nt_NXT_1872,IDT_10nt_NXT_1872
IDT_10nt_NXT_1873,IDT_10nt_NXT_1873
IDT_10nt_NXT_1874,IDT_10nt_NXT_1874
IDT_10nt_NXT_1875,IDT_10nt_NXT_1875
IDT_10nt_NXT_1876,IDT_10nt_NXT_1876
IDT_10nt_NXT_1877,IDT_10nt_NXT_1877
IDT_10nt_NXT_1878,IDT_10nt_NXT_1878
IDT_10nt_NXT_1879,IDT_10nt_NXT_1879
IDT_10nt_NXT_1880,IDT_10nt_NXT_1880
IDT_10nt_NXT_1881,IDT_10nt_NXT_1881
IDT_10nt_NXT_1882,IDT_10nt_NXT_1882
IDT_10nt_NXT_1883,IDT_10nt_NXT_1883
IDT_10nt_NXT_1884,IDT_10nt_NXT_1884
IDT_10nt_NXT_1885,IDT_10nt_NXT_1885
IDT_10nt_NXT_1886,IDT_10nt_NXT_1886
IDT_10nt_NXT_1887,IDT_10nt_NXT_1887
IDT_10nt_NXT_1888,IDT_10nt_NXT_1888
IDT_10nt_NXT_1889,IDT_10nt_NXT_1889
IDT_10nt_NXT_1890,IDT_10nt_NXT_1890
IDT_10nt_NXT_1891,IDT_10nt_NXT_1891
IDT_10nt_NXT_1892,IDT_10nt_NXT_1892
IDT_10nt_NXT_1893,IDT_10nt_NXT_1893
IDT_10nt_NXT_1894,IDT_10nt_NXT_1894
IDT_10nt_NXT_1895,IDT_10nt_NXT_1895
IDT_10nt_NXT_1896,IDT_10nt_NXT_1896
IDT_10nt_NXT_1897,IDT_10nt_NXT_1897
IDT_10nt_NXT_1898,IDT_10nt_NXT_1898
IDT_10nt_NXT_1899,IDT_10nt_NXT_1899
IDT_10nt_NXT_1900,IDT_10nt_NXT_1900
IDT_10nt_NXT_1901,IDT_10nt_NXT_1901
IDT_10nt_NXT_1902,IDT_10nt_NXT_1902
IDT_10nt_NXT_1903,IDT_10nt_NXT_1903
IDT_10nt_NXT_1904,IDT_10nt_NXT_1904
IDT_10nt_NXT_1905,IDT_10nt_NXT_1905
IDT_10nt_NXT_1906,IDT_10nt_NXT_1906
IDT_10nt_NXT_1907,IDT_10nt_NXT_1907
IDT_10nt_NXT_1908,IDT_10nt_NXT_1908
IDT_10nt_NXT_1909,IDT_10nt_NXT_1909
IDT_10nt_NXT_1910,IDT_10nt_NXT_1910
IDT_10nt_NXT_1911,IDT_10nt_NXT_1911
IDT_10nt_NXT_1912,IDT_10nt_NXT_1912
IDT_10nt_NXT_1913,IDT_10nt_NXT_1913
IDT_10nt_NXT_1914,IDT_10nt_NXT_1914
IDT_10nt_NXT_1915,IDT_10nt_NXT_1915
IDT_10nt_NXT_1916,IDT_10nt_NXT_1916
IDT_10nt_NXT_1917,IDT_10nt_NXT_1917
IDT_10nt_NXT_1918,IDT_10nt_NXT_1918
IDT_10nt_NXT_1919,IDT_10nt_NXT_1919
IDT_10nt_NXT_1920,IDT_10nt_NXT_1920
IDT_10nt_NXT_1921,IDT_10nt_NXT_1921
IDT_10nt_NXT_1922,IDT_10nt_NXT_1922
IDT_10nt_NXT_1923,IDT_10nt_NXT_1923
IDT_10nt_NXT_1924,IDT_10nt_NXT_1924
IDT_10nt_NXT_1925,IDT_10nt_NXT_1925
IDT_10nt_NXT_1926,IDT_10nt_NXT_1926
IDT_10nt_NXT_1927,IDT_10nt_NXT_1927
IDT_10nt_NXT_1928,IDT_10nt_NXT_1928
IDT_10nt_NXT_1929,IDT_10nt_NXT_1929
IDT_10nt_NXT_1930,IDT_10nt_NXT_1930
IDT_10nt_NXT_1931,IDT_10nt_NXT_1931
IDT_10nt_NXT_1932,IDT_10nt_NXT_1932
IDT_10nt_NXT_1933,IDT_10nt_NXT_1933
IDT_10nt_NXT_1934,IDT_10nt_NXT_1934
IDT_10nt_NXT_1935,IDT_10nt_NXT_1935
IDT_10nt_NXT_1936,IDT_10nt_NXT_1936
IDT_10nt_NXT_1937,IDT_10nt_NXT_1937
IDT_10nt_NXT_1938,IDT_10nt_NXT_1938
IDT_10nt_NXT_1939,IDT_10nt_NXT_1939
IDT_10nt_NXT_1940,IDT_10nt_NXT_1940
IDT_10nt_NXT_1941,IDT_10nt_NXT_1941
IDT_10nt_NXT_1942,IDT_10nt_NXT_1942
IDT_10nt_NXT_1943,IDT_10nt_NXT_1943
IDT_10nt_NXT_1944,IDT_10nt_NXT_1944
IDT_10nt_NXT_1945,IDT_10nt_NXT_1945
IDT_10nt_NXT_1946,IDT_10nt_NXT_1946
IDT_10nt_NXT_1947,IDT_10nt_NXT_1947
IDT_10nt_NXT_1948,IDT_10nt_NXT_1948
IDT_10nt_NXT_1949,IDT_10nt_NXT_1949
IDT_10nt_NXT_1950,IDT_10nt_NXT_1950
IDT_10nt_NXT_1951,IDT_10nt_NXT_1951
IDT_10nt_NXT_1952,IDT_10nt_NXT_1952
IDT_10nt_NXT_1953,IDT_10nt_NXT_1953
IDT_10nt_NXT_1954,IDT_10nt_NXT_1954
IDT_10nt_NXT_1955,IDT_10nt_NXT_1955
IDT_10nt_NXT_1956,IDT_10nt_NXT_1956
IDT_10nt_NXT_1957,IDT_10nt_NXT_1957
IDT_10nt_NXT_1958,IDT_10nt_NXT_1958
IDT_10nt_NXT_1959,IDT_10nt_NXT_1959
IDT_10nt_NXT_1960,IDT_10nt_NXT_1960
IDT_10nt_NXT_1961,IDT_10nt_NXT_1961
IDT_10nt_NXT_1962,IDT_10nt_NXT_1962
IDT_10nt_NXT_1963,IDT_10nt_NXT_1963
IDT_10nt_NXT_1964,IDT_10nt_NXT_1964
IDT_10nt_NXT_1965,IDT_10nt_NXT_1965
IDT_10nt_NXT_1966,IDT_10nt_NXT_1966
IDT_10nt_NXT_1967,IDT_10nt_NXT_1967
IDT_10nt_NXT_1968,IDT_10nt_NXT_1968
IDT_10nt_NXT_1969,IDT_10nt_NXT_1969
IDT_10nt_NXT_1970,IDT_10nt_NXT_1970
IDT_10nt_NXT_1971,IDT_10nt_NXT_1971
IDT_10nt_NXT_1972,IDT_10nt_NXT_1972
IDT_10nt_NXT_1973,IDT_10nt_NXT_1973
IDT_10nt_NXT_1974,IDT_10nt_NXT_1974
IDT_10nt_NXT_1975,IDT_10nt_NXT_1975
IDT_10nt_NXT_1976,IDT_10nt_NXT_1976
IDT_10nt_NXT_1977,IDT_10nt_NXT_1977
IDT_10nt_NXT_1978,IDT_10nt_NXT_1978
IDT_10nt_NXT_1979,IDT_10nt_NXT_1979
IDT_10nt_NXT_1980,IDT_10nt_NXT_1980
IDT_10nt_NXT_1981,IDT_10nt_NXT_1981
IDT_10nt_NXT_1982,IDT_10nt_NXT_1982
IDT_10nt_NXT_1983,IDT_10nt_NXT_1983
IDT_10nt_NXT_1984,IDT_10nt_NXT_1984
IDT_10nt_NXT_1985,IDT_10nt_NXT_1985
IDT_10nt_NXT_1986,IDT_10nt_NXT_1986
IDT_10nt_NXT_1987,IDT_10nt_NXT_1987
IDT_10nt_NXT_1988,IDT_10nt_NXT_1988
IDT_10nt_NXT_1989,IDT_10nt_NXT_1989
IDT_10nt_NXT_1990,IDT_10nt_NXT_1990
IDT_10nt_NXT_1991,IDT_10nt_NXT_1991
IDT_10nt_NXT_1992,IDT_10nt_NXT_1992
IDT_10nt_NXT_1993,IDT_10nt_NXT_1993
IDT_10nt_NXT_1994,IDT_10nt_NXT_1994
IDT_10nt_NXT_1995,IDT_10nt_NXT_1995
IDT_10nt_NXT_1996,IDT_10nt_NXT_1996
IDT_10nt_NXT_1997,IDT_10nt_NXT_1997
IDT_10nt_NXT_1998,IDT_10nt_NXT_1998
IDT_10nt_NXT_1999,IDT_10nt_NXT_1999
IDT_10nt_NXT_2000,IDT_10nt_NXT_2000
IDT_10nt_NXT_2001,IDT_10nt_NXT_2001
IDT_10nt_NXT_2002,IDT_10nt_NXT_2002
IDT_10nt_NXT_2003,IDT_10nt_NXT_2003
IDT_10nt_NXT_2004,IDT_10nt_NXT_2004
IDT_10nt_NXT_2005,IDT_10nt_NXT_2005
IDT_10nt_NXT_2006,IDT_10nt_NXT_2006
IDT_10nt_NXT_2007,IDT_10nt_NXT_2007
IDT_10nt_NXT_2008,IDT_10nt_NXT_2008
IDT_10nt_NXT_2009,IDT_10nt_NXT_2009
IDT_10nt_NXT_2010,IDT_10nt_NXT_2010
IDT_10nt_NXT_2011,IDT_10nt_NXT_2011
IDT_10nt_NXT_2012,IDT_10nt_NXT_2012
IDT_10nt_NXT_2013,IDT_10nt_NXT_2013
IDT_10nt_NXT_2014,IDT_10nt_NXT_2014
IDT_10nt_NXT_2015,IDT_10nt_NXT_2015
IDT_10nt_NXT_2016,IDT_10nt_NXT_2016
IDT_10nt_NXT_2017,IDT_10nt_NXT_2017
IDT_10nt_NXT_2018,IDT_10nt_NXT_2018
IDT_10nt_NXT_2019,IDT_10nt_NXT_2019
IDT_10nt_NXT_2020,IDT_10nt_NXT_2020
IDT_10nt_NXT_2021,IDT_10nt_NXT_2021
IDT_10nt_NXT_2022,IDT_10nt_NXT_2022
IDT_10nt_NXT_2023,IDT_10nt_NXT_2023
IDT_10nt_NXT_2024,IDT_10nt_NXT_2024
IDT_10nt_NXT_2025,IDT_10nt_NXT_2025
IDT_10nt_NXT_2026,IDT_10nt_NXT_2026
IDT_10nt_NXT_2027,IDT_10nt_NXT_2027
IDT_10nt_NXT_2028,IDT_10nt_NXT_2028
IDT_10nt_NXT_2029,IDT_10nt_NXT_2029
IDT_10nt_NXT_2030,IDT_10nt_NXT_2030
IDT_10nt_NXT_2031,IDT_10nt_NXT_2031
IDT_10nt_NXT_2032,IDT_10nt_NXT_2032
IDT_10nt_NXT_2033,IDT_10nt_NXT_2033
IDT_10nt_NXT_2034,IDT_10nt_NXT_2034
IDT_10nt_NXT_2035,IDT_10nt_NXT_2035
IDT_10nt_NXT_2036,IDT_10nt_NXT_2036
IDT_10nt_NXT_2037,IDT_10nt_NXT_2037
IDT_10nt_NXT_2038,IDT_10nt_NXT_2038
IDT_10nt_NXT_2039,IDT_10nt_NXT_2039
IDT_10nt_NXT_2040,IDT_10nt_NXT_2040
IDT_10nt_NXT_2041,IDT_10nt_NXT_2041
IDT_10nt_NXT_2042,IDT_10nt_NXT_2042
IDT_10nt_NXT_2043,IDT_10nt_NXT_2043
IDT_10nt_NXT_2044,IDT_10nt_NXT_2044
IDT_10nt_NXT_2045,IDT_10nt_NXT_2045
IDT_10nt_NXT_2046,IDT_10nt_NXT_2046
IDT_10nt_NXT_2047,IDT_10nt_NXT_2047
IDT_10nt_NXT_2048,IDT_10nt_NXT_2048
IDT_10nt_NXT_2049,IDT_10nt_NXT_2049
IDT_10nt_NXT_2050,IDT_10nt_NXT_2050
IDT_10nt_NXT_2051,IDT_10nt_NXT_2051
IDT_10nt_NXT_2052,IDT_10nt_NXT_2052
IDT_10nt_NXT_2053,IDT_10nt_NXT_2053
IDT_10nt_NXT_2054,IDT_10nt_NXT_2054
IDT_10nt_NXT_2055,IDT_10nt_NXT_2055
IDT_10nt_NXT_2056,IDT_10nt_NXT_2056
IDT_10nt_NXT_2057,IDT_10nt_NXT_2057
IDT_10nt_NXT_2058,IDT_10nt_NXT_2058
IDT_10nt_NXT_2059,IDT_10nt_NXT_2059
IDT_10nt_NXT_2060,IDT_10nt_NXT_2060
IDT_10nt_NXT_2061,IDT_10nt_NXT_2061
IDT_10nt_NXT_2062,IDT_10nt_NXT_2062
IDT_10nt_NXT_2063,IDT_10nt_NXT_2063
IDT_10nt_NXT_2064,IDT_10nt_NXT_2064
IDT_10nt_NXT_2065,IDT_10nt_NXT_2065
IDT_10nt_NXT_2066,IDT_10nt_NXT_2066
IDT_10nt_NXT_2067,IDT_10nt_NXT_2067
IDT_10nt_NXT_2068,IDT_10nt_NXT_2068
IDT_10nt_NXT_2069,IDT_10nt_NXT_2069
IDT_10nt_NXT_2070,IDT_10nt_NXT_2070
IDT_10nt_NXT_2071,IDT_10nt_NXT_2071
IDT_10nt_NXT_2072,IDT_10nt_NXT_2072
IDT_10nt_NXT_2073,IDT_10nt_NXT_2073
IDT_10nt_NXT_2074,IDT_10nt_NXT_2074
IDT_10nt_NXT_2075,IDT_10nt_NXT_2075
IDT_10nt_NXT_2076,IDT_10nt_NXT_2076
IDT_10nt_NXT_2077,IDT_10nt_NXT_2077
IDT_10nt_NXT_2078,IDT_10nt_NXT_2078
IDT_10nt_NXT_2079,IDT_10nt_NXT_2079
IDT_10nt_NXT_2080,IDT_10nt_NXT_2080
IDT_10nt_NXT_2081,IDT_10nt_NXT_2081
IDT_10nt_NXT_2082,IDT_10nt_NXT_2082
IDT_10nt_NXT_2083,IDT_10nt_NXT_2083
IDT_10nt_NXT_2084,IDT_10nt_NXT_2084
IDT_10nt_NXT_2085,IDT_10nt_NXT_2085
IDT_10nt_NXT_2086,IDT_10nt_NXT_2086
IDT_10nt_NXT_2087,IDT_10nt_NXT_2087
IDT_10nt_NXT_2088,IDT_10nt_NXT_2088
IDT_10nt_NXT_2089,IDT_10nt_NXT_2089
IDT_10nt_NXT_2090,IDT_10nt_NXT_2090
IDT_10nt_NXT_2091,IDT_10nt_NXT_2091
IDT_10nt_NXT_2092,IDT_10nt_NXT_2092
IDT_10nt_NXT_2093,IDT_10nt_NXT_2093
IDT_10nt_NXT_2094,IDT_10nt_NXT_2094
IDT_10nt_NXT_2095,IDT_10nt_NXT_2095
IDT_10nt_NXT_2096,IDT_10nt_NXT_2096
IDT_10nt_NXT_2097,IDT_10nt_NXT_2097
IDT_10nt_NXT_2098,IDT_10nt_NXT_2098
IDT_10nt_NXT_2099,IDT_10nt_NXT_2099
IDT_10nt_NXT_2100,IDT_10nt_NXT_2100
IDT_10nt_NXT_2101,IDT_10nt_NXT_2101
IDT_10nt_NXT_2102,IDT_10nt_NXT_2102
IDT_10nt_NXT_2103,IDT_10nt_NXT_2103
IDT_10nt_NXT_2104,IDT_10nt_NXT_2104
IDT_10nt_NXT_2105,IDT_10nt_NXT_2105
IDT_10nt_NXT_2106,IDT_10nt_NXT_2106
IDT_10nt_NXT_2107,IDT_10nt_NXT_2107
IDT_10nt_NXT_2108,IDT_10nt_NXT_2108
IDT_10nt_NXT_2109,IDT_10nt_NXT_2109
IDT_10nt_NXT_2110,IDT_10nt_NXT_2110
IDT_10nt_NXT_2111,IDT_10nt_NXT_2111
IDT_10nt_NXT_2112,IDT_10nt_NXT_2112
IDT_10nt_NXT_2113,IDT_10nt_NXT_2113
IDT_10nt_NXT_2114,IDT_10nt_NXT_2114
IDT_10nt_NXT_2115,IDT_10nt_NXT_2115
IDT_10nt_NXT_2116,IDT_10nt_NXT_2116
IDT_10nt_NXT_2117,IDT_10nt_NXT_2117
IDT_10nt_NXT_2118,IDT_10nt_NXT_2118
IDT_10nt_NXT_2119,IDT_10nt_NXT_2119
IDT_10nt_NXT_2120,IDT_10nt_NXT_2120
IDT_10nt_NXT_2121,IDT_10nt_NXT_2121
IDT_10nt_NXT_2122,IDT_10nt_NXT_2122
IDT_10nt_NXT_2123,IDT_10nt_NXT_2123
IDT_10nt_NXT_2124,IDT_10nt_NXT_2124
IDT_10nt_NXT_2125,IDT_10nt_NXT_2125
IDT_10nt_NXT_2126,IDT_10nt_NXT_2126
IDT_10nt_NXT_2127,IDT_10nt_NXT_2127
IDT_10nt_NXT_2128,IDT_10nt_NXT_2128
IDT_10nt_NXT_2129,IDT_10nt_NXT_2129
IDT_10nt_NXT_2130,IDT_10nt_NXT_2130
IDT_10nt_NXT_2131,IDT_10nt_NXT_2131
IDT_10nt_NXT_2132,IDT_10nt_NXT_2132
IDT_10nt_NXT_2133,IDT_10nt_NXT_2133
IDT_10nt_NXT_2134,IDT_10nt_NXT_2134
IDT_10nt_NXT_2135,IDT_10nt_NXT_2135
IDT_10nt_NXT_2136,IDT_10nt_NXT_2136
IDT_10nt_NXT_2137,IDT_10nt_NXT_2137
IDT_10nt_NXT_2138,IDT_10nt_NXT_2138
IDT_10nt_NXT_2139,IDT_10nt_NXT_2139
IDT_10nt_NXT_2140,IDT_10nt_NXT_2140
IDT_10nt_NXT_2141,IDT_10nt_NXT_2141
IDT_10nt_NXT_2142,IDT_10nt_NXT_2142
IDT_10nt_NXT_2143,IDT_10nt_NXT_2143
IDT_10nt_NXT_2144,IDT_10nt_NXT_2144
IDT_10nt_NXT_2145,IDT_10nt_NXT_2145
IDT_10nt_NXT_2146,IDT_10nt_NXT_2146
IDT_10nt_NXT_2147,IDT_10nt_NXT_2147
IDT_10nt_NXT_2148,IDT_10nt_NXT_2148
IDT_10nt_NXT_2149,IDT_10nt_NXT_2149
IDT_10nt_NXT_2150,IDT_10nt_NXT_2150
IDT_10nt_NXT_2151,IDT_10nt_NXT_2151
IDT_10nt_NXT_2152,IDT_10nt_NXT_2152
IDT_10nt_NXT_2153,IDT_10nt_NXT_2153
IDT_10nt_NXT_2154,IDT_10nt_NXT_2154
IDT_10nt_NXT_2155,IDT_10nt_NXT_2155
IDT_10nt_NXT_2156,IDT_10nt_NXT_2156
IDT_10nt_NXT_2157,IDT_10nt_NXT_2157
IDT_10nt_NXT_2158,IDT_10nt_NXT_2158
IDT_10nt_NXT_2159,IDT_10nt_NXT_2159
IDT_10nt_NXT_2160,IDT_10nt_NXT_2160
IDT_10nt_NXT_2161,IDT_10nt_NXT_2161
IDT_10nt_NXT_2162,IDT_10nt_NXT_2162
IDT_10nt_NXT_2163,IDT_10nt_NXT_2163
IDT_10nt_NXT_2164,IDT_10nt_NXT_2164
IDT_10nt_NXT_2165,IDT_10nt_NXT_2165
IDT_10nt_NXT_2166,IDT_10nt_NXT_2166
IDT_10nt_NXT_2167,IDT_10nt_NXT_2167
IDT_10nt_NXT_2168,IDT_10nt_NXT_2168
IDT_10nt_NXT_2169,IDT_10nt_NXT_2169
IDT_10nt_NXT_2170,IDT_10nt_NXT_2170
IDT_10nt_NXT_2171,IDT_10nt_NXT_2171
IDT_10nt_NXT_2172,IDT_10nt_NXT_2172
IDT_10nt_NXT_2173,IDT_10nt_NXT_2173
IDT_10nt_NXT_2174,IDT_10nt_NXT_2174
IDT_10nt_NXT_2175,IDT_10nt_NXT_2175
IDT_10nt_NXT_2176,IDT_10nt_NXT_2176
IDT_10nt_NXT_2177,IDT_10nt_NXT_2177
IDT_10nt_NXT_2178,IDT_10nt_NXT_2178
IDT_10nt_NXT_2179,IDT_10nt_NXT_2179
IDT_10nt_NXT_2180,IDT_10nt_NXT_2180
IDT_10nt_NXT_2181,IDT_10nt_NXT_2181
IDT_10nt_NXT_2182,IDT_10nt_NXT_2182
IDT_10nt_NXT_2183,IDT_10nt_NXT_2183
IDT_10nt_NXT_2184,IDT_10nt_NXT_2184
IDT_10nt_NXT_2185,IDT_10nt_NXT_2185
IDT_10nt_NXT_2186,IDT_10nt_NXT_2186
IDT_10nt_NXT_2187,IDT_10nt_NXT_2187
IDT_10nt_NXT_2188,IDT_10nt_NXT_2188
IDT_10nt_NXT_2189,IDT_10nt_NXT_2189
IDT_10nt_NXT_2190,IDT_10nt_NXT_2190
IDT_10nt_NXT_2191,IDT_10nt_NXT_2191
IDT_10nt_NXT_2192,IDT_10nt_NXT_2192
IDT_10nt_NXT_2193,IDT_10nt_NXT_2193
IDT_10nt_NXT_2194,IDT_10nt_NXT_2194
IDT_10nt_NXT_2195,IDT_10nt_NXT_2195
IDT_10nt_NXT_2196,IDT_10nt_NXT_2196
IDT_10nt_NXT_2197,IDT_10nt_NXT_2197
IDT_10nt_NXT_2198,IDT_10nt_NXT_2198
IDT_10nt_NXT_2199,IDT_10nt_NXT_2199
IDT_10nt_NXT_2200,IDT_10nt_NXT_2200
IDT_10nt_NXT_2201,IDT_10nt_NXT_2201
IDT_10nt_NXT_2202,IDT_10nt_NXT_2202
IDT_10nt_NXT_2203,IDT_10nt_NXT_2203
IDT_10nt_NXT_2204,IDT_10nt_NXT_2204
IDT_10nt_NXT_2205,IDT_10nt_NXT_2205
IDT_10nt_NXT_2206,IDT_10nt_NXT_2206
IDT_10nt_NXT_2207,IDT_10nt_NXT_2207
IDT_10nt_NXT_2208,IDT_10nt_NXT_2208
IDT_10nt_NXT_2209,IDT_10nt_NXT_2209
IDT_10nt_NXT_2210,IDT_10nt_NXT_2210
IDT_10nt_NXT_2211,IDT_10nt_NXT_2211
IDT_10nt_NXT_2212,IDT_10nt_NXT_2212
IDT_10nt_NXT_2213,IDT_10nt_NXT_2213
IDT_10nt_NXT_2214,IDT_10nt_NXT_2214
IDT_10nt_NXT_2215,IDT_10nt_NXT_2215
IDT_10nt_NXT_2216,IDT_10nt_NXT_2216
IDT_10nt_NXT_2217,IDT_10nt_NXT_2217
IDT_10nt_NXT_2218,IDT_10nt_NXT_2218
IDT_10nt_NXT_2219,IDT_10nt_NXT_2219
IDT_10nt_NXT_2220,IDT_10nt_NXT_2220
IDT_10nt_NXT_2221,IDT_10nt_NXT_2221
IDT_10nt_NXT_2222,IDT_10nt_NXT_2222
IDT_10nt_NXT_2223,IDT_10nt_NXT_2223
IDT_10nt_NXT_2224,IDT_10nt_NXT_2224
IDT_10nt_NXT_2225,IDT_10nt_NXT_2225
IDT_10nt_NXT_2226,IDT_10nt_NXT_2226
IDT_10nt_NXT_2227,IDT_10nt_NXT_2227
IDT_10nt_NXT_2228,IDT_10nt_NXT_2228
IDT_10nt_NXT_2229,IDT_10nt_NXT_2229
IDT_10nt_NXT_2230,IDT_10nt_NXT_2230
IDT_10nt_NXT_2231,IDT_10nt_NXT_2231
IDT_10nt_NXT_2232,IDT_10nt_NXT_2232
IDT_10nt_NXT_2233,IDT_10nt_NXT_2233
IDT_10nt_NXT_2234,IDT_10nt_NXT_2234
IDT_10nt_NXT_2235,IDT_10nt_NXT_2235
IDT_10nt_NXT_2236,IDT_10nt_NXT_2236
IDT_10nt_NXT_2237,IDT_10nt_NXT_2237
IDT_10nt_NXT_2238,IDT_10nt_NXT_2238
IDT_10nt_NXT_2239,IDT_10nt_NXT_2239
IDT_10nt_NXT_2240,IDT_10nt_NXT_2240
IDT_10nt_NXT_2241,IDT_10nt_NXT_2241
IDT_10nt_NXT_2242,IDT_10nt_NXT_2242
IDT_10nt_NXT_2243,IDT_10nt_NXT_2243
IDT_10nt_NXT_2244,IDT_10nt_NXT_2244
IDT_10nt_NXT_2245,IDT_10nt_NXT_2245
IDT_10nt_NXT_2246,IDT_10nt_NXT_2246
IDT_10nt_NXT_2247,IDT_10nt_NXT_2247
IDT_10nt_NXT_2248,IDT_10nt_NXT_2248
IDT_10nt_NXT_2249,IDT_10nt_NXT_2249
IDT_10nt_NXT_2250,IDT_10nt_NXT_2250
IDT_10nt_NXT_2251,IDT_10nt_NXT_2251
IDT_10nt_NXT_2252,IDT_10nt_NXT_2252
IDT_10nt_NXT_2253,IDT_10nt_NXT_2253
IDT_10nt_NXT_2254,IDT_10nt_NXT_2254
IDT_10nt_NXT_2255,IDT_10nt_NXT_2255
IDT_10nt_NXT_2256,IDT_10nt_NXT_2256
IDT_10nt_NXT_2257,IDT_10nt_NXT_2257
IDT_10nt_NXT_2258,IDT_10nt_NXT_2258
IDT_10nt_NXT_2259,IDT_10nt_NXT_2259
IDT_10nt_NXT_2260,IDT_10nt_NXT_2260
IDT_10nt_NXT_2261,IDT_10nt_NXT_2261
IDT_10nt_NXT_2262,IDT_10nt_NXT_2262
IDT_10nt_NXT_2263,IDT_10nt_NXT_2263
IDT_10nt_NXT_2264,IDT_10nt_NXT_2264
IDT_10nt_NXT_2265,IDT_10nt_NXT_2265
IDT_10nt_NXT_2266,IDT_10nt_NXT_2266
IDT_10nt_NXT_2267,IDT_10nt_NXT_2267
IDT_10nt_NXT_2268,IDT_10nt_NXT_2268
IDT_10nt_NXT_2269,IDT_10nt_NXT_2269
IDT_10nt_NXT_2270,IDT_10nt_NXT_2270
IDT_10nt_NXT_2271,IDT_10nt_NXT_2271
IDT_10nt_NXT_2272,IDT_10nt_NXT_2272
IDT_10nt_NXT_2273,IDT_10nt_NXT_2273
IDT_10nt_NXT_2274,IDT_10nt_NXT_2274
IDT_10nt_NXT_2275,IDT_10nt_NXT_2275
IDT_10nt_NXT_2276,IDT_10nt_NXT_2276
IDT_10nt_NXT_2277,IDT_10nt_NXT_2277
IDT_10nt_NXT_2278,IDT_10nt_NXT_2278
IDT_10nt_NXT_2279,IDT_10nt_NXT_2279
IDT_10nt_NXT_2280,IDT_10nt_NXT_2280
IDT_10nt_NXT_2281,IDT_10nt_NXT_2281
IDT_10nt_NXT_2282,IDT_10nt_NXT_2282
IDT_10nt_NXT_2283,IDT_10nt_NXT_2283
IDT_10nt_NXT_2284,IDT_10nt_NXT_2284
IDT_10nt_NXT_2285,IDT_10nt_NXT_2285
IDT_10nt_NXT_2286,IDT_10nt_NXT_2286
IDT_10nt_NXT_2287,IDT_10nt_NXT_2287
IDT_10nt_NXT_2288,IDT_10nt_NXT_2288
IDT_10nt_NXT_2289,IDT_10nt_NXT_2289
IDT_10nt_NXT_2290,IDT_10nt_NXT_2290
IDT_10nt_NXT_2291,IDT_10nt_NXT_2291
IDT_10nt_NXT_2292,IDT_10nt_NXT_2292
IDT_10nt_NXT_2293,IDT_10nt_NXT_2293
IDT_10nt_NXT_2294,IDT_10nt_NXT_2294
IDT_10nt_NXT_2295,IDT_10nt_NXT_2295
IDT_10nt_NXT_2296,IDT_10nt_NXT_2296
IDT_10nt_NXT_2297,IDT_10nt_NXT_2297
IDT_10nt_NXT_2298,IDT_10nt_NXT_2298
IDT_10nt_NXT_2299,IDT_10nt_NXT_2299
IDT_10nt_NXT_2300,IDT_10nt_NXT_2300
IDT_10nt_NXT_2301,IDT_10nt_NXT_2301
IDT_10nt_NXT_2302,IDT_10nt_NXT_2302
IDT_10nt_NXT_2303,IDT_10nt_NXT_2303
IDT_10nt_NXT_2304,IDT_10nt_NXT_2304
IDT_10nt_NXT_2305,IDT_10nt_NXT_2305
IDT_10nt_NXT_2306,IDT_10nt_NXT_2306
IDT_10nt_NXT_2307,IDT_10nt_NXT_2307
IDT_10nt_NXT_2308,IDT_10nt_NXT_2308
IDT_10nt_NXT_2309,IDT_10nt_NXT_2309
IDT_10nt_NXT_2310,IDT_10nt_NXT_2310
IDT_10nt_NXT_2311,IDT_10nt_NXT_2311
IDT_10nt_NXT_2312,IDT_10nt_NXT_2312
IDT_10nt_NXT_2313,IDT_10nt_NXT_2313
IDT_10nt_NXT_2314,IDT_10nt_NXT_2314
IDT_10nt_NXT_2315,IDT_10nt_NXT_2315
IDT_10nt_NXT_2316,IDT_10nt_NXT_2316
IDT_10nt_NXT_2317,IDT_10nt_NXT_2317
IDT_10nt_NXT_2318,IDT_10nt_NXT_2318
IDT_10nt_NXT_2319,IDT_10nt_NXT_2319
IDT_10nt_NXT_2320,IDT_10nt_NXT_2320
IDT_10nt_NXT_2321,IDT_10nt_NXT_2321
IDT_10nt_NXT_2322,IDT_10nt_NXT_2322
IDT_10nt_NXT_2323,IDT_10nt_NXT_2323
IDT_10nt_NXT_2324,IDT_10nt_NXT_2324
IDT_10nt_NXT_2325,IDT_10nt_NXT_2325
IDT_10nt_NXT_2326,IDT_10nt_NXT_2326
IDT_10nt_NXT_2327,IDT_10nt_NXT_2327
IDT_10nt_NXT_2328,IDT_10nt_NXT_2328
IDT_10nt_NXT_2329,IDT_10nt_NXT_2329
IDT_10nt_NXT_2330,IDT_10nt_NXT_2330
IDT_10nt_NXT_2331,IDT_10nt_NXT_2331
IDT_10nt_NXT_2332,IDT_10nt_NXT_2332
IDT_10nt_NXT_2333,IDT_10nt_NXT_2333
IDT_10nt_NXT_2334,IDT_10nt_NXT_2334
IDT_10nt_NXT_2335,IDT_10nt_NXT_2335
IDT_10nt_NXT_2336,IDT_10nt_NXT_2336
IDT_10nt_NXT_2337,IDT_10nt_NXT_2337
IDT_10nt_NXT_2338,IDT_10nt_NXT_2338
IDT_10nt_NXT_2339,IDT_10nt_NXT_2339
IDT_10nt_NXT_2340,IDT_10nt_NXT_2340
IDT_10nt_NXT_2341,IDT_10nt_NXT_2341
IDT_10nt_NXT_2342,IDT_10nt_NXT_2342
IDT_10nt_NXT_2343,IDT_10nt_NXT_2343
IDT_10nt_NXT_2344,IDT_10nt_NXT_2344
IDT_10nt_NXT_2345,IDT_10nt_NXT_2345
IDT_10nt_NXT_2346,IDT_10nt_NXT_2346
IDT_10nt_NXT_2347,IDT_10nt_NXT_2347
IDT_10nt_NXT_2348,IDT_10nt_NXT_2348
IDT_10nt_NXT_2349,IDT_10nt_NXT_2349
IDT_10nt_NXT_2350,IDT_10nt_NXT_2350
IDT_10nt_NXT_2351,IDT_10nt_NXT_2351
IDT_10nt_NXT_2352,IDT_10nt_NXT_2352
IDT_10nt_NXT_2353,IDT_10nt_NXT_2353
IDT_10nt_NXT_2354,IDT_10nt_NXT_2354
IDT_10nt_NXT_2355,IDT_10nt_NXT_2355
IDT_10nt_NXT_2356,IDT_10nt_NXT_2356
IDT_10nt_NXT_2357,IDT_10nt_NXT_2357
IDT_10nt_NXT_2358,IDT_10nt_NXT_2358
IDT_10nt_NXT_2359,IDT_10nt_NXT_2359
IDT_10nt_NXT_2360,IDT_10nt_NXT_2360
IDT_10nt_NXT_2361,IDT_10nt_NXT_2361
IDT_10nt_NXT_2362,IDT_10nt_NXT_2362
IDT_10nt_NXT_2363,IDT_10nt_NXT_2363
IDT_10nt_NXT_2364,IDT_10nt_NXT_2364
IDT_10nt_NXT_2365,IDT_10nt_NXT_2365
IDT_10nt_NXT_2366,IDT_10nt_NXT_2366
IDT_10nt_NXT_2367,IDT_10nt_NXT_2367
IDT_10nt_NXT_2368,IDT_10nt_NXT_2368
IDT_10nt_NXT_2369,IDT_10nt_NXT_2369
IDT_10nt_NXT_2370,IDT_10nt_NXT_2370
IDT_10nt_NXT_2371,IDT_10nt_NXT_2371
IDT_10nt_NXT_2372,IDT_10nt_NXT_2372
IDT_10nt_NXT_2373,IDT_10nt_NXT_2373
IDT_10nt_NXT_2374,IDT_10nt_NXT_2374
IDT_10nt_NXT_2375,IDT_10nt_NXT_2375
IDT_10nt_NXT_2376,IDT_10nt_NXT_2376
IDT_10nt_NXT_2377,IDT_10nt_NXT_2377
IDT_10nt_NXT_2378,IDT_10nt_NXT_2378
IDT_10nt_NXT_2379,IDT_10nt_NXT_2379
IDT_10nt_NXT_2380,IDT_10nt_NXT_2380
IDT_10nt_NXT_2381,IDT_10nt_NXT_2381
IDT_10nt_NXT_2382,IDT_10nt_NXT_2382
IDT_10nt_NXT_2383,IDT_10nt_NXT_2383
IDT_10nt_NXT_2384,IDT_10nt_NXT_2384
IDT_10nt_NXT_2385,IDT_10nt_NXT_2385
IDT_10nt_NXT_2386,IDT_10nt_NXT_2386
IDT_10nt_NXT_2387,IDT_10nt_NXT_2387
IDT_10nt_NXT_2388,IDT_10nt_NXT_2388
IDT_10nt_NXT_2389,IDT_10nt_NXT_2389
IDT_10nt_NXT_2390,IDT_10nt_NXT_2390
IDT_10nt_NXT_2391,IDT_10nt_NXT_2391
IDT_10nt_NXT_2392,IDT_10nt_NXT_2392
IDT_10nt_NXT_2393,IDT_10nt_NXT_2393
IDT_10nt_NXT_2394,IDT_10nt_NXT_2394
IDT_10nt_NXT_2395,IDT_10nt_NXT_2395
IDT_10nt_NXT_2396,IDT_10nt_NXT_2396
IDT_10nt_NXT_2397,IDT_10nt_NXT_2397
IDT_10nt_NXT_2398,IDT_10nt_NXT_2398
IDT_10nt_NXT_2399,IDT_10nt_NXT_2399
IDT_10nt_NXT_2400,IDT_10nt_NXT_2400
IDT_10nt_NXT_2401,IDT_10nt_NXT_2401
IDT_10nt_NXT_2402,IDT_10nt_NXT_2402
IDT_10nt_NXT_2403,IDT_10nt_NXT_2403
IDT_10nt_NXT_2404,IDT_10nt_NXT_2404
IDT_10nt_NXT_2405,IDT_10nt_NXT_2405
IDT_10nt_NXT_2406,IDT_10nt_NXT_2406
IDT_10nt_NXT_2407,IDT_10nt_NXT_2407
IDT_10nt_NXT_2408,IDT_10nt_NXT_2408
IDT_10nt_NXT_2409,IDT_10nt_NXT_2409
IDT_10nt_NXT_2410,IDT_10nt_NXT_2410
IDT_10nt_NXT_2411,IDT_10nt_NXT_2411
IDT_10nt_NXT_2412,IDT_10nt_NXT_2412
IDT_10nt_NXT_2413,IDT_10nt_NXT_2413
IDT_10nt_NXT_2414,IDT_10nt_NXT_2414
IDT_10nt_NXT_2415,IDT_10nt_NXT_2415
IDT_10nt_NXT_2416,IDT_10nt_NXT_2416
IDT_10nt_NXT_2417,IDT_10nt_NXT_2417
IDT_10nt_NXT_2418,IDT_10nt_NXT_2418
IDT_10nt_NXT_2419,IDT_10nt_NXT_2419
IDT_10nt_NXT_2420,IDT_10nt_NXT_2420
IDT_10nt_NXT_2421,IDT_10nt_NXT_2421
IDT_10nt_NXT_2422,IDT_10nt_NXT_2422
IDT_10nt_NXT_2423,IDT_10nt_NXT_2423
IDT_10nt_NXT_2424,IDT_10nt_NXT_2424
IDT_10nt_NXT_2425,IDT_10nt_NXT_2425
IDT_10nt_NXT_2426,IDT_10nt_NXT_2426
IDT_10nt_NXT_2427,IDT_10nt_NXT_2427
IDT_10nt_NXT_2428,IDT_10nt_NXT_2428
IDT_10nt_NXT_2429,IDT_10nt_NXT_2429
IDT_10nt_NXT_2430,IDT_10nt_NXT_2430
IDT_10nt_NXT_2431,IDT_10nt_NXT_2431
IDT_10nt_NXT_2432,IDT_10nt_NXT_2432
IDT_10nt_NXT_2433,IDT_10nt_NXT_2433
IDT_10nt_NXT_2434,IDT_10nt_NXT_2434
IDT_10nt_NXT_2435,IDT_10nt_NXT_2435
IDT_10nt_NXT_2436,IDT_10nt_NXT_2436
IDT_10nt_NXT_2437,IDT_10nt_NXT_2437
IDT_10nt_NXT_2438,IDT_10nt_NXT_2438
IDT_10nt_NXT_2439,IDT_10nt_NXT_2439
IDT_10nt_NXT_2440,IDT_10nt_NXT_2440
IDT_10nt_NXT_2441,IDT_10nt_NXT_2441
IDT_10nt_NXT_2442,IDT_10nt_NXT_2442
IDT_10nt_NXT_2443,IDT_10nt_NXT_2443
IDT_10nt_NXT_2444,IDT_10nt_NXT_2444
IDT_10nt_NXT_2445,IDT_10nt_NXT_2445
IDT_10nt_NXT_2446,IDT_10nt_NXT_2446
IDT_10nt_NXT_2447,IDT_10nt_NXT_2447
IDT_10nt_NXT_2448,IDT_10nt_NXT_2448
IDT_10nt_NXT_2449,IDT_10nt_NXT_2449
IDT_10nt_NXT_2450,IDT_10nt_NXT_2450
IDT_10nt_NXT_2451,IDT_10nt_NXT_2451
IDT_10nt_NXT_2452,IDT_10nt_NXT_2452
IDT_10nt_NXT_2453,IDT_10nt_NXT_2453
IDT_10nt_NXT_2454,IDT_10nt_NXT_2454
IDT_10nt_NXT_2455,IDT_10nt_NXT_2455
IDT_10nt_NXT_2456,IDT_10nt_NXT_2456
IDT_10nt_NXT_2457,IDT_10nt_NXT_2457
IDT_10nt_NXT_2458,IDT_10nt_NXT_2458
IDT_10nt_NXT_2459,IDT_10nt_NXT_2459
IDT_10nt_NXT_2460,IDT_10nt_NXT_2460
IDT_10nt_NXT_2461,IDT_10nt_NXT_2461
IDT_10nt_NXT_2462,IDT_10nt_NXT_2462
IDT_10nt_NXT_2463,IDT_10nt_NXT_2463
IDT_10nt_NXT_2464,IDT_10nt_NXT_2464
IDT_10nt_NXT_2465,IDT_10nt_NXT_2465
IDT_10nt_NXT_2466,IDT_10nt_NXT_2466
IDT_10nt_NXT_2467,IDT_10nt_NXT_2467
IDT_10nt_NXT_2468,IDT_10nt_NXT_2468
IDT_10nt_NXT_2469,IDT_10nt_NXT_2469
IDT_10nt_NXT_2470,IDT_10nt_NXT_2470
IDT_10nt_NXT_2471,IDT_10nt_NXT_2471
IDT_10nt_NXT_2472,IDT_10nt_NXT_2472
IDT_10nt_NXT_2473,IDT_10nt_NXT_2473
IDT_10nt_NXT_2474,IDT_10nt_NXT_2474
IDT_10nt_NXT_2475,IDT_10nt_NXT_2475
IDT_10nt_NXT_2476,IDT_10nt_NXT_2476
IDT_10nt_NXT_2477,IDT_10nt_NXT_2477
IDT_10nt_NXT_2478,IDT_10nt_NXT_2478
IDT_10nt_NXT_2479,IDT_10nt_NXT_2479
IDT_10nt_NXT_2480,IDT_10nt_NXT_2480
IDT_10nt_NXT_2481,IDT_10nt_NXT_2481
IDT_10nt_NXT_2482,IDT_10nt_NXT_2482
IDT_10nt_NXT_2483,IDT_10nt_NXT_2483
IDT_10nt_NXT_2484,IDT_10nt_NXT_2484
IDT_10nt_NXT_2485,IDT_10nt_NXT_2485
IDT_10nt_NXT_2486,IDT_10nt_NXT_2486
IDT_10nt_NXT_2487,IDT_10nt_NXT_2487
IDT_10nt_NXT_2488,IDT_10nt_NXT_2488
IDT_10nt_NXT_2489,IDT_10nt_NXT_2489
IDT_10nt_NXT_2490,IDT_10nt_NXT_2490
IDT_10nt_NXT_2491,IDT_10nt_NXT_2491
IDT_10nt_NXT_2492,IDT_10nt_NXT_2492
IDT_10nt_NXT_2493,IDT_10nt_NXT_2493
IDT_10nt_NXT_2494,IDT_10nt_NXT_2494
IDT_10nt_NXT_2495,IDT_10nt_NXT_2495
IDT_10nt_NXT_2496,IDT_10nt_NXT_2496
IDT_10nt_NXT_2497,IDT_10nt_NXT_2497
IDT_10nt_NXT_2498,IDT_10nt_NXT_2498
IDT_10nt_NXT_2499,IDT_10nt_NXT_2499
IDT_10nt_NXT_2500,IDT_10nt_NXT_2500
IDT_10nt_NXT_2501,IDT_10nt_NXT_2501
IDT_10nt_NXT_2502,IDT_10nt_NXT_2502
IDT_10nt_NXT_2503,IDT_10nt_NXT_2503
IDT_10nt_NXT_2504,IDT_10nt_NXT_2504
IDT_10nt_NXT_2505,IDT_10nt_NXT_2505
IDT_10nt_NXT_2506,IDT_10nt_NXT_2506
IDT_10nt_NXT_2507,IDT_10nt_NXT_2507
IDT_10nt_NXT_2508,IDT_10nt_NXT_2508
IDT_10nt_NXT_2509,IDT_10nt_NXT_2509
IDT_10nt_NXT_2510,IDT_10nt_NXT_2510
IDT_10nt_NXT_2511,IDT_10nt_NXT_2511
IDT_10nt_NXT_2512,IDT_10nt_NXT_2512
IDT_10nt_NXT_2513,IDT_10nt_NXT_2513
IDT_10nt_NXT_2514,IDT_10nt_NXT_2514
IDT_10nt_NXT_2515,IDT_10nt_NXT_2515
IDT_10nt_NXT_2516,IDT_10nt_NXT_2516
IDT_10nt_NXT_2517,IDT_10nt_NXT_2517
IDT_10nt_NXT_2518,IDT_10nt_NXT_2518
IDT_10nt_NXT_2519,IDT_10nt_NXT_2519
IDT_10nt_NXT_2520,IDT_10nt_NXT_2520
IDT_10nt_NXT_2521,IDT_10nt_NXT_2521
IDT_10nt_NXT_2522,IDT_10nt_NXT_2522
IDT_10nt_NXT_2523,IDT_10nt_NXT_2523
IDT_10nt_NXT_2524,IDT_10nt_NXT_2524
IDT_10nt_NXT_2525,IDT_10nt_NXT_2525
IDT_10nt_NXT_2526,IDT_10nt_NXT_2526
IDT_10nt_NXT_2527,IDT_10nt_NXT_2527
IDT_10nt_NXT_2528,IDT_10nt_NXT_2528
IDT_10nt_NXT_2529,IDT_10nt_NXT_2529
IDT_10nt_NXT_2530,IDT_10nt_NXT_2530
IDT_10nt_NXT_2531,IDT_10nt_NXT_2531
IDT_10nt_NXT_2532,IDT_10nt_NXT_2532
IDT_10nt_NXT_2533,IDT_10nt_NXT_2533
IDT_10nt_NXT_2534,IDT_10nt_NXT_2534
IDT_10nt_NXT_2535,IDT_10nt_NXT_2535
IDT_10nt_NXT_2536,IDT_10nt_NXT_2536
IDT_10nt_NXT_2537,IDT_10nt_NXT_2537
IDT_10nt_NXT_2538,IDT_10nt_NXT_2538
IDT_10nt_NXT_2539,IDT_10nt_NXT_2539
IDT_10nt_NXT_2540,IDT_10nt_NXT_2540
IDT_10nt_NXT_2541,IDT_10nt_NXT_2541
IDT_10nt_NXT_2542,IDT_10nt_NXT_2542
IDT_10nt_NXT_2543,IDT_10nt_NXT_2543
IDT_10nt_NXT_2544,IDT_10nt_NXT_2544
IDT_10nt_NXT_2545,IDT_10nt_NXT_2545
IDT_10nt_NXT_2546,IDT_10nt_NXT_2546
IDT_10nt_NXT_2547,IDT_10nt_NXT_2547
IDT_10nt_NXT_2548,IDT_10nt_NXT_2548
IDT_10nt_NXT_2549,IDT_10nt_NXT_2549
IDT_10nt_NXT_2550,IDT_10nt_NXT_2550
IDT_10nt_NXT_2551,IDT_10nt_NXT_2551
IDT_10nt_NXT_2552,IDT_10nt_NXT_2552
IDT_10nt_NXT_2553,IDT_10nt_NXT_2553
IDT_10nt_NXT_2554,IDT_10nt_NXT_2554
IDT_10nt_NXT_2555,IDT_10nt_NXT_2555
IDT_10nt_NXT_2556,IDT_10nt_NXT_2556
IDT_10nt_NXT_2557,IDT_10nt_NXT_2557
IDT_10nt_NXT_2558,IDT_10nt_NXT_2558
IDT_10nt_NXT_2559,IDT_10nt_NXT_2559
IDT_10nt_NXT_2560,IDT_10nt_NXT_2560
IDT_10nt_NXT_2561,IDT_10nt_NXT_2561
IDT_10nt_NXT_2562,IDT_10nt_NXT_2562
IDT_10nt_NXT_2563,IDT_10nt_NXT_2563
IDT_10nt_NXT_2564,IDT_10nt_NXT_2564
IDT_10nt_NXT_2565,IDT_10nt_NXT_2565
IDT_10nt_NXT_2566,IDT_10nt_NXT_2566
IDT_10nt_NXT_2567,IDT_10nt_NXT_2567
IDT_10nt_NXT_2568,IDT_10nt_NXT_2568
IDT_10nt_NXT_2569,IDT_10nt_NXT_2569
IDT_10nt_NXT_2570,IDT_10nt_NXT_2570
IDT_10nt_NXT_2571,IDT_10nt_NXT_2571
IDT_10nt_NXT_2572,IDT_10nt_NXT_2572
IDT_10nt_NXT_2573,IDT_10nt_NXT_2573
IDT_10nt_NXT_2574,IDT_10nt_NXT_2574
IDT_10nt_NXT_2575,IDT_10nt_NXT_2575
IDT_10nt_NXT_2576,IDT_10nt_NXT_2576
IDT_10nt_NXT_2577,IDT_10nt_NXT_2577
IDT_10nt_NXT_2578,IDT_10nt_NXT_2578
IDT_10nt_NXT_2579,IDT_10nt_NXT_2579
IDT_10nt_NXT_2580,IDT_10nt_NXT_2580
IDT_10nt_NXT_2581,IDT_10nt_NXT_2581
IDT_10nt_NXT_2582,IDT_10nt_NXT_2582
IDT_10nt_NXT_2583,IDT_10nt_NXT_2583
IDT_10nt_NXT_2584,IDT_10nt_NXT_2584
IDT_10nt_NXT_2585,IDT_10nt_NXT_2585
IDT_10nt_NXT_2586,IDT_10nt_NXT_2586
IDT_10nt_NXT_2587,IDT_10nt_NXT_2587
IDT_10nt_NXT_2588,IDT_10nt_NXT_2588
IDT_10nt_NXT_2589,IDT_10nt_NXT_2589
IDT_10nt_NXT_2590,IDT_10nt_NXT_2590
IDT_10nt_NXT_2591,IDT_10nt_NXT_2591
IDT_10nt_NXT_2592,IDT_10nt_NXT_2592
IDT_10nt_NXT_2593,IDT_10nt_NXT_2593
IDT_10nt_NXT_2594,IDT_10nt_NXT_2594
IDT_10nt_NXT_2595,IDT_10nt_NXT_2595
IDT_10nt_NXT_2596,IDT_10nt_NXT_2596
IDT_10nt_NXT_2597,IDT_10nt_NXT_2597
IDT_10nt_NXT_2598,IDT_10nt_NXT_2598
IDT_10nt_NXT_2599,IDT_10nt_NXT_2599
IDT_10nt_NXT_2600,IDT_10nt_NXT_2600
IDT_10nt_NXT_2601,IDT_10nt_NXT_2601
IDT_10nt_NXT_2602,IDT_10nt_NXT_2602
IDT_10nt_NXT_2603,IDT_10nt_NXT_2603
IDT_10nt_NXT_2604,IDT_10nt_NXT_2604
IDT_10nt_NXT_2605,IDT_10nt_NXT_2605
IDT_10nt_NXT_2606,IDT_10nt_NXT_2606
IDT_10nt_NXT_2607,IDT_10nt_NXT_2607
IDT_10nt_NXT_2608,IDT_10nt_NXT_2608
IDT_10nt_NXT_2609,IDT_10nt_NXT_2609
IDT_10nt_NXT_2610,IDT_10nt_NXT_2610
IDT_10nt_NXT_2611,IDT_10nt_NXT_2611
IDT_10nt_NXT_2612,IDT_10nt_NXT_2612
IDT_10nt_NXT_2613,IDT_10nt_NXT_2613
IDT_10nt_NXT_2614,IDT_10nt_NXT_2614
IDT_10nt_NXT_2615,IDT_10nt_NXT_2615
IDT_10nt_NXT_2616,IDT_10nt_NXT_2616
IDT_10nt_NXT_2617,IDT_10nt_NXT_2617
IDT_10nt_NXT_2618,IDT_10nt_NXT_2618
IDT_10nt_NXT_2619,IDT_10nt_NXT_2619
IDT_10nt_NXT_2620,IDT_10nt_NXT_2620
IDT_10nt_NXT_2621,IDT_10nt_NXT_2621
IDT_10nt_NXT_2622,IDT_10nt_NXT_2622
IDT_10nt_NXT_2623,IDT_10nt_NXT_2623
IDT_10nt_NXT_2624,IDT_10nt_NXT_2624
IDT_10nt_NXT_2625,IDT_10nt_NXT_2625
IDT_10nt_NXT_2626,IDT_10nt_NXT_2626
IDT_10nt_NXT_2627,IDT_10nt_NXT_2627
IDT_10nt_NXT_2628,IDT_10nt_NXT_2628
IDT_10nt_NXT_2629,IDT_10nt_NXT_2629
IDT_10nt_NXT_2630,IDT_10nt_NXT_2630
IDT_10nt_NXT_2631,IDT_10nt_NXT_2631
IDT_10nt_NXT_2632,IDT_10nt_NXT_2632
IDT_10nt_NXT_2633,IDT_10nt_NXT_2633
IDT_10nt_NXT_2634,IDT_10nt_NXT_2634
IDT_10nt_NXT_2635,IDT_10nt_NXT_2635
IDT_10nt_NXT_2636,IDT_10nt_NXT_2636
IDT_10nt_NXT_2637,IDT_10nt_NXT_2637
IDT_10nt_NXT_2638,IDT_10nt_NXT_2638
IDT_10nt_NXT_2639,IDT_10nt_NXT_2639
IDT_10nt_NXT_2640,IDT_10nt_NXT_2640
IDT_10nt_NXT_2641,IDT_10nt_NXT_2641
IDT_10nt_NXT_2642,IDT_10nt_NXT_2642
IDT_10nt_NXT_2643,IDT_10nt_NXT_2643
IDT_10nt_NXT_2644,IDT_10nt_NXT_2644
IDT_10nt_NXT_2645,IDT_10nt_NXT_2645
IDT_10nt_NXT_2646,IDT_10nt_NXT_2646
IDT_10nt_NXT_2647,IDT_10nt_NXT_2647
IDT_10nt_NXT_2648,IDT_10nt_NXT_2648
IDT_10nt_NXT_2649,IDT_10nt_NXT_2649
IDT_10nt_NXT_2650,IDT_10nt_NXT_2650
IDT_10nt_NXT_2651,IDT_10nt_NXT_2651
IDT_10nt_NXT_2652,IDT_10nt_NXT_2652
IDT_10nt_NXT_2653,IDT_10nt_NXT_2653
IDT_10nt_NXT_2654,IDT_10nt_NXT_2654
IDT_10nt_NXT_2655,IDT_10nt_NXT_2655
IDT_10nt_NXT_2656,IDT_10nt_NXT_2656
IDT_10nt_NXT_2657,IDT_10nt_NXT_2657
IDT_10nt_NXT_2658,IDT_10nt_NXT_2658
IDT_10nt_NXT_2659,IDT_10nt_NXT_2659
IDT_10nt_NXT_2660,IDT_10nt_NXT_2660
IDT_10nt_NXT_2661,IDT_10nt_NXT_2661
IDT_10nt_NXT_2662,IDT_10nt_NXT_2662
IDT_10nt_NXT_2663,IDT_10nt_NXT_2663
IDT_10nt_NXT_2664,IDT_10nt_NXT_2664
IDT_10nt_NXT_2665,IDT_10nt_NXT_2665
IDT_10nt_NXT_2666,IDT_10nt_NXT_2666
IDT_10nt_NXT_2667,IDT_10nt_NXT_2667
IDT_10nt_NXT_2668,IDT_10nt_NXT_2668
IDT_10nt_NXT_2669,IDT_10nt_NXT_2669
IDT_10nt_NXT_2670,IDT_10nt_NXT_2670
IDT_10nt_NXT_2671,IDT_10nt_NXT_2671
IDT_10nt_NXT_2672,IDT_10nt_NXT_2672
IDT_10nt_NXT_2673,IDT_10nt_NXT_2673
IDT_10nt_NXT_2674,IDT_10nt_NXT_2674
IDT_10nt_NXT_2675,IDT_10nt_NXT_2675
IDT_10nt_NXT_2676,IDT_10nt_NXT_2676
IDT_10nt_NXT_2677,IDT_10nt_NXT_2677
IDT_10nt_NXT_2678,IDT_10nt_NXT_2678
IDT_10nt_NXT_2679,IDT_10nt_NXT_2679
IDT_10nt_NXT_2680,IDT_10nt_NXT_2680
IDT_10nt_NXT_2681,IDT_10nt_NXT_2681
IDT_10nt_NXT_2682,IDT_10nt_NXT_2682
IDT_10nt_NXT_2683,IDT_10nt_NXT_2683
IDT_10nt_NXT_2684,IDT_10nt_NXT_2684
IDT_10nt_NXT_2685,IDT_10nt_NXT_2685
IDT_10nt_NXT_2686,IDT_10nt_NXT_2686
IDT_10nt_NXT_2687,IDT_10nt_NXT_2687
IDT_10nt_NXT_2688,IDT_10nt_NXT_2688
IDT_10nt_NXT_2689,IDT_10nt_NXT_2689
IDT_10nt_NXT_2690,IDT_10nt_NXT_2690
IDT_10nt_NXT_2691,IDT_10nt_NXT_2691
IDT_10nt_NXT_2692,IDT_10nt_NXT_2692
IDT_10nt_NXT_2693,IDT_10nt_NXT_2693
IDT_10nt_NXT_2694,IDT_10nt_NXT_2694
IDT_10nt_NXT_2695,IDT_10nt_NXT_2695
IDT_10nt_NXT_2696,IDT_10nt_NXT_2696
IDT_10nt_NXT_2697,IDT_10nt_NXT_2697
IDT_10nt_NXT_2698,IDT_10nt_NXT_2698
IDT_10nt_NXT_2699,IDT_10nt_NXT_2699
IDT_10nt_NXT_2700,IDT_10nt_NXT_2700
IDT_10nt_NXT_2701,IDT_10nt_NXT_2701
IDT_10nt_NXT_2702,IDT_10nt_NXT_2702
IDT_10nt_NXT_2703,IDT_10nt_NXT_2703
IDT_10nt_NXT_2704,IDT_10nt_NXT_2704
IDT_10nt_NXT_2705,IDT_10nt_NXT_2705
IDT_10nt_NXT_2706,IDT_10nt_NXT_2706
IDT_10nt_NXT_2707,IDT_10nt_NXT_2707
IDT_10nt_NXT_2708,IDT_10nt_NXT_2708
IDT_10nt_NXT_2709,IDT_10nt_NXT_2709
IDT_10nt_NXT_2710,IDT_10nt_NXT_2710
IDT_10nt_NXT_2711,IDT_10nt_NXT_2711
IDT_10nt_NXT_2712,IDT_10nt_NXT_2712
IDT_10nt_NXT_2713,IDT_10nt_NXT_2713
IDT_10nt_NXT_2714,IDT_10nt_NXT_2714
IDT_10nt_NXT_2715,IDT_10nt_NXT_2715
IDT_10nt_NXT_2716,IDT_10nt_NXT_2716
IDT_10nt_NXT_2717,IDT_10nt_NXT_2717
IDT_10nt_NXT_2718,IDT_10nt_NXT_2718
IDT_10nt_NXT_2719,IDT_10nt_NXT_2719
IDT_10nt_NXT_2720,IDT_10nt_NXT_2720
IDT_10nt_NXT_2721,IDT_10nt_NXT_2721
IDT_10nt_NXT_2722,IDT_10nt_NXT_2722
IDT_10nt_NXT_2723,IDT_10nt_NXT_2723
IDT_10nt_NXT_2724,IDT_10nt_NXT_2724
IDT_10nt_NXT_2725,IDT_10nt_NXT_2725
IDT_10nt_NXT_2726,IDT_10nt_NXT_2726
IDT_10nt_NXT_2727,IDT_10nt_NXT_2727
IDT_10nt_NXT_2728,IDT_10nt_NXT_2728
IDT_10nt_NXT_2729,IDT_10nt_NXT_2729
IDT_10nt_NXT_2730,IDT_10nt_NXT_2730
IDT_10nt_NXT_2731,IDT_10nt_NXT_2731
IDT_10nt_NXT_2732,IDT_10nt_NXT_2732
IDT_10nt_NXT_2733,IDT_10nt_NXT_2733
IDT_10nt_NXT_2734,IDT_10nt_NXT_2734
IDT_10nt_NXT_2735,IDT_10nt_NXT_2735
IDT_10nt_NXT_2736,IDT_10nt_NXT_2736
IDT_10nt_NXT_2737,IDT_10nt_NXT_2737
IDT_10nt_NXT_2738,IDT_10nt_NXT_2738
IDT_10nt_NXT_2739,IDT_10nt_NXT_2739
IDT_10nt_NXT_2740,IDT_10nt_NXT_2740
IDT_10nt_NXT_2741,IDT_10nt_NXT_2741
IDT_10nt_NXT_2742,IDT_10nt_NXT_2742
IDT_10nt_NXT_2743,IDT_10nt_NXT_2743
IDT_10nt_NXT_2744,IDT_10nt_NXT_2744
IDT_10nt_NXT_2745,IDT_10nt_NXT_2745
IDT_10nt_NXT_2746,IDT_10nt_NXT_2746
IDT_10nt_NXT_2747,IDT_10nt_NXT_2747
IDT_10nt_NXT_2748,IDT_10nt_NXT_2748
IDT_10nt_NXT_2749,IDT_10nt_NXT_2749
IDT_10nt_NXT_2750,IDT_10nt_NXT_2750
IDT_10nt_NXT_2751,IDT_10nt_NXT_2751
IDT_10nt_NXT_2752,IDT_10nt_NXT_2752
IDT_10nt_NXT_2753,IDT_10nt_NXT_2753
IDT_10nt_NXT_2754,IDT_10nt_NXT_2754
IDT_10nt_NXT_2755,IDT_10nt_NXT_2755
IDT_10nt_NXT_2756,IDT_10nt_NXT_2756
IDT_10nt_NXT_2757,IDT_10nt_NXT_2757
IDT_10nt_NXT_2758,IDT_10nt_NXT_2758
IDT_10nt_NXT_2759,IDT_10nt_NXT_2759
IDT_10nt_NXT_2760,IDT_10nt_NXT_2760
IDT_10nt_NXT_2761,IDT_10nt_NXT_2761
IDT_10nt_NXT_2762,IDT_10nt_NXT_2762
IDT_10nt_NXT_2763,IDT_10nt_NXT_2763
IDT_10nt_NXT_2764,IDT_10nt_NXT_2764
IDT_10nt_NXT_2765,IDT_10nt_NXT_2765
IDT_10nt_NXT_2766,IDT_10nt_NXT_2766
IDT_10nt_NXT_2767,IDT_10nt_NXT_2767
IDT_10nt_NXT_2768,IDT_10nt_NXT_2768
IDT_10nt_NXT_2769,IDT_10nt_NXT_2769
IDT_10nt_NXT_2770,IDT_10nt_NXT_2770
IDT_10nt_NXT_2771,IDT_10nt_NXT_2771
IDT_10nt_NXT_2772,IDT_10nt_NXT_2772
IDT_10nt_NXT_2773,IDT_10nt_NXT_2773
IDT_10nt_NXT_2774,IDT_10nt_NXT_2774
IDT_10nt_NXT_2775,IDT_10nt_NXT_2775
IDT_10nt_NXT_2776,IDT_10nt_NXT_2776
IDT_10nt_NXT_2777,IDT_10nt_NXT_2777
IDT_10nt_NXT_2778,IDT_10nt_NXT_2778
IDT_10nt_NXT_2779,IDT_10nt_NXT_2779
IDT_10nt_NXT_2780,IDT_10nt_NXT_2780
IDT_10nt_NXT_2781,IDT_10nt_NXT_2781
IDT_10nt_NXT_2782,IDT_10nt_NXT_2782
IDT_10nt_NXT_2783,IDT_10nt_NXT_2783
IDT_10nt_NXT_2784,IDT_10nt_NXT_2784
IDT_10nt_NXT_2785,IDT_10nt_NXT_2785
IDT_10nt_NXT_2786,IDT_10nt_NXT_2786
IDT_10nt_NXT_2787,IDT_10nt_NXT_2787
IDT_10nt_NXT_2788,IDT_10nt_NXT_2788
IDT_10nt_NXT_2789,IDT_10nt_NXT_2789
IDT_10nt_NXT_2790,IDT_10nt_NXT_2790
IDT_10nt_NXT_2791,IDT_10nt_NXT_2791
IDT_10nt_NXT_2792,IDT_10nt_NXT_2792
IDT_10nt_NXT_2793,IDT_10nt_NXT_2793
IDT_10nt_NXT_2794,IDT_10nt_NXT_2794
IDT_10nt_NXT_2795,IDT_10nt_NXT_2795
IDT_10nt_NXT_2796,IDT_10nt_NXT_2796
IDT_10nt_NXT_2797,IDT_10nt_NXT_2797
IDT_10nt_NXT_2798,IDT_10nt_NXT_2798
IDT_10nt_NXT_2799,IDT_10nt_NXT_2799
IDT_10nt_NXT_2800,IDT_10nt_NXT_2800
IDT_10nt_NXT_2801,IDT_10nt_NXT_2801
IDT_10nt_NXT_2802,IDT_10nt_NXT_2802
IDT_10nt_NXT_2803,IDT_10nt_NXT_2803
IDT_10nt_NXT_2804,IDT_10nt_NXT_2804
IDT_10nt_NXT_2805,IDT_10nt_NXT_2805
IDT_10nt_NXT_2806,IDT_10nt_NXT_2806
IDT_10nt_NXT_2807,IDT_10nt_NXT_2807
IDT_10nt_NXT_2808,IDT_10nt_NXT_2808
IDT_10nt_NXT_2809,IDT_10nt_NXT_2809
IDT_10nt_NXT_2810,IDT_10nt_NXT_2810
IDT_10nt_NXT_2811,IDT_10nt_NXT_2811
IDT_10nt_NXT_2812,IDT_10nt_NXT_2812
IDT_10nt_NXT_2813,IDT_10nt_NXT_2813
IDT_10nt_NXT_2814,IDT_10nt_NXT_2814
IDT_10nt_NXT_2815,IDT_10nt_NXT_2815
IDT_10nt_NXT_2816,IDT_10nt_NXT_2816
IDT_10nt_NXT_2817,IDT_10nt_NXT_2817
IDT_10nt_NXT_2818,IDT_10nt_NXT_2818
IDT_10nt_NXT_2819,IDT_10nt_NXT_2819
IDT_10nt_NXT_2820,IDT_10nt_NXT_2820
IDT_10nt_NXT_2821,IDT_10nt_NXT_2821
IDT_10nt_NXT_2822,IDT_10nt_NXT_2822
IDT_10nt_NXT_2823,IDT_10nt_NXT_2823
IDT_10nt_NXT_2824,IDT_10nt_NXT_2824
IDT_10nt_NXT_2825,IDT_10nt_NXT_2825
IDT_10nt_NXT_2826,IDT_10nt_NXT_2826
IDT_10nt_NXT_2827,IDT_10nt_NXT_2827
IDT_10nt_NXT_2828,IDT_10nt_NXT_2828
IDT_10nt_NXT_2829,IDT_10nt_NXT_2829
IDT_10nt_NXT_2830,IDT_10nt_NXT_2830
IDT_10nt_NXT_2831,IDT_10nt_NXT_2831
IDT_10nt_NXT_2832,IDT_10nt_NXT_2832
IDT_10nt_NXT_2833,IDT_10nt_NXT_2833
IDT_10nt_NXT_2834,IDT_10nt_NXT_2834
IDT_10nt_NXT_2835,IDT_10nt_NXT_2835
IDT_10nt_NXT_2836,IDT_10nt_NXT_2836
IDT_10nt_NXT_2837,IDT_10nt_NXT_2837
IDT_10nt_NXT_2838,IDT_10nt_NXT_2838
IDT_10nt_NXT_2839,IDT_10nt_NXT_2839
IDT_10nt_NXT_2840,IDT_10nt_NXT_2840
IDT_10nt_NXT_2841,IDT_10nt_NXT_2841
IDT_10nt_NXT_2842,IDT_10nt_NXT_2842
IDT_10nt_NXT_2843,IDT_10nt_NXT_2843
IDT_10nt_NXT_2844,IDT_10nt_NXT_2844
IDT_10nt_NXT_2845,IDT_10nt_NXT_2845
IDT_10nt_NXT_2846,IDT_10nt_NXT_2846
IDT_10nt_NXT_2847,IDT_10nt_NXT_2847
IDT_10nt_NXT_2848,IDT_10nt_NXT_2848
IDT_10nt_NXT_2849,IDT_10nt_NXT_2849
IDT_10nt_NXT_2850,IDT_10nt_NXT_2850
IDT_10nt_NXT_2851,IDT_10nt_NXT_2851
IDT_10nt_NXT_2852,IDT_10nt_NXT_2852
IDT_10nt_NXT_2853,IDT_10nt_NXT_2853
IDT_10nt_NXT_2854,IDT_10nt_NXT_2854
IDT_10nt_NXT_2855,IDT_10nt_NXT_2855
IDT_10nt_NXT_2856,IDT_10nt_NXT_2856
IDT_10nt_NXT_2857,IDT_10nt_NXT_2857
IDT_10nt_NXT_2858,IDT_10nt_NXT_2858
IDT_10nt_NXT_2859,IDT_10nt_NXT_2859
IDT_10nt_NXT_2860,IDT_10nt_NXT_2860
IDT_10nt_NXT_2861,IDT_10nt_NXT_2861
IDT_10nt_NXT_2862,IDT_10nt_NXT_2862
IDT_10nt_NXT_2863,IDT_10nt_NXT_2863
IDT_10nt_NXT_2864,IDT_10nt_NXT_2864
IDT_10nt_NXT_2865,IDT_10nt_NXT_2865
IDT_10nt_NXT_2866,IDT_10nt_NXT_2866
IDT_10nt_NXT_2867,IDT_10nt_NXT_2867
IDT_10nt_NXT_2868,IDT_10nt_NXT_2868
IDT_10nt_NXT_2869,IDT_10nt_NXT_2869
IDT_10nt_NXT_2870,IDT_10nt_NXT_2870
IDT_10nt_NXT_2871,IDT_10nt_NXT_2871
IDT_10nt_NXT_2872,IDT_10nt_NXT_2872
IDT_10nt_NXT_2873,IDT_10nt_NXT_2873
IDT_10nt_NXT_2874,IDT_10nt_NXT_2874
IDT_10nt_NXT_2875,IDT_10nt_NXT_2875
IDT_10nt_NXT_2876,IDT_10nt_NXT_2876
IDT_10nt_NXT_2877,IDT_10nt_NXT_2877
IDT_10nt_NXT_2878,IDT_10nt_NXT_2878
IDT_10nt_NXT_2879,IDT_10nt_NXT_2879
IDT_10nt_NXT_2880,IDT_10nt_NXT_2880
IDT_10nt_NXT_2881,IDT_10nt_NXT_2881
IDT_10nt_NXT_2882,IDT_10nt_NXT_2882
IDT_10nt_NXT_2883,IDT_10nt_NXT_2883
IDT_10nt_NXT_2884,IDT_10nt_NXT_2884
IDT_10nt_NXT_2885,IDT_10nt_NXT_2885
IDT_10nt_NXT_2886,IDT_10nt_NXT_2886
IDT_10nt_NXT_2887,IDT_10nt_NXT_2887
IDT_10nt_NXT_2888,IDT_10nt_NXT_2888
IDT_10nt_NXT_2889,IDT_10nt_NXT_2889
IDT_10nt_NXT_2890,IDT_10nt_NXT_2890
IDT_10nt_NXT_2891,IDT_10nt_NXT_2891
IDT_10nt_NXT_2892,IDT_10nt_NXT_2892
IDT_10nt_NXT_2893,IDT_10nt_NXT_2893
IDT_10nt_NXT_2894,IDT_10nt_NXT_2894
IDT_10nt_NXT_2895,IDT_10nt_NXT_2895
IDT_10nt_NXT_2896,IDT_10nt_NXT_2896
IDT_10nt_NXT_2897,IDT_10nt_NXT_2897
IDT_10nt_NXT_2898,IDT_10nt_NXT_2898
IDT_10nt_NXT_2899,IDT_10nt_NXT_2899
IDT_10nt_NXT_2900,IDT_10nt_NXT_2900
IDT_10nt_NXT_2901,IDT_10nt_NXT_2901
IDT_10nt_NXT_2902,IDT_10nt_NXT_2902
IDT_10nt_NXT_2903,IDT_10nt_NXT_2903
IDT_10nt_NXT_2904,IDT_10nt_NXT_2904
IDT_10nt_NXT_2905,IDT_10nt_NXT_2905
IDT_10nt_NXT_2906,IDT_10nt_NXT_2906
IDT_10nt_NXT_2907,IDT_10nt_NXT_2907
IDT_10nt_NXT_2908,IDT_10nt_NXT_2908
IDT_10nt_NXT_2909,IDT_10nt_NXT_2909
IDT_10nt_NXT_2910,IDT_10nt_NXT_2910
IDT_10nt_NXT_2911,IDT_10nt_NXT_2911
IDT_10nt_NXT_2912,IDT_10nt_NXT_2912
IDT_10nt_NXT_2913,IDT_10nt_NXT_2913
IDT_10nt_NXT_2914,IDT_10nt_NXT_2914
IDT_10nt_NXT_2915,IDT_10nt_NXT_2915
IDT_10nt_NXT_2916,IDT_10nt_NXT_2916
IDT_10nt_NXT_2917,IDT_10nt_NXT_2917
IDT_10nt_NXT_2918,IDT_10nt_NXT_2918
IDT_10nt_NXT_2919,IDT_10nt_NXT_2919
IDT_10nt_NXT_2920,IDT_10nt_NXT_2920
IDT_10nt_NXT_2921,IDT_10nt_NXT_2921
IDT_10nt_NXT_2922,IDT_10nt_NXT_2922
IDT_10nt_NXT_2923,IDT_10nt_NXT_2923
IDT_10nt_NXT_2924,IDT_10nt_NXT_2924
IDT_10nt_NXT_2925,IDT_10nt_NXT_2925
IDT_10nt_NXT_2926,IDT_10nt_NXT_2926
IDT_10nt_NXT_2927,IDT_10nt_NXT_2927
IDT_10nt_NXT_2928,IDT_10nt_NXT_2928
IDT_10nt_NXT_2929,IDT_10nt_NXT_2929
IDT_10nt_NXT_2930,IDT_10nt_NXT_2930
IDT_10nt_NXT_2931,IDT_10nt_NXT_2931
IDT_10nt_NXT_2932,IDT_10nt_NXT_2932
IDT_10nt_NXT_2933,IDT_10nt_NXT_2933
IDT_10nt_NXT_2934,IDT_10nt_NXT_2934
IDT_10nt_NXT_2935,IDT_10nt_NXT_2935
IDT_10nt_NXT_2936,IDT_10nt_NXT_2936
IDT_10nt_NXT_2937,IDT_10nt_NXT_2937
IDT_10nt_NXT_2938,IDT_10nt_NXT_2938
IDT_10nt_NXT_2939,IDT_10nt_NXT_2939
IDT_10nt_NXT_2940,IDT_10nt_NXT_2940
IDT_10nt_NXT_2941,IDT_10nt_NXT_2941
IDT_10nt_NXT_2942,IDT_10nt_NXT_2942
IDT_10nt_NXT_2943,IDT_10nt_NXT_2943
IDT_10nt_NXT_2944,IDT_10nt_NXT_2944
IDT_10nt_NXT_2945,IDT_10nt_NXT_2945
IDT_10nt_NXT_2946,IDT_10nt_NXT_2946
IDT_10nt_NXT_2947,IDT_10nt_NXT_2947
IDT_10nt_NXT_2948,IDT_10nt_NXT_2948
IDT_10nt_NXT_2949,IDT_10nt_NXT_2949
IDT_10nt_NXT_2950,IDT_10nt_NXT_2950
IDT_10nt_NXT_2951,IDT_10nt_NXT_2951
IDT_10nt_NXT_2952,IDT_10nt_NXT_2952
IDT_10nt_NXT_2953,IDT_10nt_NXT_2953
IDT_10nt_NXT_2954,IDT_10nt_NXT_2954
IDT_10nt_NXT_2955,IDT_10nt_NXT_2955
IDT_10nt_NXT_2956,IDT_10nt_NXT_2956
IDT_10nt_NXT_2957,IDT_10nt_NXT_2957
IDT_10nt_NXT_2958,IDT_10nt_NXT_2958
IDT_10nt_NXT_2959,IDT_10nt_NXT_2959
IDT_10nt_NXT_2960,IDT_10nt_NXT_2960
IDT_10nt_NXT_2961,IDT_10nt_NXT_2961
IDT_10nt_NXT_2962,IDT_10nt_NXT_2962
IDT_10nt_NXT_2963,IDT_10nt_NXT_2963
IDT_10nt_NXT_2964,IDT_10nt_NXT_2964
IDT_10nt_NXT_2965,IDT_10nt_NXT_2965
IDT_10nt_NXT_2966,IDT_10nt_NXT_2966
IDT_10nt_NXT_2967,IDT_10nt_NXT_2967
IDT_10nt_NXT_2968,IDT_10nt_NXT_2968
IDT_10nt_NXT_2969,IDT_10nt_NXT_2969
IDT_10nt_NXT_2970,IDT_10nt_NXT_2970
IDT_10nt_NXT_2971,IDT_10nt_NXT_2971
IDT_10nt_NXT_2972,IDT_10nt_NXT_2972
IDT_10nt_NXT_2973,IDT_10nt_NXT_2973
IDT_10nt_NXT_2974,IDT_10nt_NXT_2974
IDT_10nt_NXT_2975,IDT_10nt_NXT_2975
IDT_10nt_NXT_2976,IDT_10nt_NXT_2976
IDT_10nt_NXT_2977,IDT_10nt_NXT_2977
IDT_10nt_NXT_2978,IDT_10nt_NXT_2978
IDT_10nt_NXT_2979,IDT_10nt_NXT_2979
IDT_10nt_NXT_2980,IDT_10nt_NXT_2980
IDT_10nt_NXT_2981,IDT_10nt_NXT_2981
IDT_10nt_NXT_2982,IDT_10nt_NXT_2982
IDT_10nt_NXT_2983,IDT_10nt_NXT_2983
IDT_10nt_NXT_2984,IDT_10nt_NXT_2984
IDT_10nt_NXT_2985,IDT_10nt_NXT_2985
IDT_10nt_NXT_2986,IDT_10nt_NXT_2986
IDT_10nt_NXT_2987,IDT_10nt_NXT_2987
IDT_10nt_NXT_2988,IDT_10nt_NXT_2988
IDT_10nt_NXT_2989,IDT_10nt_NXT_2989
IDT_10nt_NXT_2990,IDT_10nt_NXT_2990
IDT_10nt_NXT_2991,IDT_10nt_NXT_2991
IDT_10nt_NXT_2992,IDT_10nt_NXT_2992
IDT_10nt_NXT_2993,IDT_10nt_NXT_2993
IDT_10nt_NXT_2994,IDT_10nt_NXT_2994
IDT_10nt_NXT_2995,IDT_10nt_NXT_2995
IDT_10nt_NXT_2996,IDT_10nt_NXT_2996
IDT_10nt_NXT_2997,IDT_10nt_NXT_2997
IDT_10nt_NXT_2998,IDT_10nt_NXT_2998
IDT_10nt_NXT_2999,IDT_10nt_NXT_2999
IDT_10nt_NXT_3000,IDT_10nt_NXT_3000
IDT_10nt_NXT_3001,IDT_10nt_NXT_3001
IDT_10nt_NXT_3002,IDT_10nt_NXT_3002
IDT_10nt_NXT_3003,IDT_10nt_NXT_3003
IDT_10nt_NXT_3004,IDT_10nt_NXT_3004
IDT_10nt_NXT_3005,IDT_10nt_NXT_3005
IDT_10nt_NXT_3006,IDT_10nt_NXT_3006
IDT_10nt_NXT_3007,IDT_10nt_NXT_3007
IDT_10nt_NXT_3008,IDT_10nt_NXT_3008
IDT_10nt_NXT_3009,IDT_10nt_NXT_3009
IDT_10nt_NXT_3010,IDT_10nt_NXT_3010
IDT_10nt_NXT_3011,IDT_10nt_NXT_3011
IDT_10nt_NXT_3012,IDT_10nt_NXT_3012
IDT_10nt_NXT_3013,IDT_10nt_NXT_3013
IDT_10nt_NXT_3014,IDT_10nt_NXT_3014
IDT_10nt_NXT_3015,IDT_10nt_NXT_3015
IDT_10nt_NXT_3016,IDT_10nt_NXT_3016
IDT_10nt_NXT_3017,IDT_10nt_NXT_3017
IDT_10nt_NXT_3018,IDT_10nt_NXT_3018
IDT_10nt_NXT_3019,IDT_10nt_NXT_3019
IDT_10nt_NXT_3020,IDT_10nt_NXT_3020
IDT_10nt_NXT_3021,IDT_10nt_NXT_3021
IDT_10nt_NXT_3022,IDT_10nt_NXT_3022
IDT_10nt_NXT_3023,IDT_10nt_NXT_3023
IDT_10nt_NXT_3024,IDT_10nt_NXT_3024
IDT_10nt_NXT_3025,IDT_10nt_NXT_3025
IDT_10nt_NXT_3026,IDT_10nt_NXT_3026
IDT_10nt_NXT_3027,IDT_10nt_NXT_3027
IDT_10nt_NXT_3028,IDT_10nt_NXT_3028
IDT_10nt_NXT_3029,IDT_10nt_NXT_3029
IDT_10nt_NXT_3030,IDT_10nt_NXT_3030
IDT_10nt_NXT_3031,IDT_10nt_NXT_3031
IDT_10nt_NXT_3032,IDT_10nt_NXT_3032
IDT_10nt_NXT_3033,IDT_10nt_NXT_3033
IDT_10nt_NXT_3034,IDT_10nt_NXT_3034
IDT_10nt_NXT_3035,IDT_10nt_NXT_3035
IDT_10nt_NXT_3036,IDT_10nt_NXT_3036
IDT_10nt_NXT_3037,IDT_10nt_NXT_3037
IDT_10nt_NXT_3038,IDT_10nt_NXT_3038
IDT_10nt_NXT_3039,IDT_10nt_NXT_3039
IDT_10nt_NXT_3040,IDT_10nt_NXT_3040
IDT_10nt_NXT_3041,IDT_10nt_NXT_3041
IDT_10nt_NXT_3042,IDT_10nt_NXT_3042
IDT_10nt_NXT_3043,IDT_10nt_NXT_3043
IDT_10nt_NXT_3044,IDT_10nt_NXT_3044
IDT_10nt_NXT_3045,IDT_10nt_NXT_3045
IDT_10nt_NXT_3046,IDT_10nt_NXT_3046
IDT_10nt_NXT_3047,IDT_10nt_NXT_3047
IDT_10nt_NXT_3048,IDT_10nt_NXT_3048
IDT_10nt_NXT_3049,IDT_10nt_NXT_3049
IDT_10nt_NXT_3050,IDT_10nt_NXT_3050
IDT_10nt_NXT_3051,IDT_10nt_NXT_3051
IDT_10nt_NXT_3052,IDT_10nt_NXT_3052
IDT_10nt_NXT_3053,IDT_10nt_NXT_3053
IDT_10nt_NXT_3054,IDT_10nt_NXT_3054
IDT_10nt_NXT_3055,IDT_10nt_NXT_3055
IDT_10nt_NXT_3056,IDT_10nt_NXT_3056
IDT_10nt_NXT_3057,IDT_10nt_NXT_3057
IDT_10nt_NXT_3058,IDT_10nt_NXT_3058
IDT_10nt_NXT_3059,IDT_10nt_NXT_3059
IDT_10nt_NXT_3060,IDT_10nt_NXT_3060
IDT_10nt_NXT_3061,IDT_10nt_NXT_3061
IDT_10nt_NXT_3062,IDT_10nt_NXT_3062
IDT_10nt_NXT_3063,IDT_10nt_NXT_3063
IDT_10nt_NXT_3064,IDT_10nt_NXT_3064
IDT_10nt_NXT_3065,IDT_10nt_NXT_3065
IDT_10nt_NXT_3066,IDT_10nt_NXT_3066
IDT_10nt_NXT_3067,IDT_10nt_NXT_3067
IDT_10nt_NXT_3068,IDT_10nt_NXT_3068
IDT_10nt_NXT_3069,IDT_10nt_NXT_3069
IDT_10nt_NXT_3070,IDT_10nt_NXT_3070
IDT_10nt_NXT_3071,IDT_10nt_NXT_3071
IDT_10nt_NXT_3072,IDT_10nt_NXT_3072
IDT_10nt_NXT_3073,IDT_10nt_NXT_3073
IDT_10nt_NXT_3074,IDT_10nt_NXT_3074
IDT_10nt_NXT_3075,IDT_10nt_NXT_3075
IDT_10nt_NXT_3076,IDT_10nt_NXT_3076
IDT_10nt_NXT_3077,IDT_10nt_NXT_3077
IDT_10nt_NXT_3078,IDT_10nt_NXT_3078
IDT_10nt_NXT_3079,IDT_10nt_NXT_3079
IDT_10nt_NXT_3080,IDT_10nt_NXT_3080
IDT_10nt_NXT_3081,IDT_10nt_NXT_3081
IDT_10nt_NXT_3082,IDT_10nt_NXT_3082
IDT_10nt_NXT_3083,IDT_10nt_NXT_3083
IDT_10nt_NXT_3084,IDT_10nt_NXT_3084
IDT_10nt_NXT_3085,IDT_10nt_NXT_3085
IDT_10nt_NXT_3086,IDT_10nt_NXT_3086
IDT_10nt_NXT_3087,IDT_10nt_NXT_3087
IDT_10nt_NXT_3088,IDT_10nt_NXT_3088
IDT_10nt_NXT_3089,IDT_10nt_NXT_3089
IDT_10nt_NXT_3090,IDT_10nt_NXT_3090
IDT_10nt_NXT_3091,IDT_10nt_NXT_3091
IDT_10nt_NXT_3092,IDT_10nt_NXT_3092
IDT_10nt_NXT_3093,IDT_10nt_NXT_3093
IDT_10nt_NXT_3094,IDT_10nt_NXT_3094
IDT_10nt_NXT_3095,IDT_10nt_NXT_3095
IDT_10nt_NXT_3096,IDT_10nt_NXT_3096
IDT_10nt_NXT_3097,IDT_10nt_NXT_3097
IDT_10nt_NXT_3098,IDT_10nt_NXT_3098
IDT_10nt_NXT_3099,IDT_10nt_NXT_3099
IDT_10nt_NXT_3100,IDT_10nt_NXT_3100
IDT_10nt_NXT_3101,IDT_10nt_NXT_3101
IDT_10nt_NXT_3102,IDT_10nt_NXT_3102
IDT_10nt_NXT_3103,IDT_10nt_NXT_3103
IDT_10nt_NXT_3104,IDT_10nt_NXT_3104
IDT_10nt_NXT_3105,IDT_10nt_NXT_3105
IDT_10nt_NXT_3106,IDT_10nt_NXT_3106
IDT_10nt_NXT_3107,IDT_10nt_NXT_3107
IDT_10nt_NXT_3108,IDT_10nt_NXT_3108
IDT_10nt_NXT_3109,IDT_10nt_NXT_3109
IDT_10nt_NXT_3110,IDT_10nt_NXT_3110
IDT_10nt_NXT_3111,IDT_10nt_NXT_3111
IDT_10nt_NXT_3112,IDT_10nt_NXT_3112
IDT_10nt_NXT_3113,IDT_10nt_NXT_3113
IDT_10nt_NXT_3114,IDT_10nt_NXT_3114
IDT_10nt_NXT_3115,IDT_10nt_NXT_3115
IDT_10nt_NXT_3116,IDT_10nt_NXT_3116
IDT_10nt_NXT_3117,IDT_10nt_NXT_3117
IDT_10nt_NXT_3118,IDT_10nt_NXT_3118
IDT_10nt_NXT_3119,IDT_10nt_NXT_3119
IDT_10nt_NXT_3120,IDT_10nt_NXT_3120
IDT_10nt_NXT_3121,IDT_10nt_NXT_3121
IDT_10nt_NXT_3122,IDT_10nt_NXT_3122
IDT_10nt_NXT_3123,IDT_10nt_NXT_3123
IDT_10nt_NXT_3124,IDT_10nt_NXT_3124
IDT_10nt_NXT_3125,IDT_10nt_NXT_3125
IDT_10nt_NXT_3126,IDT_10nt_NXT_3126
IDT_10nt_NXT_3127,IDT_10nt_NXT_3127
IDT_10nt_NXT_3128,IDT_10nt_NXT_3128
IDT_10nt_NXT_3129,IDT_10nt_NXT_3129
IDT_10nt_NXT_3130,IDT_10nt_NXT_3130
IDT_10nt_NXT_3131,IDT_10nt_NXT_3131
IDT_10nt_NXT_3132,IDT_10nt_NXT_3132
IDT_10nt_NXT_3133,IDT_10nt_NXT_3133
IDT_10nt_NXT_3134,IDT_10nt_NXT_3134
IDT_10nt_NXT_3135,IDT_10nt_NXT_3135
IDT_10nt_NXT_3136,IDT_10nt_NXT_3136
IDT_10nt_NXT_3137,IDT_10nt_NXT_3137
IDT_10nt_NXT_3138,IDT_10nt_NXT_3138
IDT_10nt_NXT_3139,IDT_10nt_NXT_3139
IDT_10nt_NXT_3140,IDT_10nt_NXT_3140
IDT_10nt_NXT_3141,IDT_10nt_NXT_3141
IDT_10nt_NXT_3142,IDT_10nt_NXT_3142
IDT_10nt_NXT_3143,IDT_10nt_NXT_3143
IDT_10nt_NXT_3144,IDT_10nt_NXT_3144
IDT_10nt_NXT_3145,IDT_10nt_NXT_3145
IDT_10nt_NXT_3146,IDT_10nt_NXT_3146
IDT_10nt_NXT_3147,IDT_10nt_NXT_3147
IDT_10nt_NXT_3148,IDT_10nt_NXT_3148
IDT_10nt_NXT_3149,IDT_10nt_NXT_3149
IDT_10nt_NXT_3150,IDT_10nt_NXT_3150
IDT_10nt_NXT_3151,IDT_10nt_NXT_3151
IDT_10nt_NXT_3152,IDT_10nt_NXT_3152
IDT_10nt_NXT_3153,IDT_10nt_NXT_3153
IDT_10nt_NXT_3154,IDT_10nt_NXT_3154
IDT_10nt_NXT_3155,IDT_10nt_NXT_3155
IDT_10nt_NXT_3156,IDT_10nt_NXT_3156
IDT_10nt_NXT_3157,IDT_10nt_NXT_3157
IDT_10nt_NXT_3158,IDT_10nt_NXT_3158
IDT_10nt_NXT_3159,IDT_10nt_NXT_3159
IDT_10nt_NXT_3160,IDT_10nt_NXT_3160
IDT_10nt_NXT_3161,IDT_10nt_NXT_3161
IDT_10nt_NXT_3162,IDT_10nt_NXT_3162
IDT_10nt_NXT_3163,IDT_10nt_NXT_3163
IDT_10nt_NXT_3164,IDT_10nt_NXT_3164
IDT_10nt_NXT_3165,IDT_10nt_NXT_3165
IDT_10nt_NXT_3166,IDT_10nt_NXT_3166
IDT_10nt_NXT_3167,IDT_10nt_NXT_3167
IDT_10nt_NXT_3168,IDT_10nt_NXT_3168
IDT_10nt_NXT_3169,IDT_10nt_NXT_3169
IDT_10nt_NXT_3170,IDT_10nt_NXT_3170
IDT_10nt_NXT_3171,IDT_10nt_NXT_3171
IDT_10nt_NXT_3172,IDT_10nt_NXT_3172
IDT_10nt_NXT_3173,IDT_10nt_NXT_3173
IDT_10nt_NXT_3174,IDT_10nt_NXT_3174
IDT_10nt_NXT_3175,IDT_10nt_NXT_3175
IDT_10nt_NXT_3176,IDT_10nt_NXT_3176
IDT_10nt_NXT_3177,IDT_10nt_NXT_3177
IDT_10nt_NXT_3178,IDT_10nt_NXT_3178
IDT_10nt_NXT_3179,IDT_10nt_NXT_3179
IDT_10nt_NXT_3180,IDT_10nt_NXT_3180
IDT_10nt_NXT_3181,IDT_10nt_NXT_3181
IDT_10nt_NXT_3182,IDT_10nt_NXT_3182
IDT_10nt_NXT_3183,IDT_10nt_NXT_3183
IDT_10nt_NXT_3184,IDT_10nt_NXT_3184
IDT_10nt_NXT_3185,IDT_10nt_NXT_3185
IDT_10nt_NXT_3186,IDT_10nt_NXT_3186
IDT_10nt_NXT_3187,IDT_10nt_NXT_3187
IDT_10nt_NXT_3188,IDT_10nt_NXT_3188
IDT_10nt_NXT_3189,IDT_10nt_NXT_3189
IDT_10nt_NXT_3190,IDT_10nt_NXT_3190
IDT_10nt_NXT_3191,IDT_10nt_NXT_3191
IDT_10nt_NXT_3192,IDT_10nt_NXT_3192
IDT_10nt_NXT_3193,IDT_10nt_NXT_3193
IDT_10nt_NXT_3194,IDT_10nt_NXT_3194
IDT_10nt_NXT_3195,IDT_10nt_NXT_3195
IDT_10nt_NXT_3196,IDT_10nt_NXT_3196
IDT_10nt_NXT_3197,IDT_10nt_NXT_3197
IDT_10nt_NXT_3198,IDT_10nt_NXT_3198
IDT_10nt_NXT_3199,IDT_10nt_NXT_3199
IDT_10nt_NXT_3200,IDT_10nt_NXT_3200
IDT_10nt_NXT_3201,IDT_10nt_NXT_3201
IDT_10nt_NXT_3202,IDT_10nt_NXT_3202
IDT_10nt_NXT_3203,IDT_10nt_NXT_3203
IDT_10nt_NXT_3204,IDT_10nt_NXT_3204
IDT_10nt_NXT_3205,IDT_10nt_NXT_3205
IDT_10nt_NXT_3206,IDT_10nt_NXT_3206
IDT_10nt_NXT_3207,IDT_10nt_NXT_3207
IDT_10nt_NXT_3208,IDT_10nt_NXT_3208
IDT_10nt_NXT_3209,IDT_10nt_NXT_3209
IDT_10nt_NXT_3210,IDT_10nt_NXT_3210
IDT_10nt_NXT_3211,IDT_10nt_NXT_3211
IDT_10nt_NXT_3212,IDT_10nt_NXT_3212
IDT_10nt_NXT_3213,IDT_10nt_NXT_3213
IDT_10nt_NXT_3214,IDT_10nt_NXT_3214
IDT_10nt_NXT_3215,IDT_10nt_NXT_3215
IDT_10nt_NXT_3216,IDT_10nt_NXT_3216
IDT_10nt_NXT_3217,IDT_10nt_NXT_3217
IDT_10nt_NXT_3218,IDT_10nt_NXT_3218
IDT_10nt_NXT_3219,IDT_10nt_NXT_3219
IDT_10nt_NXT_3220,IDT_10nt_NXT_3220
IDT_10nt_NXT_3221,IDT_10nt_NXT_3221
IDT_10nt_NXT_3222,IDT_10nt_NXT_3222
IDT_10nt_NXT_3223,IDT_10nt_NXT_3223
IDT_10nt_NXT_3224,IDT_10nt_NXT_3224
IDT_10nt_NXT_3225,IDT_10nt_NXT_3225
IDT_10nt_NXT_3226,IDT_10nt_NXT_3226
IDT_10nt_NXT_3227,IDT_10nt_NXT_3227
IDT_10nt_NXT_3228,IDT_10nt_NXT_3228
IDT_10nt_NXT_3229,IDT_10nt_NXT_3229
IDT_10nt_NXT_3230,IDT_10nt_NXT_3230
IDT_10nt_NXT_3231,IDT_10nt_NXT_3231
IDT_10nt_NXT_3232,IDT_10nt_NXT_3232
IDT_10nt_NXT_3233,IDT_10nt_NXT_3233
IDT_10nt_NXT_3234,IDT_10nt_NXT_3234
IDT_10nt_NXT_3235,IDT_10nt_NXT_3235
IDT_10nt_NXT_3236,IDT_10nt_NXT_3236
IDT_10nt_NXT_3237,IDT_10nt_NXT_3237
IDT_10nt_NXT_3238,IDT_10nt_NXT_3238
IDT_10nt_NXT_3239,IDT_10nt_NXT_3239
IDT_10nt_NXT_3240,IDT_10nt_NXT_3240
IDT_10nt_NXT_3241,IDT_10nt_NXT_3241
IDT_10nt_NXT_3242,IDT_10nt_NXT_3242
IDT_10nt_NXT_3243,IDT_10nt_NXT_3243
IDT_10nt_NXT_3244,IDT_10nt_NXT_3244
IDT_10nt_NXT_3245,IDT_10nt_NXT_3245
IDT_10nt_NXT_3246,IDT_10nt_NXT_3246
IDT_10nt_NXT_3247,IDT_10nt_NXT_3247
IDT_10nt_NXT_3248,IDT_10nt_NXT_3248
IDT_10nt_NXT_3249,IDT_10nt_NXT_3249
IDT_10nt_NXT_3250,IDT_10nt_NXT_3250
IDT_10nt_NXT_3251,IDT_10nt_NXT_3251
IDT_10nt_NXT_3252,IDT_10nt_NXT_3252
IDT_10nt_NXT_3253,IDT_10nt_NXT_3253
IDT_10nt_NXT_3254,IDT_10nt_NXT_3254
IDT_10nt_NXT_3255,IDT_10nt_NXT_3255
IDT_10nt_NXT_3256,IDT_10nt_NXT_3256
IDT_10nt_NXT_3257,IDT_10nt_NXT_3257
IDT_10nt_NXT_3258,IDT_10nt_NXT_3258
IDT_10nt_NXT_3259,IDT_10nt_NXT_3259
IDT_10nt_NXT_3260,IDT_10nt_NXT_3260
IDT_10nt_NXT_3261,IDT_10nt_NXT_3261
IDT_10nt_NXT_3262,IDT_10nt_NXT_3262
IDT_10nt_NXT_3263,IDT_10nt_NXT_3263
IDT_10nt_NXT_3264,IDT_10nt_NXT_3264
IDT_10nt_NXT_3265,IDT_10nt_NXT_3265
IDT_10nt_NXT_3266,IDT_10nt_NXT_3266
IDT_10nt_NXT_3267,IDT_10nt_NXT_3267
IDT_10nt_NXT_3268,IDT_10nt_NXT_3268
IDT_10nt_NXT_3269,IDT_10nt_NXT_3269
IDT_10nt_NXT_3270,IDT_10nt_NXT_3270
IDT_10nt_NXT_3271,IDT_10nt_NXT_3271
IDT_10nt_NXT_3272,IDT_10nt_NXT_3272
IDT_10nt_NXT_3273,IDT_10nt_NXT_3273
IDT_10nt_NXT_3274,IDT_10nt_NXT_3274
IDT_10nt_NXT_3275,IDT_10nt_NXT_3275
IDT_10nt_NXT_3276,IDT_10nt_NXT_3276
IDT_10nt_NXT_3277,IDT_10nt_NXT_3277
IDT_10nt_NXT_3278,IDT_10nt_NXT_3278
IDT_10nt_NXT_3279,IDT_10nt_NXT_3279
IDT_10nt_NXT_3280,IDT_10nt_NXT_3280
IDT_10nt_NXT_3281,IDT_10nt_NXT_3281
IDT_10nt_NXT_3282,IDT_10nt_NXT_3282
IDT_10nt_NXT_3283,IDT_10nt_NXT_3283
IDT_10nt_NXT_3284,IDT_10nt_NXT_3284
IDT_10nt_NXT_3285,IDT_10nt_NXT_3285
IDT_10nt_NXT_3286,IDT_10nt_NXT_3286
IDT_10nt_NXT_3287,IDT_10nt_NXT_3287
IDT_10nt_NXT_3288,IDT_10nt_NXT_3288
IDT_10nt_NXT_3289,IDT_10nt_NXT_3289
IDT_10nt_NXT_3290,IDT_10nt_NXT_3290
IDT_10nt_NXT_3291,IDT_10nt_NXT_3291
IDT_10nt_NXT_3292,IDT_10nt_NXT_3292
IDT_10nt_NXT_3293,IDT_10nt_NXT_3293
IDT_10nt_NXT_3294,IDT_10nt_NXT_3294
IDT_10nt_NXT_3295,IDT_10nt_NXT_3295
IDT_10nt_NXT_3296,IDT_10nt_NXT_3296
IDT_10nt_NXT_3297,IDT_10nt_NXT_3297
IDT_10nt_NXT_3298,IDT_10nt_NXT_3298
IDT_10nt_NXT_3299,IDT_10nt_NXT_3299
IDT_10nt_NXT_3300,IDT_10nt_NXT_3300
IDT_10nt_NXT_3301,IDT_10nt_NXT_3301
IDT_10nt_NXT_3302,IDT_10nt_NXT_3302
IDT_10nt_NXT_3303,IDT_10nt_NXT_3303
IDT_10nt_NXT_3304,IDT_10nt_NXT_3304
IDT_10nt_NXT_3305,IDT_10nt_NXT_3305
IDT_10nt_NXT_3306,IDT_10nt_NXT_3306
IDT_10nt_NXT_3307,IDT_10nt_NXT_3307
IDT_10nt_NXT_3308,IDT_10nt_NXT_3308
IDT_10nt_NXT_3309,IDT_10nt_NXT_3309
IDT_10nt_NXT_3310,IDT_10nt_NXT_3310
IDT_10nt_NXT_3311,IDT_10nt_NXT_3311
IDT_10nt_NXT_3312,IDT_10nt_NXT_3312
IDT_10nt_NXT_3313,IDT_10nt_NXT_3313
IDT_10nt_NXT_3314,IDT_10nt_NXT_3314
IDT_10nt_NXT_3315,IDT_10nt_NXT_3315
IDT_10nt_NXT_3316,IDT_10nt_NXT_3316
IDT_10nt_NXT_3317,IDT_10nt_NXT_3317
IDT_10nt_NXT_3318,IDT_10nt_NXT_3318
IDT_10nt_NXT_3319,IDT_10nt_NXT_3319
IDT_10nt_NXT_3320,IDT_10nt_NXT_3320
IDT_10nt_NXT_3321,IDT_10nt_NXT_3321
IDT_10nt_NXT_3322,IDT_10nt_NXT_3322
IDT_10nt_NXT_3323,IDT_10nt_NXT_3323
IDT_10nt_NXT_3324,IDT_10nt_NXT_3324
IDT_10nt_NXT_3325,IDT_10nt_NXT_3325
IDT_10nt_NXT_3326,IDT_10nt_NXT_3326
IDT_10nt_NXT_3327,IDT_10nt_NXT_3327
IDT_10nt_NXT_3328,IDT_10nt_NXT_3328
IDT_10nt_NXT_3329,IDT_10nt_NXT_3329
IDT_10nt_NXT_3330,IDT_10nt_NXT_3330
IDT_10nt_NXT_3331,IDT_10nt_NXT_3331
IDT_10nt_NXT_3332,IDT_10nt_NXT_3332
IDT_10nt_NXT_3333,IDT_10nt_NXT_3333
IDT_10nt_NXT_3334,IDT_10nt_NXT_3334
IDT_10nt_NXT_3335,IDT_10nt_NXT_3335
IDT_10nt_NXT_3336,IDT_10nt_NXT_3336
IDT_10nt_NXT_3337,IDT_10nt_NXT_3337
IDT_10nt_NXT_3338,IDT_10nt_NXT_3338
IDT_10nt_NXT_3339,IDT_10nt_NXT_3339
IDT_10nt_NXT_3340,IDT_10nt_NXT_3340
IDT_10nt_NXT_3341,IDT_10nt_NXT_3341
IDT_10nt_NXT_3342,IDT_10nt_NXT_3342
IDT_10nt_NXT_3343,IDT_10nt_NXT_3343
IDT_10nt_NXT_3344,IDT_10nt_NXT_3344
IDT_10nt_NXT_3345,IDT_10nt_NXT_3345
IDT_10nt_NXT_3346,IDT_10nt_NXT_3346
IDT_10nt_NXT_3347,IDT_10nt_NXT_3347
IDT_10nt_NXT_3348,IDT_10nt_NXT_3348
IDT_10nt_NXT_3349,IDT_10nt_NXT_3349
IDT_10nt_NXT_3350,IDT_10nt_NXT_3350
IDT_10nt_NXT_3351,IDT_10nt_NXT_3351
IDT_10nt_NXT_3352,IDT_10nt_NXT_3352
IDT_10nt_NXT_3353,IDT_10nt_NXT_3353
IDT_10nt_NXT_3354,IDT_10nt_NXT_3354
IDT_10nt_NXT_3355,IDT_10nt_NXT_3355
IDT_10nt_NXT_3356,IDT_10nt_NXT_3356
IDT_10nt_NXT_3357,IDT_10nt_NXT_3357
IDT_10nt_NXT_3358,IDT_10nt_NXT_3358
IDT_10nt_NXT_3359,IDT_10nt_NXT_3359
IDT_10nt_NXT_3360,IDT_10nt_NXT_3360
IDT_10nt_NXT_3361,IDT_10nt_NXT_3361
IDT_10nt_NXT_3362,IDT_10nt_NXT_3362
IDT_10nt_NXT_3363,IDT_10nt_NXT_3363
IDT_10nt_NXT_3364,IDT_10nt_NXT_3364
IDT_10nt_NXT_3365,IDT_10nt_NXT_3365
IDT_10nt_NXT_3366,IDT_10nt_NXT_3366
IDT_10nt_NXT_3367,IDT_10nt_NXT_3367
IDT_10nt_NXT_3368,IDT_10nt_NXT_3368
IDT_10nt_NXT_3369,IDT_10nt_NXT_3369
IDT_10nt_NXT_3370,IDT_10nt_NXT_3370
IDT_10nt_NXT_3371,IDT_10nt_NXT_3371
IDT_10nt_NXT_3372,IDT_10nt_NXT_3372
IDT_10nt_NXT_3373,IDT_10nt_NXT_3373
IDT_10nt_NXT_3374,IDT_10nt_NXT_3374
IDT_10nt_NXT_3375,IDT_10nt_NXT_3375
IDT_10nt_NXT_3376,IDT_10nt_NXT_3376
IDT_10nt_NXT_3377,IDT_10nt_NXT_3377
IDT_10nt_NXT_3378,IDT_10nt_NXT_3378
IDT_10nt_NXT_3379,IDT_10nt_NXT_3379
IDT_10nt_NXT_3380,IDT_10nt_NXT_3380
IDT_10nt_NXT_3381,IDT_10nt_NXT_3381
IDT_10nt_NXT_3382,IDT_10nt_NXT_3382
IDT_10nt_NXT_3383,IDT_10nt_NXT_3383
IDT_10nt_NXT_3384,IDT_10nt_NXT_3384
IDT_10nt_NXT_3385,IDT_10nt_NXT_3385
IDT_10nt_NXT_3386,IDT_10nt_NXT_3386
IDT_10nt_NXT_3387,IDT_10nt_NXT_3387
IDT_10nt_NXT_3388,IDT_10nt_NXT_3388
IDT_10nt_NXT_3389,IDT_10nt_NXT_3389
IDT_10nt_NXT_3390,IDT_10nt_NXT_3390
IDT_10nt_NXT_3391,IDT_10nt_NXT_3391
IDT_10nt_NXT_3392,IDT_10nt_NXT_3392
IDT_10nt_NXT_3393,IDT_10nt_NXT_3393
IDT_10nt_NXT_3394,IDT_10nt_NXT_3394
IDT_10nt_NXT_3395,IDT_10nt_NXT_3395
IDT_10nt_NXT_3396,IDT_10nt_NXT_3396
IDT_10nt_NXT_3397,IDT_10nt_NXT_3397
IDT_10nt_NXT_3398,IDT_10nt_NXT_3398
IDT_10nt_NXT_3399,IDT_10nt_NXT_3399
IDT_10nt_NXT_3400,IDT_10nt_NXT_3400
IDT_10nt_NXT_3401,IDT_10nt_NXT_3401
IDT_10nt_NXT_3402,IDT_10nt_NXT_3402
IDT_10nt_NXT_3403,IDT_10nt_NXT_3403
IDT_10nt_NXT_3404,IDT_10nt_NXT_3404
IDT_10nt_NXT_3405,IDT_10nt_NXT_3405
IDT_10nt_NXT_3406,IDT_10nt_NXT_3406
IDT_10nt_NXT_3407,IDT_10nt_NXT_3407
IDT_10nt_NXT_3408,IDT_10nt_NXT_3408
IDT_10nt_NXT_3409,IDT_10nt_NXT_3409
IDT_10nt_NXT_3410,IDT_10nt_NXT_3410
IDT_10nt_NXT_3411,IDT_10nt_NXT_3411
IDT_10nt_NXT_3412,IDT_10nt_NXT_3412
IDT_10nt_NXT_3413,IDT_10nt_NXT_3413
IDT_10nt_NXT_3414,IDT_10nt_NXT_3414
IDT_10nt_NXT_3415,IDT_10nt_NXT_3415
IDT_10nt_NXT_3416,IDT_10nt_NXT_3416
IDT_10nt_NXT_3417,IDT_10nt_NXT_3417
IDT_10nt_NXT_3418,IDT_10nt_NXT_3418
IDT_10nt_NXT_3419,IDT_10nt_NXT_3419
IDT_10nt_NXT_3420,IDT_10nt_NXT_3420
IDT_10nt_NXT_3421,IDT_10nt_NXT_3421
IDT_10nt_NXT_3422,IDT_10nt_NXT_3422
IDT_10nt_NXT_3423,IDT_10nt_NXT_3423
IDT_10nt_NXT_3424,IDT_10nt_NXT_3424
IDT_10nt_NXT_3425,IDT_10nt_NXT_3425
IDT_10nt_NXT_3426,IDT_10nt_NXT_3426
IDT_10nt_NXT_3427,IDT_10nt_NXT_3427
IDT_10nt_NXT_3428,IDT_10nt_NXT_3428
IDT_10nt_NXT_3429,IDT_10nt_NXT_3429
IDT_10nt_NXT_3430,IDT_10nt_NXT_3430
IDT_10nt_NXT_3431,IDT_10nt_NXT_3431
IDT_10nt_NXT_3432,IDT_10nt_NXT_3432
IDT_10nt_NXT_3433,IDT_10nt_NXT_3433
IDT_10nt_NXT_3434,IDT_10nt_NXT_3434
IDT_10nt_NXT_3435,IDT_10nt_NXT_3435
IDT_10nt_NXT_3436,IDT_10nt_NXT_3436
IDT_10nt_NXT_3437,IDT_10nt_NXT_3437
IDT_10nt_NXT_3438,IDT_10nt_NXT_3438
IDT_10nt_NXT_3439,IDT_10nt_NXT_3439
IDT_10nt_NXT_3440,IDT_10nt_NXT_3440
IDT_10nt_NXT_3441,IDT_10nt_NXT_3441
IDT_10nt_NXT_3442,IDT_10nt_NXT_3442
IDT_10nt_NXT_3443,IDT_10nt_NXT_3443
IDT_10nt_NXT_3444,IDT_10nt_NXT_3444
IDT_10nt_NXT_3445,IDT_10nt_NXT_3445
IDT_10nt_NXT_3446,IDT_10nt_NXT_3446
IDT_10nt_NXT_3447,IDT_10nt_NXT_3447
IDT_10nt_NXT_3448,IDT_10nt_NXT_3448
IDT_10nt_NXT_3449,IDT_10nt_NXT_3449
IDT_10nt_NXT_3450,IDT_10nt_NXT_3450
IDT_10nt_NXT_3451,IDT_10nt_NXT_3451
IDT_10nt_NXT_3452,IDT_10nt_NXT_3452
IDT_10nt_NXT_3453,IDT_10nt_NXT_3453
IDT_10nt_NXT_3454,IDT_10nt_NXT_3454
IDT_10nt_NXT_3455,IDT_10nt_NXT_3455
IDT_10nt_NXT_3456,IDT_10nt_NXT_3456
IDT_10nt_NXT_3457,IDT_10nt_NXT_3457
IDT_10nt_NXT_3458,IDT_10nt_NXT_3458
IDT_10nt_NXT_3459,IDT_10nt_NXT_3459
IDT_10nt_NXT_3460,IDT_10nt_NXT_3460
IDT_10nt_NXT_3461,IDT_10nt_NXT_3461
IDT_10nt_NXT_3462,IDT_10nt_NXT_3462
IDT_10nt_NXT_3463,IDT_10nt_NXT_3463
IDT_10nt_NXT_3464,IDT_10nt_NXT_3464
IDT_10nt_NXT_3465,IDT_10nt_NXT_3465
IDT_10nt_NXT_3466,IDT_10nt_NXT_3466
IDT_10nt_NXT_3467,IDT_10nt_NXT_3467
IDT_10nt_NXT_3468,IDT_10nt_NXT_3468
IDT_10nt_NXT_3469,IDT_10nt_NXT_3469
IDT_10nt_NXT_3470,IDT_10nt_NXT_3470
IDT_10nt_NXT_3471,IDT_10nt_NXT_3471
IDT_10nt_NXT_3472,IDT_10nt_NXT_3472
IDT_10nt_NXT_3473,IDT_10nt_NXT_3473
IDT_10nt_NXT_3474,IDT_10nt_NXT_3474
IDT_10nt_NXT_3475,IDT_10nt_NXT_3475
IDT_10nt_NXT_3476,IDT_10nt_NXT_3476
IDT_10nt_NXT_3477,IDT_10nt_NXT_3477
IDT_10nt_NXT_3478,IDT_10nt_NXT_3478
IDT_10nt_NXT_3479,IDT_10nt_NXT_3479
IDT_10nt_NXT_3480,IDT_10nt_NXT_3480
IDT_10nt_NXT_3481,IDT_10nt_NXT_3481
IDT_10nt_NXT_3482,IDT_10nt_NXT_3482
IDT_10nt_NXT_3483,IDT_10nt_NXT_3483
IDT_10nt_NXT_3484,IDT_10nt_NXT_3484
IDT_10nt_NXT_3485,IDT_10nt_NXT_3485
IDT_10nt_NXT_3486,IDT_10nt_NXT_3486
IDT_10nt_NXT_3487,IDT_10nt_NXT_3487
IDT_10nt_NXT_3488,IDT_10nt_NXT_3488
IDT_10nt_NXT_3489,IDT_10nt_NXT_3489
IDT_10nt_NXT_3490,IDT_10nt_NXT_3490
IDT_10nt_NXT_3491,IDT_10nt_NXT_3491
IDT_10nt_NXT_3492,IDT_10nt_NXT_3492
IDT_10nt_NXT_3493,IDT_10nt_NXT_3493
IDT_10nt_NXT_3494,IDT_10nt_NXT_3494
IDT_10nt_NXT_3495,IDT_10nt_NXT_3495
IDT_10nt_NXT_3496,IDT_10nt_NXT_3496
IDT_10nt_NXT_3497,IDT_10nt_NXT_3497
IDT_10nt_NXT_3498,IDT_10nt_NXT_3498
IDT_10nt_NXT_3499,IDT_10nt_NXT_3499
IDT_10nt_NXT_3500,IDT_10nt_NXT_3500
IDT_10nt_NXT_3501,IDT_10nt_NXT_3501
IDT_10nt_NXT_3502,IDT_10nt_NXT_3502
IDT_10nt_NXT_3503,IDT_10nt_NXT_3503
IDT_10nt_NXT_3504,IDT_10nt_NXT_3504
IDT_10nt_NXT_3505,IDT_10nt_NXT_3505
IDT_10nt_NXT_3506,IDT_10nt_NXT_3506
IDT_10nt_NXT_3507,IDT_10nt_NXT_3507
IDT_10nt_NXT_3508,IDT_10nt_NXT_3508
IDT_10nt_NXT_3509,IDT_10nt_NXT_3509
IDT_10nt_NXT_3510,IDT_10nt_NXT_3510
IDT_10nt_NXT_3511,IDT_10nt_NXT_3511
IDT_10nt_NXT_3512,IDT_10nt_NXT_3512
IDT_10nt_NXT_3513,IDT_10nt_NXT_3513
IDT_10nt_NXT_3514,IDT_10nt_NXT_3514
IDT_10nt_NXT_3515,IDT_10nt_NXT_3515
IDT_10nt_NXT_3516,IDT_10nt_NXT_3516
IDT_10nt_NXT_3517,IDT_10nt_NXT_3517
IDT_10nt_NXT_3518,IDT_10nt_NXT_3518
IDT_10nt_NXT_3519,IDT_10nt_NXT_3519
IDT_10nt_NXT_3520,IDT_10nt_NXT_3520
IDT_10nt_NXT_3521,IDT_10nt_NXT_3521
IDT_10nt_NXT_3522,IDT_10nt_NXT_3522
IDT_10nt_NXT_3523,IDT_10nt_NXT_3523
IDT_10nt_NXT_3524,IDT_10nt_NXT_3524
IDT_10nt_NXT_3525,IDT_10nt_NXT_3525
IDT_10nt_NXT_3526,IDT_10nt_NXT_3526
IDT_10nt_NXT_3527,IDT_10nt_NXT_3527
IDT_10nt_NXT_3528,IDT_10nt_NXT_3528
IDT_10nt_NXT_3529,IDT_10nt_NXT_3529
IDT_10nt_NXT_3530,IDT_10nt_NXT_3530
IDT_10nt_NXT_3531,IDT_10nt_NXT_3531
IDT_10nt_NXT_3532,IDT_10nt_NXT_3532
IDT_10nt_NXT_3533,IDT_10nt_NXT_3533
IDT_10nt_NXT_3534,IDT_10nt_NXT_3534
IDT_10nt_NXT_3535,IDT_10nt_NXT_3535
IDT_10nt_NXT_3536,IDT_10nt_NXT_3536
IDT_10nt_NXT_3537,IDT_10nt_NXT_3537
IDT_10nt_NXT_3538,IDT_10nt_NXT_3538
IDT_10nt_NXT_3539,IDT_10nt_NXT_3539
IDT_10nt_NXT_3540,IDT_10nt_NXT_3540
IDT_10nt_NXT_3541,IDT_10nt_NXT_3541
IDT_10nt_NXT_3542,IDT_10nt_NXT_3542
IDT_10nt_NXT_3543,IDT_10nt_NXT_3543
IDT_10nt_NXT_3544,IDT_10nt_NXT_3544
IDT_10nt_NXT_3545,IDT_10nt_NXT_3545
IDT_10nt_NXT_3546,IDT_10nt_NXT_3546
IDT_10nt_NXT_3547,IDT_10nt_NXT_3547
IDT_10nt_NXT_3548,IDT_10nt_NXT_3548
IDT_10nt_NXT_3549,IDT_10nt_NXT_3549
IDT_10nt_NXT_3550,IDT_10nt_NXT_3550
IDT_10nt_NXT_3551,IDT_10nt_NXT_3551
IDT_10nt_NXT_3552,IDT_10nt_NXT_3552
IDT_10nt_NXT_3553,IDT_10nt_NXT_3553
IDT_10nt_NXT_3554,IDT_10nt_NXT_3554
IDT_10nt_NXT_3555,IDT_10nt_NXT_3555
IDT_10nt_NXT_3556,IDT_10nt_NXT_3556
IDT_10nt_NXT_3557,IDT_10nt_NXT_3557
IDT_10nt_NXT_3558,IDT_10nt_NXT_3558
IDT_10nt_NXT_3559,IDT_10nt_NXT_3559
IDT_10nt_NXT_3560,IDT_10nt_NXT_3560
IDT_10nt_NXT_3561,IDT_10nt_NXT_3561
IDT_10nt_NXT_3562,IDT_10nt_NXT_3562
IDT_10nt_NXT_3563,IDT_10nt_NXT_3563
IDT_10nt_NXT_3564,IDT_10nt_NXT_3564
IDT_10nt_NXT_3565,IDT_10nt_NXT_3565
IDT_10nt_NXT_3566,IDT_10nt_NXT_3566
IDT_10nt_NXT_3567,IDT_10nt_NXT_3567
IDT_10nt_NXT_3568,IDT_10nt_NXT_3568
IDT_10nt_NXT_3569,IDT_10nt_NXT_3569
IDT_10nt_NXT_3570,IDT_10nt_NXT_3570
IDT_10nt_NXT_3571,IDT_10nt_NXT_3571
IDT_10nt_NXT_3572,IDT_10nt_NXT_3572
IDT_10nt_NXT_3573,IDT_10nt_NXT_3573
IDT_10nt_NXT_3574,IDT_10nt_NXT_3574
IDT_10nt_NXT_3575,IDT_10nt_NXT_3575
IDT_10nt_NXT_3576,IDT_10nt_NXT_3576
IDT_10nt_NXT_3577,IDT_10nt_NXT_3577
IDT_10nt_NXT_3578,IDT_10nt_NXT_3578
IDT_10nt_NXT_3579,IDT_10nt_NXT_3579
IDT_10nt_NXT_3580,IDT_10nt_NXT_3580
IDT_10nt_NXT_3581,IDT_10nt_NXT_3581
IDT_10nt_NXT_3582,IDT_10nt_NXT_3582
IDT_10nt_NXT_3583,IDT_10nt_NXT_3583
IDT_10nt_NXT_3584,IDT_10nt_NXT_3584
IDT_10nt_NXT_3585,IDT_10nt_NXT_3585
IDT_10nt_NXT_3586,IDT_10nt_NXT_3586
IDT_10nt_NXT_3587,IDT_10nt_NXT_3587
IDT_10nt_NXT_3588,IDT_10nt_NXT_3588
IDT_10nt_NXT_3589,IDT_10nt_NXT_3589
IDT_10nt_NXT_3590,IDT_10nt_NXT_3590
IDT_10nt_NXT_3591,IDT_10nt_NXT_3591
IDT_10nt_NXT_3592,IDT_10nt_NXT_3592
IDT_10nt_NXT_3593,IDT_10nt_NXT_3593
IDT_10nt_NXT_3594,IDT_10nt_NXT_3594
IDT_10nt_NXT_3595,IDT_10nt_NXT_3595
IDT_10nt_NXT_3596,IDT_10nt_NXT_3596
IDT_10nt_NXT_3597,IDT_10nt_NXT_3597
IDT_10nt_NXT_3598,IDT_10nt_NXT_3598
IDT_10nt_NXT_3599,IDT_10nt_NXT_3599
IDT_10nt_NXT_3600,IDT_10nt_NXT_3600
IDT_10nt_NXT_3601,IDT_10nt_NXT_3601
IDT_10nt_NXT_3602,IDT_10nt_NXT_3602
IDT_10nt_NXT_3603,IDT_10nt_NXT_3603
IDT_10nt_NXT_3604,IDT_10nt_NXT_3604
IDT_10nt_NXT_3605,IDT_10nt_NXT_3605
IDT_10nt_NXT_3606,IDT_10nt_NXT_3606
IDT_10nt_NXT_3607,IDT_10nt_NXT_3607
IDT_10nt_NXT_3608,IDT_10nt_NXT_3608
IDT_10nt_NXT_3609,IDT_10nt_NXT_3609
IDT_10nt_NXT_3610,IDT_10nt_NXT_3610
IDT_10nt_NXT_3611,IDT_10nt_NXT_3611
IDT_10nt_NXT_3612,IDT_10nt_NXT_3612
IDT_10nt_NXT_3613,IDT_10nt_NXT_3613
IDT_10nt_NXT_3614,IDT_10nt_NXT_3614
IDT_10nt_NXT_3615,IDT_10nt_NXT_3615
IDT_10nt_NXT_3616,IDT_10nt_NXT_3616
IDT_10nt_NXT_3617,IDT_10nt_NXT_3617
IDT_10nt_NXT_3618,IDT_10nt_NXT_3618
IDT_10nt_NXT_3619,IDT_10nt_NXT_3619
IDT_10nt_NXT_3620,IDT_10nt_NXT_3620
IDT_10nt_NXT_3621,IDT_10nt_NXT_3621
IDT_10nt_NXT_3622,IDT_10nt_NXT_3622
IDT_10nt_NXT_3623,IDT_10nt_NXT_3623
IDT_10nt_NXT_3624,IDT_10nt_NXT_3624
IDT_10nt_NXT_3625,IDT_10nt_NXT_3625
IDT_10nt_NXT_3626,IDT_10nt_NXT_3626
IDT_10nt_NXT_3627,IDT_10nt_NXT_3627
IDT_10nt_NXT_3628,IDT_10nt_NXT_3628
IDT_10nt_NXT_3629,IDT_10nt_NXT_3629
IDT_10nt_NXT_3630,IDT_10nt_NXT_3630
IDT_10nt_NXT_3631,IDT_10nt_NXT_3631
IDT_10nt_NXT_3632,IDT_10nt_NXT_3632
IDT_10nt_NXT_3633,IDT_10nt_NXT_3633
IDT_10nt_NXT_3634,IDT_10nt_NXT_3634
IDT_10nt_NXT_3635,IDT_10nt_NXT_3635
IDT_10nt_NXT_3636,IDT_10nt_NXT_3636
IDT_10nt_NXT_3637,IDT_10nt_NXT_3637
IDT_10nt_NXT_3638,IDT_10nt_NXT_3638
IDT_10nt_NXT_3639,IDT_10nt_NXT_3639
IDT_10nt_NXT_3640,IDT_10nt_NXT_3640
IDT_10nt_NXT_3641,IDT_10nt_NXT_3641
IDT_10nt_NXT_3642,IDT_10nt_NXT_3642
IDT_10nt_NXT_3643,IDT_10nt_NXT_3643
IDT_10nt_NXT_3644,IDT_10nt_NXT_3644
IDT_10nt_NXT_3645,IDT_10nt_NXT_3645
IDT_10nt_NXT_3646,IDT_10nt_NXT_3646
IDT_10nt_NXT_3647,IDT_10nt_NXT_3647
IDT_10nt_NXT_3648,IDT_10nt_NXT_3648
IDT_10nt_NXT_3649,IDT_10nt_NXT_3649
IDT_10nt_NXT_3650,IDT_10nt_NXT_3650
IDT_10nt_NXT_3651,IDT_10nt_NXT_3651
IDT_10nt_NXT_3652,IDT_10nt_NXT_3652
IDT_10nt_NXT_3653,IDT_10nt_NXT_3653
IDT_10nt_NXT_3654,IDT_10nt_NXT_3654
IDT_10nt_NXT_3655,IDT_10nt_NXT_3655
IDT_10nt_NXT_3656,IDT_10nt_NXT_3656
IDT_10nt_NXT_3657,IDT_10nt_NXT_3657
IDT_10nt_NXT_3658,IDT_10nt_NXT_3658
IDT_10nt_NXT_3659,IDT_10nt_NXT_3659
IDT_10nt_NXT_3660,IDT_10nt_NXT_3660
IDT_10nt_NXT_3661,IDT_10nt_NXT_3661
IDT_10nt_NXT_3662,IDT_10nt_NXT_3662
IDT_10nt_NXT_3663,IDT_10nt_NXT_3663
IDT_10nt_NXT_3664,IDT_10nt_NXT_3664
IDT_10nt_NXT_3665,IDT_10nt_NXT_3665
IDT_10nt_NXT_3666,IDT_10nt_NXT_3666
IDT_10nt_NXT_3667,IDT_10nt_NXT_3667
IDT_10nt_NXT_3668,IDT_10nt_NXT_3668
IDT_10nt_NXT_3669,IDT_10nt_NXT_3669
IDT_10nt_NXT_3670,IDT_10nt_NXT_3670
IDT_10nt_NXT_3671,IDT_10nt_NXT_3671
IDT_10nt_NXT_3672,IDT_10nt_NXT_3672
IDT_10nt_NXT_3673,IDT_10nt_NXT_3673
IDT_10nt_NXT_3674,IDT_10nt_NXT_3674
IDT_10nt_NXT_3675,IDT_10nt_NXT_3675
IDT_10nt_NXT_3676,IDT_10nt_NXT_3676
IDT_10nt_NXT_3677,IDT_10nt_NXT_3677
IDT_10nt_NXT_3678,IDT_10nt_NXT_3678
IDT_10nt_NXT_3679,IDT_10nt_NXT_3679
IDT_10nt_NXT_3680,IDT_10nt_NXT_3680
IDT_10nt_NXT_3681,IDT_10nt_NXT_3681
IDT_10nt_NXT_3682,IDT_10nt_NXT_3682
IDT_10nt_NXT_3683,IDT_10nt_NXT_3683
IDT_10nt_NXT_3684,IDT_10nt_NXT_3684
IDT_10nt_NXT_3685,IDT_10nt_NXT_3685
IDT_10nt_NXT_3686,IDT_10nt_NXT_3686
IDT_10nt_NXT_3687,IDT_10nt_NXT_3687
IDT_10nt_NXT_3688,IDT_10nt_NXT_3688
IDT_10nt_NXT_3689,IDT_10nt_NXT_3689
IDT_10nt_NXT_3690,IDT_10nt_NXT_3690
IDT_10nt_NXT_3691,IDT_10nt_NXT_3691
IDT_10nt_NXT_3692,IDT_10nt_NXT_3692
IDT_10nt_NXT_3693,IDT_10nt_NXT_3693
IDT_10nt_NXT_3694,IDT_10nt_NXT_3694
IDT_10nt_NXT_3695,IDT_10nt_NXT_3695
IDT_10nt_NXT_3696,IDT_10nt_NXT_3696
IDT_10nt_NXT_3697,IDT_10nt_NXT_3697
IDT_10nt_NXT_3698,IDT_10nt_NXT_3698
IDT_10nt_NXT_3699,IDT_10nt_NXT_3699
IDT_10nt_NXT_3700,IDT_10nt_NXT_3700
IDT_10nt_NXT_3701,IDT_10nt_NXT_3701
IDT_10nt_NXT_3702,IDT_10nt_NXT_3702
IDT_10nt_NXT_3703,IDT_10nt_NXT_3703
IDT_10nt_NXT_3704,IDT_10nt_NXT_3704
IDT_10nt_NXT_3705,IDT_10nt_NXT_3705
IDT_10nt_NXT_3706,IDT_10nt_NXT_3706
IDT_10nt_NXT_3707,IDT_10nt_NXT_3707
IDT_10nt_NXT_3708,IDT_10nt_NXT_3708
IDT_10nt_NXT_3709,IDT_10nt_NXT_3709
IDT_10nt_NXT_3710,IDT_10nt_NXT_3710
IDT_10nt_NXT_3711,IDT_10nt_NXT_3711
IDT_10nt_NXT_3712,IDT_10nt_NXT_3712
IDT_10nt_NXT_3713,IDT_10nt_NXT_3713
IDT_10nt_NXT_3714,IDT_10nt_NXT_3714
IDT_10nt_NXT_3715,IDT_10nt_NXT_3715
IDT_10nt_NXT_3716,IDT_10nt_NXT_3716
IDT_10nt_NXT_3717,IDT_10nt_NXT_3717
IDT_10nt_NXT_3718,IDT_10nt_NXT_3718
IDT_10nt_NXT_3719,IDT_10nt_NXT_3719
IDT_10nt_NXT_3720,IDT_10nt_NXT_3720
IDT_10nt_NXT_3721,IDT_10nt_NXT_3721
IDT_10nt_NXT_3722,IDT_10nt_NXT_3722
IDT_10nt_NXT_3723,IDT_10nt_NXT_3723
IDT_10nt_NXT_3724,IDT_10nt_NXT_3724
IDT_10nt_NXT_3725,IDT_10nt_NXT_3725
IDT_10nt_NXT_3726,IDT_10nt_NXT_3726
IDT_10nt_NXT_3727,IDT_10nt_NXT_3727
IDT_10nt_NXT_3728,IDT_10nt_NXT_3728
IDT_10nt_NXT_3729,IDT_10nt_NXT_3729
IDT_10nt_NXT_3730,IDT_10nt_NXT_3730
IDT_10nt_NXT_3731,IDT_10nt_NXT_3731
IDT_10nt_NXT_3732,IDT_10nt_NXT_3732
IDT_10nt_NXT_3733,IDT_10nt_NXT_3733
IDT_10nt_NXT_3734,IDT_10nt_NXT_3734
IDT_10nt_NXT_3735,IDT_10nt_NXT_3735
IDT_10nt_NXT_3736,IDT_10nt_NXT_3736
IDT_10nt_NXT_3737,IDT_10nt_NXT_3737
IDT_10nt_NXT_3738,IDT_10nt_NXT_3738
IDT_10nt_NXT_3739,IDT_10nt_NXT_3739
IDT_10nt_NXT_3740,IDT_10nt_NXT_3740
IDT_10nt_NXT_3741,IDT_10nt_NXT_3741
IDT_10nt_NXT_3742,IDT_10nt_NXT_3742
IDT_10nt_NXT_3743,IDT_10nt_NXT_3743
IDT_10nt_NXT_3744,IDT_10nt_NXT_3744
IDT_10nt_NXT_3745,IDT_10nt_NXT_3745
IDT_10nt_NXT_3746,IDT_10nt_NXT_3746
IDT_10nt_NXT_3747,IDT_10nt_NXT_3747
IDT_10nt_NXT_3748,IDT_10nt_NXT_3748
IDT_10nt_NXT_3749,IDT_10nt_NXT_3749
IDT_10nt_NXT_3750,IDT_10nt_NXT_3750
IDT_10nt_NXT_3751,IDT_10nt_NXT_3751
IDT_10nt_NXT_3752,IDT_10nt_NXT_3752
IDT_10nt_NXT_3753,IDT_10nt_NXT_3753
IDT_10nt_NXT_3754,IDT_10nt_NXT_3754
IDT_10nt_NXT_3755,IDT_10nt_NXT_3755
IDT_10nt_NXT_3756,IDT_10nt_NXT_3756
IDT_10nt_NXT_3757,IDT_10nt_NXT_3757
IDT_10nt_NXT_3758,IDT_10nt_NXT_3758
IDT_10nt_NXT_3759,IDT_10nt_NXT_3759
IDT_10nt_NXT_3760,IDT_10nt_NXT_3760
IDT_10nt_NXT_3761,IDT_10nt_NXT_3761
IDT_10nt_NXT_3762,IDT_10nt_NXT_3762
IDT_10nt_NXT_3763,IDT_10nt_NXT_3763
IDT_10nt_NXT_3764,IDT_10nt_NXT_3764
IDT_10nt_NXT_3765,IDT_10nt_NXT_3765
IDT_10nt_NXT_3766,IDT_10nt_NXT_3766
IDT_10nt_NXT_3767,IDT_10nt_NXT_3767
IDT_10nt_NXT_3768,IDT_10nt_NXT_3768
IDT_10nt_NXT_3769,IDT_10nt_NXT_3769
IDT_10nt_NXT_3770,IDT_10nt_NXT_3770
IDT_10nt_NXT_3771,IDT_10nt_NXT_3771
IDT_10nt_NXT_3772,IDT_10nt_NXT_3772
IDT_10nt_NXT_3773,IDT_10nt_NXT_3773
IDT_10nt_NXT_3774,IDT_10nt_NXT_3774
IDT_10nt_NXT_3775,IDT_10nt_NXT_3775
IDT_10nt_NXT_3776,IDT_10nt_NXT_3776
IDT_10nt_NXT_3777,IDT_10nt_NXT_3777
IDT_10nt_NXT_3778,IDT_10nt_NXT_3778
IDT_10nt_NXT_3779,IDT_10nt_NXT_3779
IDT_10nt_NXT_3780,IDT_10nt_NXT_3780
IDT_10nt_NXT_3781,IDT_10nt_NXT_3781
IDT_10nt_NXT_3782,IDT_10nt_NXT_3782
IDT_10nt_NXT_3783,IDT_10nt_NXT_3783
IDT_10nt_NXT_3784,IDT_10nt_NXT_3784
IDT_10nt_NXT_3785,IDT_10nt_NXT_3785
IDT_10nt_NXT_3786,IDT_10nt_NXT_3786
IDT_10nt_NXT_3787,IDT_10nt_NXT_3787
IDT_10nt_NXT_3788,IDT_10nt_NXT_3788
IDT_10nt_NXT_3789,IDT_10nt_NXT_3789
IDT_10nt_NXT_3790,IDT_10nt_NXT_3790
IDT_10nt_NXT_3791,IDT_10nt_NXT_3791
IDT_10nt_NXT_3792,IDT_10nt_NXT_3792
IDT_10nt_NXT_3793,IDT_10nt_NXT_3793
IDT_10nt_NXT_3794,IDT_10nt_NXT_3794
IDT_10nt_NXT_3795,IDT_10nt_NXT_3795
IDT_10nt_NXT_3796,IDT_10nt_NXT_3796
IDT_10nt_NXT_3797,IDT_10nt_NXT_3797
IDT_10nt_NXT_3798,IDT_10nt_NXT_3798
IDT_10nt_NXT_3799,IDT_10nt_NXT_3799
IDT_10nt_NXT_3800,IDT_10nt_NXT_3800
IDT_10nt_NXT_3801,IDT_10nt_NXT_3801
IDT_10nt_NXT_3802,IDT_10nt_NXT_3802
IDT_10nt_NXT_3803,IDT_10nt_NXT_3803
IDT_10nt_NXT_3804,IDT_10nt_NXT_3804
IDT_10nt_NXT_3805,IDT_10nt_NXT_3805
IDT_10nt_NXT_3806,IDT_10nt_NXT_3806
IDT_10nt_NXT_3807,IDT_10nt_NXT_3807
IDT_10nt_NXT_3808,IDT_10nt_NXT_3808
IDT_10nt_NXT_3809,IDT_10nt_NXT_3809
IDT_10nt_NXT_3810,IDT_10nt_NXT_3810
IDT_10nt_NXT_3811,IDT_10nt_NXT_3811
IDT_10nt_NXT_3812,IDT_10nt_NXT_3812
IDT_10nt_NXT_3813,IDT_10nt_NXT_3813
IDT_10nt_NXT_3814,IDT_10nt_NXT_3814
IDT_10nt_NXT_3815,IDT_10nt_NXT_3815
IDT_10nt_NXT_3816,IDT_10nt_NXT_3816
IDT_10nt_NXT_3817,IDT_10nt_NXT_3817
IDT_10nt_NXT_3818,IDT_10nt_NXT_3818
IDT_10nt_NXT_3819,IDT_10nt_NXT_3819
IDT_10nt_NXT_3820,IDT_10nt_NXT_3820
IDT_10nt_NXT_3821,IDT_10nt_NXT_3821
IDT_10nt_NXT_3822,IDT_10nt_NXT_3822
IDT_10nt_NXT_3823,IDT_10nt_NXT_3823
IDT_10nt_NXT_3824,IDT_10nt_NXT_3824
IDT_10nt_NXT_3825,IDT_10nt_NXT_3825
IDT_10nt_NXT_3826,IDT_10nt_NXT_3826
IDT_10nt_NXT_3827,IDT_10nt_NXT_3827
IDT_10nt_NXT_3828,IDT_10nt_NXT_3828
IDT_10nt_NXT_3829,IDT_10nt_NXT_3829
IDT_10nt_NXT_3830,IDT_10nt_NXT_3830
IDT_10nt_NXT_3831,IDT_10nt_NXT_3831
IDT_10nt_NXT_3832,IDT_10nt_NXT_3832
IDT_10nt_NXT_3833,IDT_10nt_NXT_3833
IDT_10nt_NXT_3834,IDT_10nt_NXT_3834
IDT_10nt_NXT_3835,IDT_10nt_NXT_3835
IDT_10nt_NXT_3836,IDT_10nt_NXT_3836
IDT_10nt_NXT_3837,IDT_10nt_NXT_3837
IDT_10nt_NXT_3838,IDT_10nt_NXT_3838
IDT_10nt_NXT_3839,IDT_10nt_NXT_3839
IDT_10nt_NXT_3840,IDT_10nt_NXT_3840
DBiT-A1,DBiT-A1
DBiT-A2,DBiT-A2
DBiT-A3,DBiT-A3
DBiT-A4,DBiT-A4
DBiT-A5,DBiT-A5
DBiT-A6,DBiT-A6
DBiT-A7,DBiT-A7
DBiT-A8,DBiT-A8
DBiT-A9,DBiT-A9
DBiT-A10,DBiT-A10
DBiT-A11,DBiT-A11
DBiT-A12,DBiT-A12
DBiT-A13,DBiT-A13
DBiT-A14,DBiT-A14
DBiT-A15,DBiT-A15
DBiT-A16,DBiT-A16
DBiT-B1,DBiT-B1
DBiT-B2,DBiT-B2
DBiT-B3,DBiT-B3
DBiT-B4,DBiT-B4
DBiT-B5,DBiT-B5
DBiT-B6,DBiT-B6
DBiT-B7,DBiT-B7
DBiT-B8,DBiT-B8
DBiT-B9,DBiT-B9
DBiT-B10,DBiT-B10
DBiT-B11,DBiT-B11
DBiT-B12,DBiT-B12
DBiT-B13,DBiT-B13
DBiT-B14,DBiT-B14
DBiT-B15,DBiT-B15
SI-TN-A1,SI-TN-A1
SI-TN-A2,SI-TN-A2
SI-TN-A3,SI-TN-A3
SI-TN-A4,SI-TN-A4
SI-TN-A5,SI-TN-A5
SI-TN-A6,SI-TN-A6
SI-TN-A7,SI-TN-A7
SI-TN-A8,SI-TN-A8
SI-TN-A9,SI-TN-A9
SI-TN-A10,SI-TN-A10
SI-TN-A11,SI-TN-A11
SI-TN-A12,SI-TN-A12
SI-TN-B1,SI-TN-B1
SI-TN-B2,SI-TN-B2
SI-TN-B3,SI-TN-B3
SI-TN-B4,SI-TN-B4
SI-TN-B5,SI-TN-B5
SI-TN-B6,SI-TN-B6
SI-TN-B7,SI-TN-B7
SI-TN-B8,SI-TN-B8
SI-TN-B9,SI-TN-B9
SI-TN-B10,SI-TN-B10
SI-TN-B11,SI-TN-B11
SI-TN-B12,SI-TN-B12
SI-TN-C1,SI-TN-C1
SI-TN-C2,SI-TN-C2
SI-TN-C3,SI-TN-C3
SI-TN-C4,SI-TN-C4
SI-TN-C5,SI-TN-C5
SI-TN-C6,SI-TN-C6
SI-TN-C7,SI-TN-C7
SI-TN-C8,SI-TN-C8
SI-TN-C9,SI-TN-C9
SI-TN-C10,SI-TN-C10
SI-TN-C11,SI-TN-C11
SI-TN-C12,SI-TN-C12
SI-TN-D1,SI-TN-D1
SI-TN-D2,SI-TN-D2
SI-TN-D3,SI-TN-D3
SI-TN-D4,SI-TN-D4
SI-TN-D5,SI-TN-D5
SI-TN-D6,SI-TN-D6
SI-TN-D7,SI-TN-D7
SI-TN-D8,SI-TN-D8
SI-TN-D9,SI-TN-D9
SI-TN-D10,SI-TN-D10
SI-TN-D11,SI-TN-D11
SI-TN-D12,SI-TN-D12
SI-TN-E1,SI-TN-E1
SI-TN-E2,SI-TN-E2
SI-TN-E3,SI-TN-E3
SI-TN-E4,SI-TN-E4
SI-TN-E5,SI-TN-E5
SI-TN-E6,SI-TN-E6
SI-TN-E7,SI-TN-E7
SI-TN-E8,SI-TN-E8
SI-TN-E9,SI-TN-E9
SI-TN-E10,SI-TN-E10
SI-TN-E11,SI-TN-E11
SI-TN-E12,SI-TN-E12
SI-TN-F1,SI-TN-F1
SI-TN-F2,SI-TN-F2
SI-TN-F3,SI-TN-F3
SI-TN-F4,SI-TN-F4
SI-TN-F5,SI-TN-F5
SI-TN-F6,SI-TN-F6
SI-TN-F7,SI-TN-F7
SI-TN-F8,SI-TN-F8
SI-TN-F9,SI-TN-F9
SI-TN-F10,SI-TN-F10
SI-TN-F11,SI-TN-F11
SI-TN-F12,SI-TN-F12
SI-TN-G1,SI-TN-G1
SI-TN-G2,SI-TN-G2
SI-TN-G3,SI-TN-G3
SI-TN-G4,SI-TN-G4
SI-TN-G5,SI-TN-G5
SI-TN-G6,SI-TN-G6
SI-TN-G7,SI-TN-G7
SI-TN-G8,SI-TN-G8
SI-TN-G9,SI-TN-G9
SI-TN-G10,SI-TN-G10
SI-TN-G11,SI-TN-G11
SI-TN-G12,SI-TN-G12
SI-TN-H1,SI-TN-H1
SI-TN-H2,SI-TN-H2
SI-TN-H3,SI-TN-H3
SI-TN-H4,SI-TN-H4
SI-TN-H5,SI-TN-H5
SI-TN-H6,SI-TN-H6
SI-TN-H7,SI-TN-H7
SI-TN-H8,SI-TN-H8
SI-TN-H9,SI-TN-H9
SI-TN-H10,SI-TN-H10
SI-TN-H11,SI-TN-H11
SI-TN-H12,SI-TN-H12
SI-TS-A1,SI-TS-A1
SI-TS-A2,SI-TS-A2
SI-TS-A3,SI-TS-A3
SI-TS-A4,SI-TS-A4
SI-TS-A5,SI-TS-A5
SI-TS-A6,SI-TS-A6
SI-TS-A7,SI-TS-A7
SI-TS-A8,SI-TS-A8
SI-TS-A9,SI-TS-A9
SI-TS-A10,SI-TS-A10
SI-TS-A11,SI-TS-A11
SI-TS-A12,SI-TS-A12
SI-TS-B1,SI-TS-B1
SI-TS-B2,SI-TS-B2
SI-TS-B3,SI-TS-B3
SI-TS-B4,SI-TS-B4
SI-TS-B5,SI-TS-B5
SI-TS-B6,SI-TS-B6
SI-TS-B7,SI-TS-B7
SI-TS-B8,SI-TS-B8
SI-TS-B9,SI-TS-B9
SI-TS-B10,SI-TS-B10
SI-TS-B11,SI-TS-B11
SI-TS-B12,SI-TS-B12
SI-TS-C1,SI-TS-C1
SI-TS-C2,SI-TS-C2
SI-TS-C3,SI-TS-C3
SI-TS-C4,SI-TS-C4
SI-TS-C5,SI-TS-C5
SI-TS-C6,SI-TS-C6
SI-TS-C7,SI-TS-C7
SI-TS-C8,SI-TS-C8
SI-TS-C9,SI-TS-C9
SI-TS-C10,SI-TS-C10
SI-TS-C11,SI-TS-C11
SI-TS-C12,SI-TS-C12
SI-TS-D1,SI-TS-D1
SI-TS-D2,SI-TS-D2
SI-TS-D3,SI-TS-D3
SI-TS-D4,SI-TS-D4
SI-TS-D5,SI-TS-D5
SI-TS-D6,SI-TS-D6
SI-TS-D7,SI-TS-D7
SI-TS-D8,SI-TS-D8
SI-TS-D9,SI-TS-D9
SI-TS-D10,SI-TS-D10
SI-TS-D11,SI-TS-D11
SI-TS-D12,SI-TS-D12
SI-TS-E1,SI-TS-E1
SI-TS-E2,SI-TS-E2
SI-TS-E3,SI-TS-E3
SI-TS-E4,SI-TS-E4
SI-TS-E5,SI-TS-E5
SI-TS-E6,SI-TS-E6
SI-TS-E7,SI-TS-E7
SI-TS-E8,SI-TS-E8
SI-TS-E9,SI-TS-E9
SI-TS-E10,SI-TS-E10
SI-TS-E11,SI-TS-E11
SI-TS-E12,SI-TS-E12
SI-TS-F1,SI-TS-F1
SI-TS-F2,SI-TS-F2
SI-TS-F3,SI-TS-F3
SI-TS-F4,SI-TS-F4
SI-TS-F5,SI-TS-F5
SI-TS-F6,SI-TS-F6
SI-TS-F7,SI-TS-F7
SI-TS-F8,SI-TS-F8
SI-TS-F9,SI-TS-F9
SI-TS-F10,SI-TS-F10
SI-TS-F11,SI-TS-F11
SI-TS-F12,SI-TS-F12
SI-TS-G1,SI-TS-G1
SI-TS-G2,SI-TS-G2
SI-TS-G3,SI-TS-G3
SI-TS-G4,SI-TS-G4
SI-TS-G5,SI-TS-G5
SI-TS-G6,SI-TS-G6
SI-TS-G7,SI-TS-G7
SI-TS-G8,SI-TS-G8
SI-TS-G9,SI-TS-G9
SI-TS-G10,SI-TS-G10
SI-TS-G11,SI-TS-G11
SI-TS-G12,SI-TS-G12
SI-TS-H1,SI-TS-H1
SI-TS-H2,SI-TS-H2
SI-TS-H3,SI-TS-H3
SI-TS-H4,SI-TS-H4
SI-TS-H5,SI-TS-H5
SI-TS-H6,SI-TS-H6
SI-TS-H7,SI-TS-H7
SI-TS-H8,SI-TS-H8
SI-TS-H9,SI-TS-H9
SI-TS-H10,SI-TS-H10
SI-TS-H11,SI-TS-H11
SI-TS-H12,SI-TS-H12
SI-GA-A1,SI-GA-A1
SI-GA-A2,SI-GA-A2
SI-GA-A3,SI-GA-A3
SI-GA-A4,SI-GA-A4
SI-GA-A5,SI-GA-A5
SI-GA-A6,SI-GA-A6
SI-GA-A7,SI-GA-A7
SI-GA-A8,SI-GA-A8
SI-GA-A9,SI-GA-A9
SI-GA-A10,SI-GA-A10
SI-GA-A11,SI-GA-A11
SI-GA-A12,SI-GA-A12
SI-GA-B1,SI-GA-B1
SI-GA-B2,SI-GA-B2
SI-GA-B3,SI-GA-B3
SI-GA-B4,SI-GA-B4
SI-GA-B5,SI-GA-B5
SI-GA-B6,SI-GA-B6
SI-GA-B7,SI-GA-B7
SI-GA-B8,SI-GA-B8
SI-GA-B9,SI-GA-B9
SI-GA-B10,SI-GA-B10
SI-GA-B11,SI-GA-B11
SI-GA-B12,SI-GA-B12
SI-GA-C1,SI-GA-C1
SI-GA-C2,SI-GA-C2
SI-GA-C3,SI-GA-C3
SI-GA-C4,SI-GA-C4
SI-GA-C5,SI-GA-C5
SI-GA-C6,SI-GA-C6
SI-GA-C7,SI-GA-C7
SI-GA-C8,SI-GA-C8
SI-GA-C9,SI-GA-C9
SI-GA-C10,SI-GA-C10
SI-GA-C11,SI-GA-C11
SI-GA-C12,SI-GA-C12
SI-GA-D1,SI-GA-D1
SI-GA-D2,SI-GA-D2
SI-GA-D3,SI-GA-D3
SI-GA-D4,SI-GA-D4
SI-GA-D5,SI-GA-D5
SI-GA-D6,SI-GA-D6
SI-GA-D7,SI-GA-D7
SI-GA-D8,SI-GA-D8
SI-GA-D9,SI-GA-D9
SI-GA-D10,SI-GA-D10
SI-GA-D11,SI-GA-D11
SI-GA-D12,SI-GA-D12
SI-GA-E1,SI-GA-E1
SI-GA-E2,SI-GA-E2
SI-GA-E3,SI-GA-E3
SI-GA-E4,SI-GA-E4
SI-GA-E5,SI-GA-E5
SI-GA-E6,SI-GA-E6
SI-GA-E7,SI-GA-E7
SI-GA-E8,SI-GA-E8
SI-GA-E9,SI-GA-E9
SI-GA-E10,SI-GA-E10
SI-GA-E11,SI-GA-E11
SI-GA-E12,SI-GA-E12
SI-GA-F1,SI-GA-F1
SI-GA-F2,SI-GA-F2
SI-GA-F3,SI-GA-F3
SI-GA-F4,SI-GA-F4
SI-GA-F5,SI-GA-F5
SI-GA-F6,SI-GA-F6
SI-GA-F7,SI-GA-F7
SI-GA-F8,SI-GA-F8
SI-GA-F9,SI-GA-F9
SI-GA-F10,SI-GA-F10
SI-GA-F11,SI-GA-F11
SI-GA-F12,SI-GA-F12
SI-GA-G1,SI-GA-G1
SI-GA-G2,SI-GA-G2
SI-GA-G3,SI-GA-G3
SI-GA-G4,SI-GA-G4
SI-GA-G5,SI-GA-G5
SI-GA-G6,SI-GA-G6
SI-GA-G7,SI-GA-G7
SI-GA-G8,SI-GA-G8
SI-GA-G9,SI-GA-G9
SI-GA-G10,SI-GA-G10
SI-GA-G11,SI-GA-G11
SI-GA-G12,SI-GA-G12
SI-GA-H1,SI-GA-H1
SI-GA-H2,SI-GA-H2
SI-GA-H3,SI-GA-H3
SI-GA-H4,SI-GA-H4
SI-GA-H5,SI-GA-H5
SI-GA-H6,SI-GA-H6
SI-GA-H7,SI-GA-H7
SI-GA-H8,SI-GA-H8
SI-GA-H9,SI-GA-H9
SI-GA-H10,SI-GA-H10
SI-GA-H11,SI-GA-H11
SI-GA-H12,SI-GA-H12
