Nhash ID,Variable Name,Field Name,Description,Data Type,Numeric Type,Unit,Min,Max,Step,Resource Type,Nullable,Null Represents,BICAN UUID,Parent Variable,Resource Subgroup,Value Set (code/#/label)
"",general_subject_fields,General Subject Fields,"","","","","","","","","","","","","",""
PD-QLQLFB34,donor_local_name,Local Donor ID,Donor identifier given by the brain bank or the institution that holds the brain,text,"","","","","",Donor,No,"",f8af20f7-e8b8-47b5-8a68-9ec1f913ffdf,General Subject Fields,General Subject Fields,""
PD-DEXRDO36,donor_nhash_id,NHash Donor ID,NIMP generated globally unique identifier for a Donor ,text,"","","","","",Donor,No,"","",General Subject Fields,General Subject Fields,""
PD-NYNYAR61,repository,Repository,"If the brain is from NBB, the NBB repository the brain belongs to",categorical,"","","","","",Donor,Yes,"",408682ed-0e27-41e2-b9fa-f05674366d6e,General Subject Fields,General Subject Fields,1/#/TBD2/#/Miami3/#/Mt. Sinai4/#/Sepulveda5/#/Harvard8/#/Maryland Psychiatric9/#/HBCC7/#/Maryland6/#/Pittsburgh10/#/UCLAUTHealth/#/UTHealthAllen Institute/#/Allen InstituteBroad Institute/#/Broad InstituteUCSF/#/UCSFSalk Institute/#/Salk InstituteHarvard University/#/Harvard UniversityUT Southwestern/#/UT SouthwesternUT Southwestern Medical Cente/#/UT Southwestern Medical Cente
PD-TPTPPS27,donor_source,Donor Source,"The source of the donor brain. This could be either from NBB, UM1 project, or other",categorical,"","","","","",Donor,No,"",0d0cf732-0f76-409d-9a73-7a96d829d3d3,General Subject Fields,General Subject Fields,BICAN-NBB/#/BICAN-NBBBICAN-UM1/#/BICAN-UM1Other/#/Other
PD-JEJECK48,ethnicity,Ethnicity,Ethnicity of the donor,categorical,"","","","","",Donor,Yes,"",918370df-49f6-4361-9c52-f46b16412980,General Subject Fields,General Subject Fields,PV000034/#/Hispanic or LatinoPV000035/#/Not Hispanic or LatinoPV000036/#/UnknownPV000037/#/Not reported
PD-PRPRRP41,race,Race,Race of the donor,categorical,"","","","","",Donor,Yes,"",e515c009-550e-4f9c-b1b6-fc876a6fb2a8,General Subject Fields,General Subject Fields,PV000062/#/American Indian or Alaska NativePV000063/#/AsianPV000064/#/Black or African-AmericanPV000065/#/Native Hawaiian or Other Pacific IslanderPV000066/#/WhitePV000067/#/UnknownPV000068/#/Not reported
PD-SESEQB42,second_race,Second Race,Second race if available for the donor,categorical,"","","","","",Donor,Yes,"",192fe5b1-c812-4767-86fb-3178f9914705,General Subject Fields,General Subject Fields,PV000062/#/American Indian or Alaska NativePV000063/#/AsianPV000064/#/Black or African-AmericanPV000065/#/Native Hawaiian or Other Pacific IslanderPV000066/#/WhitePV000067/#/UnknownPV000068/#/Not reported
PD-LXUBTM45,sex,Sex at Birth,Donor's sex at birth,categorical,"","","","","",Donor,No,"",c819b9d5-2fde-40b2-bf0d-e07b56f96ac9,General Subject Fields,General Subject Fields,1/#/Male2/#/Female7/#/Other8/#/Unknown9/#/Not Reported
PD-KLKLJH33,gender,Gender at Time of Death,Donor's gender at death,categorical,"","","","","",Donor,Yes,"",1c71e775-65aa-442b-a392-1cf9a44e326e,General Subject Fields,General Subject Fields,1/#/Male2/#/Female3/#/Transgender Male4/#/Transgender Female5/#/Non-Binary6/#/Gender Fluid7/#/Other8/#/Unknown9/#/Not Reported
PD-HKHGTM45,sex_orientation,Sexual Orientation at Time of Death,Donor's sexual orientation at death,categorical,"","","","","",Donor,Yes,"",e47e8a2f-72fb-4036-b288-f4580dc2aa4e,General Subject Fields,General Subject Fields,1/#/Heterosexual2/#/Homosexual3/#/Bisexual4/#/Asexual7/#/Other8/#/Unknown9/#/Not Reported
PD-FTEMQD38,age_of_death,Age Value (Years),Donor's age at death in years,numeric,integer,year,0,750,1,Donor,No,"",14eb923a-161d-45e2-889d-81fea7b632b6,General Subject Fields,General Subject Fields,""
PD-SQSQDF25,birth_country_name,Birth Country Name,Donor's birth country,categorical,"","","","","",Donor,Yes,"",9c27fd29-b512-492f-a32f-b615c7585ff7,General Subject Fields,General Subject Fields,"1/#/Afghanistan2/#/Albania3/#/Algeria4/#/Andorra5/#/Angola6/#/Antigua and Barbuda7/#/Argentina8/#/Armenia9/#/Australia10/#/Austria11/#/Azerbaijan12/#/Bahamas13/#/Bahrain14/#/Bangladesh15/#/Barbados16/#/Belarus17/#/Belgium18/#/Belize19/#/Benin20/#/Bhutan21/#/Bolivia22/#/Bosnia and Herzegovina23/#/Botswana24/#/Brazil25/#/Brunei26/#/Bulgaria27/#/Burkina Faso28/#/Burundi29/#/C‚àö¬•te d'Ivoire30/#/Cabo Verde31/#/Cambodia32/#/Cameroon33/#/Canada34/#/Central African Republic35/#/Chad36/#/Chile37/#/China38/#/Colombia39/#/Comoros40/#/Congo (Congo-Brazzaville)41/#/Costa Rica42/#/Croatia43/#/Cuba44/#/Cyprus45/#/Czechia (Czech Republic)46/#/Democratic Republic of the Congo47/#/Denmark48/#/Djibouti49/#/Dominica50/#/Dominican Republic51/#/Ecuador52/#/Egypt53/#/El Salvador54/#/Equatorial Guinea55/#/Eritrea56/#/Estonia57/#/Eswatini (fmr. ""Swaziland"")58/#/Ethiopia59/#/Fiji60/#/Finland61/#/France62/#/Gabon63/#/Gambia64/#/Georgia65/#/Germany66/#/Ghana67/#/Greece68/#/Grenada69/#/Guatemala70/#/Guinea71/#/Guinea-Bissau72/#/Guyana73/#/Haiti74/#/Holy See75/#/Honduras76/#/Hungary77/#/Iceland78/#/India79/#/Indonesia80/#/Iran81/#/Iraq82/#/Ireland83/#/Israel84/#/Italy85/#/Jamaica86/#/Japan87/#/Jordan88/#/Kazakhstan89/#/Kenya90/#/Kiribati91/#/Kuwait92/#/Kyrgyzstan93/#/Laos94/#/Latvia95/#/Lebanon96/#/Lesotho97/#/Liberia98/#/Libya99/#/Liechtenstein100/#/Lithuania101/#/Luxembourg102/#/Madagascar103/#/Malawi104/#/Malaysia105/#/Maldives106/#/Mali107/#/Malta108/#/Marshall Islands109/#/Mauritania110/#/Mauritius111/#/Mexico112/#/Micronesia113/#/Moldova114/#/Monaco115/#/Mongolia116/#/Montenegro117/#/Morocco118/#/Mozambique119/#/Myanmar (formerly Burma)120/#/Namibia121/#/Nauru122/#/Nepal123/#/Netherlands124/#/New Zealand125/#/Nicaragua126/#/Niger127/#/Nigeria128/#/North Korea129/#/North Macedonia130/#/Norway131/#/Oman132/#/Pakistan133/#/Palau134/#/Palestine State135/#/Panama136/#/Papua New Guinea137/#/Paraguay138/#/Peru139/#/Philippines140/#/Poland141/#/Portugal142/#/Qatar143/#/Romania144/#/Russia145/#/Rwanda146/#/Saint Kitts and Nevis147/#/Saint Lucia148/#/Saint Vincent and the Grenadines149/#/Samoa150/#/San Marino151/#/Sao Tome and Principe152/#/Saudi Arabia153/#/Senegal154/#/Serbia155/#/Seychelles156/#/Sierra Leone157/#/Singapore158/#/Slovakia159/#/Slovenia160/#/Solomon Islands161/#/Somalia162/#/South Africa163/#/South Korea164/#/South Sudan165/#/Spain166/#/Sri Lanka167/#/Sudan168/#/Suriname169/#/Sweden170/#/Switzerland171/#/Syria172/#/Tajikistan173/#/Tanzania174/#/Thailand175/#/Timor-Leste176/#/Togo177/#/Tonga178/#/Trinidad and Tobago179/#/Tunisia180/#/Turkey181/#/Turkmenistan182/#/Tuvalu183/#/Uganda184/#/Ukraine185/#/United Arab Emirates186/#/United Kingdom187/#/United States of America188/#/Uruguay189/#/Uzbekistan190/#/Vanuatu191/#/Venezuela192/#/Vietnam193/#/Yemen194/#/Zambia195/#/Zimbabwe"
PD-ATEVEV39,primary_language,Primary Language Code,Donor's primary language,categorical,"","","","","",Donor,Yes,"",abe9edc7-96ca-4c6a-a1ed-c008548cc373,General Subject Fields,General Subject Fields,"1/#/Chinese languages2/#/English3/#/French4/#/German5/#/Sign Languages6/#/Spanish444/#/Other, specify"
PD-OBIUQB42,secondary_language,Secondary Language Code,Donor's secondary language,categorical,"","","","","",Donor,Yes,"",37b7495f-b010-4d1c-ae32-9cb19c680950,General Subject Fields,General Subject Fields,"1/#/Chinese languages2/#/English3/#/French4/#/German5/#/Sign Languages6/#/Spanish444/#/Other, specify"
PD-EXEXXI30,year_of_death,Date of Death,Donor's date of death,date,"","","","","",Donor,Yes,"",60445046-d9d8-4f00-959e-9a4c42613e5e,General Subject Fields,General Subject Fields,""
PD-NHNHEV39,autopsy_report,Autopsy Report,Is the donor's autopsy report available?,categorical,"","","","","",Donor,Yes,"",3f787b64-0985-4d0f-9523-54475164b7ad,General Subject Fields,General Subject Fields,1/#/Yes2/#/No
PD-RIRIHA29,cause_of_death,Cause of Death,The cause of the donor's death,text,"","","","","",Donor,Yes,"",fa970a03-41ea-473b-a8ce-427fec92cdff,General Subject Fields,General Subject Fields,""
PD-THTHXT26,cause_of_death_code,Cause of Death Code,The ICD-10 code of the donor's caus of death,text,"","","","","",Donor,Yes,"",61374624-2d3c-477e-95b3-9bd30974b52a,General Subject Fields,General Subject Fields,""
PD-ZNZNEV39,manner_of_death,Manner of Death,Donor's manner of death,categorical,"","","","","",Donor,Yes,"",36eeb35b-5020-4a9e-a74b-6e1104415e0e,General Subject Fields,General Subject Fields,0/#/Not Deceased1/#/Accidental2/#/Homicide3/#/Suicide4/#/Natural5/#/Undetermined9/#/Status of Death Unknown
PD-JCYJCN35,marital_status,Marital Or Partner Status ATOD,Donor's marital or partner status,categorical,"","","","","",Donor,Yes,"",4f0e41c9-dd15-4a37-ae6b-11b7131d7cba,General Subject Fields,General Subject Fields,PV000093/#/Never MarriedPV000094/#/MarriedPV000095/#/Domestic partnershipPV000096/#/DivorcedPV000097/#/SeparatedPV000098/#/Widowed99/#/Unknown
PD-SJSJRC41,education_years_number,Education Years Number,Number of years of education the donor had,numeric,integer,year,0,30,1,Donor,Yes,"",add3f7fe-ae60-4cc1-bb2e-72bbbe9a1a7d,General Subject Fields,General Subject Fields,""
PD-UDUDLF29,family_income_range,Family Income Range,Family income range of the donor,categorical,"","","","","",Donor,Yes,"",6cd785e2-7333-43fe-8c8c-c19532e96ea6,General Subject Fields,General Subject Fields,"PV000858/#/Under $15,000PV000850/#/$15,000 to $24,999PV000851/#/$25,000 to $34,999PV000852/#/$35,000 to $49,999PV000853/#/$50,000 to $74,999PV000854/#/$75,000 to $99,999PV000855/#/$100,000 and overPV000856/#/RefusedPV000857/#/Unknown"
PD-NSNSFQ31,informant_questionnaire_completed,Informant Questionnaire Completed,Has the informant questionnaire been completed?,categorical,"","","","","",Donor,Yes,"",e8b9666f-a112-456f-aa5a-69a101c3866f,General Subject Fields,General Subject Fields,1/#/Yes2/#/No
PD-WRWRFQ31,informant_interview_performed,Informant Interview Performed,Has the informant interview been performed?,categorical,"","","","","",Donor,Yes,"",274b838b-74c6-46ec-808a-0c080ddeedd9,General Subject Fields,General Subject Fields,1/#/Yes2/#/No
PD-EWEWCT43,informant_relationship,Informant Relationship,Relationship of the informant to the donor,categorical,"","","","","",Donor,Yes,"",836c19fe-b735-4bf7-bee5-3213122b571e,General Subject Fields,General Subject Fields,"1/#/Child2/#/Friend/Neighbor5/#/Parent6/#/Professional Caregiver7/#/Self8/#/Sibling9/#/Spouse/Partner10/#/Teammate3/#/Other Relative, specify4/#/Other, specify"
PD-CICITE52,informant_relationship_specify,Informant Relationship Specify,"If the informant's relationship is not available in ""informant_relationship,"" it can be specified here",text,"","","","","",Donor,Yes,"",289bcbb8-5177-4c65-b0af-159fd65b69aa,General Subject Fields,General Subject Fields,""
PD-WGWGTM45,handedness,Handedness,Donor's handedness,categorical,"","","","","",Donor,Yes,"",82a4087c-d0e3-48ca-8bea-a81eefc683a0,General Subject Fields,General Subject Fields,1/#/Left2/#/Right3/#/Either
PD-CKCKOQ36,medical_records_available,Medical Records Available,Are the donor's medical records available?,categorical,"","","","","",Donor,Yes,"",ee2c9223-f7d1-4c64-a1da-cd7408309955,General Subject Fields,General Subject Fields,1/#/Yes2/#/No
PD-BABACN35,medical_records_reviewed,Medical Records Reviewed,Have the donor's medical records been reviewed?,categorical,"","","","","",Donor,Yes,"",6139b159-c36c-4501-9176-fe2741e3d448,General Subject Fields,General Subject Fields,1/#/Yes2/#/No
PD-YBLATM45,confirmed_hbcac,HBCAC Confirmation Status,Confirmation status of meeting inclusion criteria of the Human Brain Cell Atlas Collection at NBB,categorical,"","","","","",Donor,Yes,"",b6cdddf7-6f0b-4855-a0fa-16c2ab29f219,General Subject Fields,General Subject Fields,confirmed/#/confirmedpending/#/pendingdeclined/#/declinedbican_dedicated/#/BICAN dedicated
PD-FTFTCP24,age_at_death_value,Age at Death Value,Donor's age at death value,numeric,decimal,"","","","",Donor,No,"",57e24d3c-c9c7-4ef3-9809-a35802d563ec,General Subject Fields,General Subject Fields,""
PD-AVAVEV39,age_at_death_unit,Age at Death Unit,"The unit of the value mentioned under ""age_at_death_value""",categorical,"","","","","",Donor,No,"",b5436e99-f0a7-4c30-825d-56b88ee2ac1d,General Subject Fields,General Subject Fields,day/#/dayweek/#/weekmonth/#/monthyear/#/year
PD-RARAGG39,age_at_death_reference_point,Age at Death Reference Point,Reference point from which the donor's age at death was calculated,categorical,"","","","","",Donor,Yes,"",3bed1f94-9d82-4ed7-afdf-79d896b24dbb,General Subject Fields,General Subject Fields,birth/#/birthconception/#/conception
PD-ZJZJLE33,age_at_death_description,Age at Death Description,Any other information about the donor's age at death can be mentioned here.,text,"","","","","",Donor,Yes,"",0630a265-4a63-48f4-8853-66b929002306,General Subject Fields,General Subject Fields,""
PD-HEHERP41,donor_species,Donor Species,NCBI Taxonomy code of the donor species,categorical,"","","","","",Donor,No,"",6837cb02-6bd7-4fb8-838c-9062ead96ba4,General Subject Fields,General Subject Fields,NCBITaxon:9606/#/Homo sapiensNCBITaxon:9606/#/Homo sapiensNCBITaxon:9483/#/Callithrix jacchusNCBITaxon:10090/#/Mus musculusNCBITaxon:9544/#/ Macaca mulattaNCBITaxon:60711/#/Chlorocebus sabaeusNCBITaxon:9999/#/Urocitellus parryiiNCBITaxon:9361/#/Dasypus novemcinctusNCBITaxon:9598/#/Pan troglodytesNCBITaxon:9669/#/Mustela putorius furoNCBITaxon:9593/#/Gorilla gorillaNCBITaxon:9545/#/Macaca nemestrinaNCBITaxon:13616/#/Monodelphis domesticaNCBITaxon:9986/#/Oryctolagus cuniculusNCBITaxon:10116/#/Rattus norvegicusNCBITaxon:9541/#/Macaca fascicularisNCBITaxon:9534/#/Chlorocebus aethiopsNCBITaxon:9614/#/Canis latransNCBITaxon:9555/#/Papio anubisNCBITaxon:27679/#/Saimiri boliviensisNCBITaxon:9521/#/Saimiri sciureusNCBITaxon:30608/#/Microcebus murinusNCBITaxon:37293/#/Aotus nancymaaeNCBITaxon:37347/#/Tupaia belangeriNCBITaxon:10181/#/Heterocephalus glaberNCBITaxon:9823/#/Sus scrofaNCBITaxon:9685/#/Felis catusNCBITaxon:9742/#/Phocoena phocoena
"",general_specimen_data,General Specimen Data,"","","","","","","","","","","","","",""
PD-JRJRFQ31,hemisphere,Hemisphere,Hemisphere of the brain,categorical,"","","","","",Donor,Yes,"",68b7a28b-d695-4ec9-800b-6a27ca206081,General Specimen Data,General Specimen Data,Left/#/LeftRight/#/RightBoth/#/Both
PD-CHCHLC46,post_mortem_interval,Post Mortem Interval,Post Mortem Interval in hours,numeric,decimal,hour,0,8888,0.01,Donor,Yes,"",6fd5c5ac-b128-4a4a-ae98-09eaeba22f92,General Specimen Data,General Specimen Data,""
PD-JSJSUS44,left_hemisphere_preparation,Left Hemisphere Preparation,The method of which the left hemisphere of the brain was prepared,categorical,"","","","","",Donor,Yes,"",57d5378f-a451-4bf5-a472-cc88d0d29586,General Specimen Data,General Specimen Data,1/#/Formalin Fixed2/#/4% Paraformaldehyde Fixed3/#/Frozen4/#/Other9/#/Hemisphere Not Available
PD-RQRQWW55,left_hemisphere_preparation_specify,Left Hemisphere Preparation Specify,Any additional information about the left hemisphere preparation can be found here,text,"","","","","",Donor,Yes,"",002e915e-01c3-4570-a1f3-76680dcb2c33,General Specimen Data,General Specimen Data,""
PD-MLMLPG50,right_hemisphere_preparation,Right Hemisphere Preparation,The method of which the right hemisphere of the brain was prepared,categorical,"","","","","",Donor,Yes,"",477c2600-f979-43c5-9c61-ab61fd771584,General Specimen Data,General Specimen Data,1/#/Formalin Fixed2/#/4% Paraformaldehyde Fixed3/#/Frozen4/#/Other9/#/Hemisphere Not Available
PD-NLNLNG61,right_hemisphere_preparation_specify,Right Hemisphere Preparation Specify,Any additional information about the right hemisphere preparation can be found here,text,"","","","","",Donor,Yes,"",efd50be4-f7cf-4146-a08e-28f25680728c,General Specimen Data,General Specimen Data,""
PD-LPLPSK50,rin,RIN,RNA Integrity Number,numeric,decimal,"",0,99,0.01,Donor,Yes,"",cd472c0d-0b64-45c9-a38e-e54d15cea953,General Specimen Data,General Specimen Data,""
PD-JGJGTM41,rin_tissue_source,RIN Tissue Source,The source tissue from which the RIN was obtained,text,"","","","","",Donor,Yes,"",d547ee51-9ec3-489c-8e49-7d8cd94080a8,General Specimen Data,General Specimen Data,""
PD-RGRGVR50,rin_testing_organization,RIN Testing Organization,The organization which obtained RIN,text,"","","","","",Donor,Yes,"",cfed831e-9a62-4a32-bf92-532873420eb3,General Specimen Data,General Specimen Data,""
PD-XCXCRC41,rine,RINe,RNA Integrity Number equivalent,numeric,decimal,"",0,99,0.01,Donor,Yes,"",1210148d-d8fb-45aa-b51a-4b19b6d09bec,General Specimen Data,General Specimen Data,""
PD-THTHTM41,rine_tissue_source,RINe Tissue Source,The source tissue from which the RINe was obtained,text,"","","","","",Donor,Yes,"",7d5fd9af-82a1-4bdb-a3c6-9225d1717c53,General Specimen Data,General Specimen Data,""
PD-RCRCVR50,rine_testing_organization,RINe Testing Organization,The organization which obtained RINe,text,"","","","","",Donor,Yes,"",15a6d162-a3ca-4852-b626-a911c37c04c9,General Specimen Data,General Specimen Data,""
PD-FXFXDK42,ph,pH,pH value,numeric,decimal,"",0,99,0.01,Donor,Yes,"",9e67af02-c081-43e1-a42c-bf9603cae616,General Specimen Data,General Specimen Data,""
PD-WUASWQ40,brain_weight,Brain Weight Measurement,The weight of the brain in grams,numeric,integer,gram,0,9998,1,Donor,Yes,"",546fc32d-f8a2-4c00-924a-8c4730f11f51,General Specimen Data,General Specimen Data,""
PD-FGHMDF25,weighed_type,Brain Tissue Weighed Type,The type of the brain tissue weighed based on the preparation,categorical,"","","","","",Donor,Yes,"",a7463e3f-0c61-4718-a7d0-60fd2116908a,General Specimen Data,General Specimen Data,1/#/Fresh2/#/Frozen3/#/Fixed
PD-NINIEV39,photo_2d_available,Photo 2d Available,Is a 2D photograph is available?,categorical,"","","","","",Donor,Yes,"",611beda8-1ac6-4183-a284-04a30bb474f3,General Specimen Data,General Specimen Data,1/#/Yes2/#/No
PD-RBRBQB42,scan_3d_available,Scan 3d Available,Is a 3D scan is available?,categorical,"","","","","",Donor,Yes,"",658e8a80-e232-438f-8c1e-d5f38724dc55,General Specimen Data,General Specimen Data,1/#/Yes2/#/No
PD-RCRCRC24,antemortem_mri_available,Antemortem MRI Available,Is an Antemortem MRI is available?,categorical,"","","","","",Donor,Yes,"",43a04caa-4f28-47ac-8a9d-74c40f10776f,General Specimen Data,General Specimen Data,1/#/Yes2/#/No
PD-YNYNEV39,postmortem_mri_available,Postmortem MRI Available,Is a Postmortem MRI Available,categorical,"","","","","",Donor,Yes,"",0badd072-0c25-48c6-9357-44d5b5bc0818,General Specimen Data,General Specimen Data,1/#/Yes2/#/No
PD-BEBEEV39,postmortem_mri_type,Postmortem MRI Type,The type of postmortem MRI if it is available.,categorical,"","","","","",Donor,Yes,"",64a607a9-21e6-4c73-8f2e-2d67b0dc51c8,General Specimen Data,General Specimen Data,1/#/cadaveric2/#/fresh ex vivo3/#/fixed ex vivo
"",non_brain_specimen_collected,Non-Brain Specimen Collected,"","","","","","","","","","","","","",""
PD-LGLGRZ37,non_brain_tissue_available,Non-Brain Tissue Available,Are any non-brain tissues available?,categorical,"","","","","",Donor,Yes,"",3a064c96-a956-4cf3-8b77-056b8e392f99,Non-Brain Specimen Collected,Non-Brain Specimen Collected,1/#/Yes2/#/No
PD-JLJLCT43,tissue_type,Tissue Type,The type of non-brain tissues,categorical,"","","","","",Donor,Yes,"",33ccbc85-ae35-44d6-8bc6-c2fb91116cf7,Non-Brain Specimen Collected,Non-Brain Specimen Collected,1/#/Adipose2/#/Adrenal3/#/Anus4/#/Aorta5/#/Appendix6/#/Artery7/#/Ascending Colon8/#/Astrocytes9/#/Bladder10/#/Bone Rib11/#/Breast12/#/Bronchus13/#/Cervical Spinal Cord14/#/Colon Ascending15/#/Colon Descending16/#/CSF17/#/DRG cervical18/#/DRG sacral19/#/DRG thoracic20/#/Diaphragm21/#/DNA22/#/DRG lumbar23/#/Duodenum24/#/Esophagus25/#/Eyes26/#/Fallopian Tube27/#/Fibroblasts28/#/Gallbladder29/#/Hair30/#/Heart31/#/Ileum32/#/Jejunem33/#/Kidney34/#/Liver35/#/Long Bone36/#/Lumbar Spinal Cord37/#/Lung38/#/Lymph Node39/#/Middle Ear Bone40/#/Nail41/#/Ovary42/#/Pancreas43/#/Peripheral Nerve44/#/Pineal45/#/Pituitary46/#/Placenta47/#/Plasma48/#/Prostate49/#/Psoas Muscle50/#/RBC51/#/RNA52/#/Sacral Spinal Cord53/#/Serum54/#/Skin55/#/Spleen56/#/Stomach57/#/Systemic Tissue58/#/Temporalis Muscle59/#/Testicle60/#/Thoracic Spinal Cord61/#/Thymus62/#/Thyroid63/#/Tissue64/#/Tissue-other65/#/Tongue66/#/Tonsil67/#/Trachea68/#/Umbilical Cord69/#/Ureter70/#/Urinary Bladder71/#/Urine72/#/Uterus73/#/Vein74/#/Vitreous75/#/Vitreous Humor76/#/Whole Blood
PD-YDYDJC57,tissue_type_details,Tissue Type Details,Any further details about non-brain tissues,text,"","","","","",Donor,Yes,"",f551cf87-2c6e-4b92-888d-6310e6a500d8,Non-Brain Specimen Collected,Non-Brain Specimen Collected,""
"",diagnoses,Diagnoses,"","","","","","","","","","","","","",""
PD-ICLAGO26,clinical_brain_diagnosis,Clinical Brain Diagnosis Available,Is any clinical brain diagnosis available?,categorical,"","","","","",Donor,Yes,"",b49f026b-4f6c-48c8-b170-bf6d24c672ef,Diagnoses,Diagnoses,1/#/Yes2/#/No
PD-CLCLXT26,clinical_brain_diagnosis_code,Clinical Brain Diagnosis Code,The ICD-10 code of the clinical brain diagnosis,text,"","","","","",Donor,Yes,"",b7a34c73-ae08-43d3-80d2-d5ef8436e449,Diagnoses,Diagnoses,""
PD-LCLCJH33,clinical_brain_diagnosis_confidence_level,Clinical Brain Diagnosis Confidence Level,The confidence level of the clinical brain diagnosis,categorical,"","","","","",Donor,Yes,"",2e72b4b9-d5fb-4f0d-897c-1f977ed4fabd,Diagnoses,Diagnoses,1/#/Confirmed Diagnosis2/#/Investigator Impression3/#/Insufficient Data
PD-MWMGGE30,genetic_diagnosis,Genetic Diagnosis Available,Is any genetic diagnosis available?,categorical,"","","","","",Donor,Yes,"",f67d3837-159d-4868-9749-aa6c83ded7eb,Diagnoses,Diagnoses,1/#/Yes2/#/No
PD-KRKRBX30,genetic_diagnosis_code,Genetic Diagnosis Code,The ICD-10 code of the genetic diagnosis,text,"","","","","",Donor,Yes,"",7a7916e0-ff79-4426-b49f-58e2f2a8a367,Diagnoses,Diagnoses,""
PD-NONORZ37,genetic_diagnosis_confidence_level,Genetic Diagnosis Confidence Level,The confidence level of the genetic diagnosis,categorical,"","","","","",Donor,Yes,"",cb2b0108-8c07-40e8-92a3-b693b6dc64b4,Diagnoses,Diagnoses,1/#/Confirmed Diagnosis2/#/Investigator Impression3/#/Insufficient Data
PD-MCRYRZ37,non_brain_diagnosis,Non-Brain Diagnosis Available,Is any non-brain diagnosis available?,categorical,"","","","","",Donor,Yes,"",009ec58e-32e4-4712-930c-056e72c8d8fa,Diagnoses,Diagnoses,1/#/Yes2/#/No
PD-DNDNPI37,non_brain_diagnosis_code,Non-Brain Diagnosis Code,The ICD-10 code of the non-brain diagnosis,text,"","","","","",Donor,Yes,"",65e8824e-01d2-44cf-9f47-9962461a65c9,Diagnoses,Diagnoses,""
PD-FGFGUS44,non_brain_diagnosis_confidence_level,Non-Brain Diagnosis Confidence Level,The confidence level of the non-brain diagnosis,categorical,"","","","","",Donor,Yes,"",2a7ff937-287b-40a3-a1f6-ebf598683774,Diagnoses,Diagnoses,1/#/Confirmed Diagnosis2/#/Investigator Impression3/#/Insufficient Data
"",infant_medical_history,Infant Medical History,"","","","","","","","","","","","","",""
PD-YOVEEV39,birth_weight_lbs,Birth Weight Value (Lbs),Birth weight in pounds,numeric,decimal,pound,0,100,0.01,Donor,Yes,"",69d9a60d-32d5-4c3a-a26a-802d8f030c8d,Infant Medical History,Infant Medical History,""
PD-CANPLC46,birth_weight_oz,Birth Weight Value (Oz),Birth weight in ounces,numeric,decimal,ounce,0,100,0.01,Donor,Yes,"",b6f30050-f762-4427-8533-31738e737ea2,Infant Medical History,Infant Medical History,""
PD-WWWWEW44,gestational_age_value_weeks,Gestational Age Value (Weeks),Gestational age in weeks,numeric,integer,week,1,45,1,Donor,Yes,"",6d8a9b3f-792c-48c2-bd3c-56e52bb51672,Infant Medical History,Infant Medical History,""
PD-QKQKEW44,gestational_age_value_days,Gestational Age Value (Days),Gestational age in days,numeric,integer,day,0,6,1,Donor,Yes,"",4e532e52-6e4c-46cd-9fde-96f97ef3b034,Infant Medical History,Infant Medical History,""
PD-JCJYRC24,apgar_5_minute_score_available,Apgar Five Minute Score Available,Is the APGAR Five Minute Score available? This is a test given to newborns soon after birth,categorical,"","","","","",Donor,Yes,"",e67d93ac-3753-4835-a250-e2ca207b2675,Infant Medical History,Infant Medical History,1/#/Yes2/#/No
PD-GLPDCP24,apgar_5_minute_score,Apgar Five Minute Score,The APGAR Five Minute Score. This is a test given to newborns just after birth,numeric,integer,"",1,10,1,Donor,Yes,"",3a10dabf-39b0-4eb7-8399-85fd325c5646,Infant Medical History,Infant Medical History,""
PD-ZJYZRC24,apgar_10_minute_score_available,Apgar Ten Minute Score Available,Is the APGAR Ten Minute Score Available? This is a test given to newborns just after birth.,categorical,"","","","","",Donor,Yes,"",3d085ff9-7034-487d-a2b2-b9ae80d55333,Infant Medical History,Infant Medical History,1/#/Yes2/#/No
PD-YKRCCP24,apgar_10_minute_score,Apgar Ten Minute Score,The APGAR Ten Minute Score. This is a test given to newborns just after birth,numeric,integer,"",1,10,1,Donor,Yes,"",09d512b6-7c20-4693-8894-77824ad7f04d,Infant Medical History,Infant Medical History,""
"",perinatal_neurologic_events,Perinatal Neurologic Events,"","","","","","","","","","","","","",""
PD-HEHEEV39,perinatal_neurologic_event_type,Perinatal Neurologic Event Type,The type of Perinatal Neurologic Events. This should be provided using NBB codes,categorical,"","","","","",Donor,Yes,"",cb4c7e3b-73fc-400e-a4c3-b149a5544363,Perinatal Neurologic Events,Perinatal Neurologic Events,"PV001060/#/Subdural hemorrhagePV001054/#/Subarachnoid hemorrhagePV001055/#/Intraparenchymal hemorrhagePV001056/#/Intraventricular hemorrhagePV001057/#/HypoxiaPV001058/#/Other, specifyPV001059/#/None"
PD-AFAFAA59,perinatal_neurologic_event_type_specify,Perinatal Neurologic Event Type Specify,"If ""Other, specify"" was provided for ""perinatal_neurologic_event_type,"" further elaboration could be provided here",text,"","","","","",Donor,Yes,"",1bf1f9c5-79a6-4203-910f-cad79fe9cac9,Perinatal Neurologic Events,Perinatal Neurologic Events,""
"",family_history,Family History,"","","","","","","","","","","","","",""
PD-LVLVLF29,family_history_available,Family History Available,Is family history available?,categorical,"","","","","",Donor,Yes,"",c88bf4dc-5a7c-4f70-a773-e6bbb5a12ec9,Family History,Family History,1/#/Yes2/#/No
PD-XKXKRP41,relative_type,Relative Type,How the family member is related to the donor. NBB codes should be used here.,categorical,"","","","","",Donor,Yes,"",1adef34c-bb96-4dd0-bc87-51868f2ddc3f,Family History,Family History,"PV000305/#/Biological MotherPV000306/#/Biological FatherPV000307/#/Full siblingPV000308/#/Half siblingPV000309/#/ChildPV000310/#/Maternal grandmotherPV000311/#/Paternal grandmotherPV000312/#/Maternal grandfatherPV000313/#/Paternal grandfatherPV000314/#/Maternal auntPV000315/#/Paternal auntPV000316/#/Maternal unclePV000317/#/Paternal unclePV000318/#/Maternal niece/nephewPV000319/#/Paternal niece/nephewPV000320/#/Maternal cousinPV000321/#/Paternal cousinPV000322/#/GrandchildPV000323/#/Great-grandchildPV000324/#/Other, specify"
PD-CRCRNG61,relative_type_specify,Relative Type Specify,"If ""Other, specify"" was provided for ""relative_type,"" further details could be provided here",text,"","","","","",Donor,Yes,"",094064a1-362c-4b75-8556-6b874c843fdb,Family History,Family History,""
PD-COCOGO26,condition_type,Condition Type,The type of condition the family member has. An NBB code should be provided here.,categorical,"","","","","",Donor,Yes,"",030c8275-04c0-4e4f-9f68-48fd0f559250,Family History,Family History,"PV000259/#/Alzheimer's diseasePV000260/#/Amyotrophic lateral sclerosis (ALS)PV000261/#/AtaxiaPV000262/#/AutismPV000263/#/Bi-polar disorderPV000265/#/Brain aneurysmPV000266/#/CancerPV000270/#/DementiaPV000271/#/DepressionPV000272/#/Diabetes mellitusPV000273/#/DystoniaPV000274/#/EpilepsyPV000276/#/Heart diseasePV000295/#/HypertensionPV000281/#/Memory lossPV000282/#/MigrainesPV000284/#/Multiple sclerosisPV000285/#/Muscle diseasePV000286/#/Parkinson's diseasePV000288/#/SchizophreniaPV000290/#/StrokePV000292/#/Suicide or suicide attemptPV000293/#/Tourette syndromePV000294/#/Other, specify"
PD-CICIRN46,condition_type_specify,Condition Type Specify,"If ""Other, specify"" was provided for ""condition_type_specify,"" further details could be provided here",text,"","","","","",Donor,Yes,"",a1ed23dc-3cd5-41c8-87f6-58604fc66a70,Family History,Family History,""
"",infectious_disease_testing,Infectious Disease/Serology Testing,"","","","","","","","","","","","","",""
PD-KEKECT43,test_name,Test Name,The infectious disease test,categorical,"","","","","",Donor,Yes,"",b6865e15-7538-4890-be99-a6f9e9920af3,Infectious Disease/Serology Testing,Infectious Disease/Serology Testing,"1/#/Hepatitis C Antibody 2/#/Hepatitis B Surface Antigen3/#/Hepatitis B Surface Antibody4/#/Hepatitis B Core Antibody5/#/HIV-1/HIV-2 Plus O Antibody6/#/HIV-1/HIV-2 7/#/HIV-1 Antibody8/#/COVID-19 Virus (RT-PCR)9/#/Other, specify"
PD-WYWYEX56,test_result,Result,The result of the infectious disease test,categorical,"","","","","",Donor,Yes,"",c14ea006-662c-4666-bfd1-6ff580c403ed,Infectious Disease/Serology Testing,Infectious Disease/Serology Testing,1/#/Positive (Reactive) 2/#/Negative (Non-Reactive)3/#/Pending Result4/#/Borderline
PD-FLEXCT43,tissue_source,Testing Tissue Source,The source tissue for which the infectious disease testing was performed,categorical,"","","","","",Donor,Yes,"",42f8e11b-d9a3-48fe-ac1e-cd6f4469de46,Infectious Disease/Serology Testing,Infectious Disease/Serology Testing,1/#/Whole Blood2/#/Plasma3/#/Brain4/#/Nasal Swab5/#/Serum6/#/Other7/#/Unknown
"",toxicology_screening,Toxicology Screening,"","","","","","","","",Yes,"","","","",""
PD-OUOUGO26,drugs_found,Drugs Found,Drugs found in the toxicology screening,categorical,"","","","","",Donor,Yes,"",e35b53f1-0daa-4b5b-9246-cfba52f61bfb,Toxicology Screening,Toxicology Screening,"1/#/10-Hydroxycarbazepine2/#/2-Furanylfentanyl3/#/4-ANPP4/#/6-Beta-Naltrexol - Free5/#/6-Monoacetylmorphine6/#/7-Amino Clonazepam7/#/7-Amino Flunitrazepam8/#/9-Hydroxyrisperidone9/#/Acetaminophen10/#/Acetone11/#/Acetyl Fentanyl12/#/Acrylfentanyl13/#/Alfentanil14/#/Alpha-Hydroxyalprazolam15/#/Alpha-Hydroxyetizolam16/#/Alprazolam17/#/Amitriptyline18/#/Amlodipine19/#/Amoxapine20/#/Amphetamine21/#/Aripiprazole22/#/Atomoxetine23/#/Atropine24/#/Barbiturates25/#/Benzodiazepines26/#/Benzoylecgonine27/#/Benztropine28/#/Bromazepam29/#/Brompheniramine30/#/Buprenorphine31/#/Buprenorphine / Metabolite32/#/Bupropion33/#/Bupropion Metabolite34/#/Buspirone35/#/Butalbital36/#/Butorphanol37/#/Butylone38/#/Butyrylfentanyl39/#/Caffeine40/#/Cannabinoids41/#/Carbamazepine42/#/Carbamazepine-10,11-Epoxide43/#/Carfentanil44/#/Carisoprodol45/#/Chlordiazepoxide46/#/Chlorpheniramine47/#/Chlorpromazine48/#/Citalopram / Escitalopram49/#/Clobazam50/#/Clomipramine51/#/Clonazepam52/#/Clonazolam53/#/Clonidine54/#/Clozapine55/#/Cocaethylene56/#/Cocaine57/#/Cocaine / Metabolites58/#/Codeine59/#/Cotinine60/#/Cyclobenzaprine61/#/Cyclopropylfentanyl62/#/Delorazepam63/#/Desalkylflurazepam64/#/Descarboethoxyloratadine65/#/Desipramine66/#/Desmethylcitalopram67/#/Desmethylclomipramine68/#/Desmethyldoxepin69/#/Desmethylloperamide70/#/Desmethylmirtazapine71/#/Desmethylsertraline72/#/Desmethyltrimipramine73/#/Dextro / Levo Methorphan74/#/Dextrorphan / Levorphanol75/#/Diazepam76/#/Dibutylone77/#/Dicyclomine78/#/Dihydrocodeine / Hydrocodol79/#/Diltiazem80/#/Diphenhydramine81/#/Donepezil82/#/Doxepin83/#/Doxylamine84/#/Duloxetine85/#/Duloxetine Breakdown Product86/#/EDDP87/#/Ephedrine88/#/Ephedrine / Pseudoephedrine89/#/Estazolam90/#/Eszopiclone / Zopiclone91/#/Eszopiclone / Zopiclone Breakdown92/#/Ethanol93/#/Ethinamate94/#/Ethosuximide95/#/Ethotoin96/#/Ethylmorphine97/#/Etizolam98/#/Felbamate99/#/Fentanyl100/#/Flecainide101/#/Flubromazepam102/#/Flubromazolam103/#/Fluconazole104/#/Flunitrazepam105/#/Fluoxetine106/#/Fluphenazine107/#/Flurazepam108/#/Fluvoxamine109/#/Gabapentin110/#/Gabapentin Breakdown Product111/#/Guaifenesin112/#/Haloperidol113/#/Hexobarbital114/#/Hydrocodone115/#/Hydromorphone116/#/Hydroxybupropion117/#/Hydroxychloroquine118/#/Hydroxyethylflurazepam119/#/Hydroxytriazolam120/#/Hydroxyzine121/#/Ibuprofen122/#/Iloperidone123/#/Imipramine124/#/Isopropanol125/#/Ketamine126/#/LSD127/#/Lacosamide128/#/Lamotrigine129/#/Levamisole130/#/Levetiracetam131/#/Lidocaine132/#/Loperamide133/#/Loratadine134/#/Lorazepam135/#/Loxapine136/#/MDA137/#/MDEA138/#/MDMA139/#/Meclizine140/#/Memantine141/#/Meperidine142/#/Mepivacaine143/#/Meprobamate144/#/Mescaline145/#/Mesoridazine146/#/Metaxalone147/#/Methadone148/#/Methamphetamine149/#/Methanol150/#/Methaqualone151/#/Methocarbamol152/#/Methoxetamine153/#/Methylphenidate154/#/Metoprolol155/#/Metronidazole156/#/Midazolam157/#/Milnacipran158/#/Mirtazapine159/#/Mitragynine160/#/Monoethylglycinexylidide (MEGX)161/#/Morphine162/#/N-Acetylprocainamide163/#/N-ethyl Pentylone164/#/Nalbuphine165/#/Naloxone166/#/Naltrexone167/#/Naltrexone - Free168/#/Naproxen169/#/Naproxen Breakdown Product170/#/Nicotine171/#/Norbuprenorphine - Free172/#/Norclozapine173/#/Norcodeine174/#/Norcyclobenzaprine175/#/Nordiazepam176/#/Norfentanyl177/#/Norflunitrazepam178/#/Norfluoxetine179/#/Norhydroxyzine180/#/Norketamine181/#/Normeperidine182/#/Norpropoxyphene183/#/Norpseudoephedrine184/#/Norpseudoephedrine / Phenylpropanolamine185/#/Nortriptyline186/#/O-Desmethyltramadol187/#/O-Desmethylvenlafaxine188/#/Olanzapine189/#/Ondansetron190/#/Opiates191/#/Other Findings192/#/Oxazepam193/#/Oxycodone194/#/Oxycodone / Oxymorphone195/#/Oxymorphone196/#/Papaverine197/#/Paroxetine198/#/Pentazocine199/#/Pentobarbital200/#/Perphenazine201/#/Phenazepam202/#/Phencyclidine203/#/Pheniramine204/#/Phenobarbital205/#/Phensuximide206/#/Phentermine207/#/Phenylethylmalonamide (PEMA)208/#/Phenylpropanolamine209/#/Phenyltoloxamine210/#/Phenytoin211/#/Primidone212/#/Procainamide213/#/Prochlorperazine214/#/Promazine215/#/Promethazine216/#/Propofol217/#/Propoxyphene218/#/Protriptyline219/#/Pseudoephedrine220/#/Psilocin221/#/Pyrilamine222/#/Quetiapine223/#/Quinidine224/#/Quinine225/#/Risperidone226/#/Rufinamide227/#/Salicylates228/#/Scope Statement229/#/Secobarbital230/#/Sertraline231/#/Sildenafil232/#/Strychnine233/#/Sufentanil234/#/Tadalafil235/#/Tapentadol236/#/Temazepam237/#/Tetrahydrozoline238/#/Theobromine239/#/Theophylline240/#/Thioridazine241/#/Thiothixene242/#/Ticlopidine243/#/Topiramate244/#/Topiramate Breakdown Product245/#/Tramadol246/#/Tramadol Metabolite247/#/Trazodone248/#/Triazolam249/#/Trifluoperazine250/#/Trimethoprim251/#/Trimipramine252/#/Triprolidine253/#/U-47700254/#/Valerylfentanyl255/#/Vardenafil256/#/Venlafaxine257/#/Venlafaxine Metabolite258/#/Verapamil259/#/Warfarin260/#/Xylazine261/#/Yohimbine262/#/Zaleplon263/#/Ziprasidone264/#/Zolpidem265/#/Zonisamide266/#/alpha-PVP267/#/cis-3-Methylfentanyl268/#/mCPP269/#/para-Fluoroisobutyrylfentanyl270/#/trans-3-Methylfentanyl271/#/Other findings, specify"
PD-XDXDOO47,drugs_found_specify,Drugs Found Specify,"If ""Other findings, specify"" was picked for ""drugs_found,"" further information could be provided here",text,"","","","","",Donor,Yes,"",ec3f7c47-9062-4b66-ba80-a9355a388bc0,Toxicology Screening,Toxicology Screening,""
PD-XKXKDZ58,toxicology_result,Toxicology Result,Toxicology screening results,text,"","","","","",Donor,Yes,"",2cf1a1af-1ece-4ef7-b513-e4d1949f237c,Toxicology Screening,Toxicology Screening,""
PD-EWEWVR50,toxicology_report_level,Toxicology Report Level,Toxicology Report level,text,"","","","","",Donor,Yes,"",594179b0-c744-40a4-958d-fc81461b4b74,Toxicology Screening,Toxicology Screening,""
PD-NYNYJC57,toxicology_units,Toxicology Units,Units for the Toxicology Level,text,"","","","","",Donor,Yes,"",6f124149-50de-489d-b9e2-f198b2b9857d,Toxicology Screening,Toxicology Screening,""
"",neuropathological_diagnoses,Neuropathological Diagnoses,"","","","","","","","","","","","","",""
PD-OTALRZ37,neuropathology_diagnosis,Neuropathology Diagnosis Available,are any neuropathological diagnosis available?,categorical,"","","","","",Donor,Yes,"",87f6d251-e028-4480-9272-3497655fb9cd,Neuropathological Diagnoses,Neuropathological Diagnoses,1/#/Yes2/#/No
PD-NCMNSS51,neuropathology_diagnosis_code,Neuropathology Diagnosis ICD-10 Codes,The ICD-10 codes for the neuropathological diagnoses,text,"","","","","",Donor,Yes,"",784e9cc1-7258-4535-a6d5-f7f9a4c2da4b,Neuropathological Diagnoses,Neuropathological Diagnoses,""
PD-FUFUAD38,artifacts,Artifacts,Any artifacts available?,categorical,"","","","","",Donor,Yes,"",b344b605-21dd-4e06-9104-21005179026f,Neuropathological Diagnoses,Neuropathological Diagnoses,1/#/Yes2/#/No
PD-NCNCRC24,artifacts_type,Artifacts Type,The type of artifacts,categorical,"","","","","",Donor,Yes,"",dc217b9b-ed6b-48e2-93b4-4f648dc395f7,Neuropathological Diagnoses,Neuropathological Diagnoses,"1/#/gross: brain removal/dissection2/#/microscopic: autolysis3/#/Other, specify"
PD-XSXSLW44,artifacts_type_specify,Artifacts Type Specify,"If ""Other, specify"" was picked for ""artifacts_type,"" further details can be provided here",text,"","","","","",Donor,Yes,"",ae11485d-dfc6-45fe-9d22-1d0bf7244d7c,Neuropathological Diagnoses,Neuropathological Diagnoses,""
PD-MVMVIB34,developmental,Developmental,Are any developmental neuropathology diagnoses available?,categorical,"","","","","",Donor,Yes,"",c259cdc2-7c68-48de-ab57-57328f3bddfa,Neuropathological Diagnoses,Neuropathological Diagnoses,1/#/Yes2/#/No
PD-TYTYOO47,developmental_type_specify,Developmental Type Specify,The developmental neuropathology diagnoses specified,text,"","","","","",Donor,Yes,"",bee7d477-2dec-4bf5-878e-a105a0054366,Neuropathological Diagnoses,Neuropathological Diagnoses,""
PD-AMAMCA52,inflammatory,Inflammatory,Are inflammatory neuropathology diagnoses available?,categorical,"","","","","",Donor,Yes,"",05e83583-078d-4a1e-892d-e6f611e5a0b8,Neuropathological Diagnoses,Neuropathological Diagnoses,1/#/Yes2/#/No
PD-MAMATE52,inflammatory_type_specify,Inflammatory Type Specify,The inflammatory neuropathology diagnoses specified,text,"","","","","",Donor,Yes,"",616ba8d8-ced3-4f3e-b1ca-7103eb7a2c94,Neuropathological Diagnoses,Neuropathological Diagnoses,""
PD-CICINY46,infectious,Infectious,Are infectious neuropathology diagnoses available?,categorical,"","","","","",Donor,Yes,"",266f5fb8-716b-4472-be30-4a94b62f2245,Neuropathological Diagnoses,Neuropathological Diagnoses,1/#/Yes2/#/No
PD-TYTYTE52,infectious_type_specify,Infectious Type Specify,The infectious neuropathology diagnoses specified,text,"","","","","",Donor,Yes,"",c73cea5e-44d1-4dd9-b55e-3c6ef5dd2ef2,Neuropathological Diagnoses,Neuropathological Diagnoses,""
PD-PIPIRP41,traumatic,Traumatic,Are traumatic neuropathology diagnoses available?,categorical,"","","","","",Donor,Yes,"",a00497c0-376f-4b2e-b60e-d6add2af41dc,Neuropathological Diagnoses,Neuropathological Diagnoses,1/#/Yes2/#/No
PD-DRDRCT43,traumatic_type,Traumatic Type,The type of traumatic neuropathology diagnosis,categorical,"","","","","",Donor,Yes,"",01d2f488-f30b-40e0-913f-c9adc6b39b97,Neuropathological Diagnoses,Neuropathological Diagnoses,"1/#/Contusion2/#/Chronic traumatic encephalopathy3/#/Other, specify"
PD-FXFXEE63,traumatic_type_specify,Traumatic Type Specify,"If ""Other, specify"" is provided for ""traumatic_type,"" traumatic neuropathology diagnoses can be discussed here",text,"","","","","",Donor,Yes,"",aa574a9a-a3d0-4a07-bf8b-9db4a1110a88,Neuropathological Diagnoses,Neuropathological Diagnoses,""
PD-YIYIKM58,vascular,Vascular,Are vascular neuropathology diagnoses available?,categorical,"","","","","",Donor,Yes,"",b02d8386-d059-42a8-94cb-751d56b15b3a,Neuropathological Diagnoses,Neuropathological Diagnoses,1/#/Yes2/#/No
PD-RIRITM45,vascular_type,Vascular Type,The type of vascular neuropathology diagnosis,categorical,"","","","","",Donor,Yes,"",5beafa90-ffdb-4cce-a78c-a3b3175210b6,Neuropathological Diagnoses,Neuropathological Diagnoses,"1/#/Acute infarct2/#/Chronic infarct3/#/Hemorrhage4/#/Other, specify"
PD-GLGLRK65,vascular_type_specify,Vascular Type Specify,"If ""Other, specify"" is provided for ""vascular_type,"" vascular neuropathology diagnoses can be discussed here",text,"","","","","",Donor,Yes,"",543acbbb-9da4-4e24-a9d7-c0642aa33f32,Neuropathological Diagnoses,Neuropathological Diagnoses,""
PD-JBJBCN35,neoplastic,Neoplastic,Are neoplastic neuropathology diagnoses available?,categorical,"","","","","",Donor,Yes,"",3f52a0e9-6469-46d3-8ed5-3cdb8afdc259,Neuropathological Diagnoses,Neuropathological Diagnoses,1/#/Yes2/#/No
PD-NENERZ37,neoplastic_type,Neoplastic Type,The type of neoplastic neuropathology diagnosis,categorical,"","","","","",Donor,Yes,"",a58be8f4-2756-4a66-9d05-1fbf44b4e810,Neuropathological Diagnoses,Neuropathological Diagnoses,"1/#/Intrinsic2/#/Metastasis3/#/Other, specify"
PD-UJUJJC57,neoplastic_type_specify,Neoplastic Type Specify,"If ""Other, specify"" is provided for ""neoplastic_type,"" neoplastic neuropathology diagnoses can be discussed here",text,"","","","","",Donor,Yes,"",b9e8aead-fdf3-453e-a46b-fcb01d661f8f,Neuropathological Diagnoses,Neuropathological Diagnoses,""
PD-GIGIGO26,aging,Aging,Are aging-related neuropathology diagnoses available?,categorical,"","","","","",Donor,Yes,"",40e3caa7-657b-4137-9879-07e6b29bae14,Neuropathological Diagnoses,Neuropathological Diagnoses,1/#/Yes2/#/No
PD-WNWNRC24,aging_type,Aging Type,The type of aging-related neuropathology diagnosis,categorical,"","","","","",Donor,Yes,"",5e31b66f-131e-4d5e-8760-ddd85f5634d5,Neuropathological Diagnoses,Neuropathological Diagnoses,"1/#/pTau2/#/pTDP-434/#/atherosclerosis5/#/arteriolosclerosis3/#/Other, specify"
PD-UAUALW44,aging_type_specify,Aging Type Specify,"If ""Other, specify"" is provided for ""aging_type,"" aging-related neuropathology diagnoses can be discussed here",text,"","","","","",Donor,Yes,"",8667d972-175c-430a-ac5e-656563e75736,Neuropathological Diagnoses,Neuropathological Diagnoses,""
PD-CZCZRZ37,neurodegenerative,Neurodegenerative,Are neurodegenerative neuropathology diagnoses available?,categorical,"","","","","",Donor,Yes,"",764d80ce-7a83-4e68-92df-34a416475e1b,Neuropathological Diagnoses,Neuropathological Diagnoses,1/#/Yes2/#/No
PD-PEPERZ37,neurodegenerative_type,Neurodegenerative Type,The type of neurodegenerative neuropathology diagnosis,categorical,"","","","","",Donor,Yes,"",b150b62c-a968-4f5d-9aa3-d1ab5207ff83,Neuropathological Diagnoses,Neuropathological Diagnoses,"1/#/Beta Amyloid2/#/pTau3/#/pTDP-434/#/alpha-synuclein5/#/Other, specify"
PD-JZJZJC57,neurodegenerative_type_specify,Neurodegenerative Type Specify,"If ""Other, specify"" is provided for ""neurodegenerative_type,"" neurodegenerative neuropathology diagnoses can be discussed here",text,"","","","","",Donor,Yes,"",d422d827-539f-4d10-b09d-0f4be00d7c91,Neuropathological Diagnoses,Neuropathological Diagnoses,""
"",slab_collection_fields,Slab Collection Fields,"","","","","","","","","","","","","",""
PD-IQIQIB34,brain_subdivision,Brain Subdivision,The subdivision of the brain the slabs in the collection belongs to,categorical,"","","","","",Slab Collection,Yes,"","",Slab Collection Fields,Anatomical/Biological Properties,cerebrum/#/cerebrumcerebellum/#/cerebellumbrainstem/#/brainstemspinal cord/#/spinal cordcerebellum + brainstem/#/cerebellum + brainstemwhole brain/#/whole brain
PD-IBIBQB42,slab_collection_hemisphere,Slab Hemisphere in Slab Collection,The hemisphere of the brain the slab collection in the collection belongs to,categorical,"","","","","",Slab Collection,Yes,"","",Slab Collection Fields,Anatomical/Biological Properties,left/#/leftright/#/right
PD-MDYEXP37,number_of_slabs,Number of Slabs in the Image,Number of slabs in the image,numeric,integer,"",1,50,1,Slab Collection,Yes,"","",Slab Collection Fields,Dimensions,""
PD-HPHPZR57,thickness,Thickness,The thickness of the slabs in the collection in millimeters ,numeric,decimal,mm,0,100,0.01,Slab Collection,Yes,"","",Slab Collection Fields,Dimensions,""
PD-IGGZRI32,anatomical_direction_top_btm,Anatomical Direction (Top to Bottom),Top to bottom anatomical direction of the slabs in the collection,categorical,"","","","","",Slab Collection,Yes,"","",Slab Collection Fields,Orientation and Direction,anterior-to-posterior/#/anterior-to-posteriorposterior-to-anterior/#/posterior-to-anteriordorsal-to-ventral/#/dorsal-to-ventralventral-to-dorsal/#/ventral-to-dorsalleft-to-right/#/left-to-rightright-to-left/#/right-to-leftmedial-to-lateral/#/medial-to-laterallateral-to-medial/#/lateral-to-medialrostral-to-caudal/#/rostral-to-caudalcaudal-to-rostral/#/caudal-to-rostral
PD-VEYQEV39,anatomical_direction_left_right,Anatomical Direction (Left to Right),Left to right anatomical direction of the slabs in the collection,categorical,"","","","","",Slab Collection,Yes,"","",Slab Collection Fields,Orientation and Direction,anterior-to-posterior/#/anterior-to-posteriorposterior-to-anterior/#/posterior-to-anteriordorsal-to-ventral/#/dorsal-to-ventralventral-to-dorsal/#/ventral-to-dorsalleft-to-right/#/left-to-rightright-to-left/#/right-to-leftmedial-to-lateral/#/medial-to-laterallateral-to-medial/#/lateral-to-medialrostral-to-caudal/#/rostral-to-caudalcaudal-to-rostral/#/caudal-to-rostral
PD-MXMXAD38,anatomical_direction_across_slabs,Anatomical Direction (Across Slabs),Anatomical direction across slabs in the collection,categorical,"","","","","",Slab Collection,Yes,"","",Slab Collection Fields,Orientation and Direction,anterior-to-posterior/#/anterior-to-posteriorposterior-to-anterior/#/posterior-to-anteriordorsal-to-ventral/#/dorsal-to-ventralventral-to-dorsal/#/ventral-to-dorsalleft-to-right/#/left-to-rightright-to-left/#/right-to-leftmedial-to-lateral/#/medial-to-laterallateral-to-medial/#/lateral-to-medialrostral-to-caudal/#/rostral-to-caudalcaudal-to-rostral/#/caudal-to-rostral
PD-LZLZBU49,local_slab_ids,Local Slab IDs,The identifiers given to the slabs in the collection by the brain bank,text,"","","","","",Slab Collection,No,"","",Slab Collection Fields,Identification,""
PD-TVOBTM45,visible_slab_face,Visible Slab Face,The visible face of the slabs in the photograph,categorical,"","","","","",Slab Collection,Yes,"","",Slab Collection Fields,Orientation and Direction,anterior/#/anteriorposterior/#/posteriordorsal/#/dorsalventral/#/ventralleft/#/leftright/#/rightmedial/#/mediallateral/#/lateralrostral/#/rostralcadual/#/cadual
"",slab,Slab,"","","","","","","","","","","","","",""
PD-WKWKFB34,slab_local_name,Local Slab ID,The identifier given to the slab by the brain bank,text,"","","","","",Slab,No,"","",Slab,Identification,""
PD-DECRDO36,slab_nhash_id,NHash Slab ID,NIMP generated globally unique identifier for a slab,text,"","","","","",Slab,No,"","",Slab,Identification,""
"",specimen_request,Specimen Request,"","","","","","","","","","","","","",""
PD-JVJVLD43,user_database_id,User ID,NIMP database id for the user who made the request,numeric,integer,"","","","",Specimen Request,No,"","",Specimen Request,Identification,""
PD-PBHITM41,name,Request Title,The title of the request as provided by the requester,text,"","","","","",Specimen Request,No,"","",Specimen Request,Identification,""
PD-QARGVR50,desc,Request Description,The description of the request as provided by the requester,text,"","","","","",Specimen Request,Yes,"","",Specimen Request,Identification,""
PD-WDXHFD55,status,Request Status,The status of a request,categorical,"","","","","",Specimen Request,No,Draft,"",Specimen Request,Statuses,Submitted/#/SubmittedUnder Review/#/Under ReviewRejected/#/RejectedShipped/#/ShippedDelivered/#/Delivered
PD-SQIIHS40,specimen_request_uuid,Request UUID,The UUID of the request,text,"","","","","",Specimen Request,No,"","",Specimen Request,Identification,""
PD-NENERP41,request_type,Request Type,"The type of specimen request. Currently, this is only used internally within NIMP to implement different logic",categorical,"","","","","",Specimen Request,No,"","",Specimen Request,Identification,selected/#/selectedgeneral/#/general
PD-CPHITM41,first_name,Requestor First Name,The first name of the requester,text,"","","","","",Specimen Request,No,"","",Specimen Request,Requester details,""
PD-PHDGTM41,last_name,Requestor Last Name,The last name of the requester,text,"","","","","",Specimen Request,No,"","",Specimen Request,Requester details,""
PD-AHCANG61,country,Requestor Country,The country of the requester,text,"","","","","",Specimen Request,No,"","",Specimen Request,Shipping details,""
PD-GUFTVG28,address_1,Requestor Address 1,Line 1 of the requester's address,text,"","","","","",Specimen Request,No,"","",Specimen Request,Shipping details,""
PD-VVUHHA29,address_2,Requestor Address 2,Line 2 of the requester's address,text,"","","","","",Specimen Request,Yes,"","",Specimen Request,Shipping details,""
PD-IPTGTM41,state,Requestor State,The state of the requester,text,"","","","","",Specimen Request,No,"","",Specimen Request,Shipping details,""
PD-TODSTM41,zip_code,Requestor Zip/Postal Code,The zip code of the requester,text,"","","","","",Specimen Request,No,"","",Specimen Request,Shipping details,""
PD-ATTAPI37,preferred_shipping_carrier,Associated Shipping Carrier,Preferred carrier indicated by the requester,categorical,"","","","","",Specimen Request,No,"","",Specimen Request,Shipping details,FedEx/#/Federal Express (FedEx)UPS/#/United Parcel Service (UPS)USPS/#/United States Postal Service (USPS)
PD-EPEPGG39,carrier_account_number,Carrier Account Number,The carrier account number of the preferred carrier provided by the requester ,text,"","","","","",Specimen Request,No,"","",Specimen Request,Shipping details,""
PD-IJIJNJ42,signing_official_firstname,Signing Official First Name,The first name of the official who signs off the request,text,"","","","","",Specimen Request,No,"","",Specimen Request,Shipping details,""
PD-DQDQNJ42,signing_official_lastname,Signing Official Last Name,The last name of the official who signs off the request,text,"","","","","",Specimen Request,No,"","",Specimen Request,Shipping details,""
PD-CFCFBU49,signing_official_email,Signing Official Email,The email of the official who signs off the request,text,"","","","","",Specimen Request,No,"","",Specimen Request,Shipping details,""
PD-WRWRWQ40,query_id,Related Query ID,The database id of the search the request was based on. Users search for slabs and proceed to make requests based on the search results.,numeric,integer,"","","","",Specimen Request,No,"","",Specimen Request,Identification,""
PD-FEFEAD38,agreement_status,Agreement Status,The status of the signed Material Transfer Agreement,categorical,"","","","","",Specimen Request,No,"","",Specimen Request,Statuses,true/#/truefalse/#/false
PD-DWDWJU42,shipping_date,Shipping Date,The shipping date of the specimen as provided by the brain bank,date,"","","","","",Specimen Request,No,"","",Specimen Request,Shipping details,""
PD-XVXVXI56,tracking_number,Tracking Number,Tracking number of the specimen shipping as provided by the brain bank,text,"","","","","",Specimen Request,No,"","",Specimen Request,Shipping details,""
PD-JSJSFD55,shipping_provider,Shipping Provider,The shipping provider of the specimen shipment as indicated by the brain bank,categorical,"","","","","",Specimen Request,No,"","",Specimen Request,Shipping details,FedEx/#/Federal Express (FedEx)UPS/#/United Parcel Service (UPS)USPS/#/United States Postal Service (USPS)
PD-JWJWFE27,delivery_date,Delivery Date,The delivery date of specimen shipment as provided by the requester,date,"","","","","",Specimen Request,No,"","",Specimen Request,Shipping details,""
"",tissue,Tissue,"","","","","","","","","","","","","",""
PD-LJCRCC35,tissue_sample_local_name,Local Tissue Name,Identifier name for final intact piece of tissue before cell or nuclei prep. This piece of tissue will be used in dissociation and has an ROI associated with it.,text,"","","","","",Tissue,No,"",2e4ca2fc-2d77-4d19-af45-d0fb7bbc2269,Tissue,Identification,""
PD-IJIKNJ42,tissue_nhash_id,Tissue NHash ID,NIMP generated globally unique identifier for a tissue,text,"","","","","",Tissue,No,"","",Tissue,Identification,""
PD-RIZJVU43,tissue_sample_preparation_date,Tissue Preparation Date,Date of Tissue sample preparation,date,"","","","","",Tissue,Yes,"","",Tissue,Preparation,""
PD-CIONCA52,species,Species That the Tissue Belongs To,NCBI Taxonomy code of the species that the tissue belongs to,categorical,"","","","","",Tissue,No,"",6837cb02-6bd7-4fb8-838c-9062ead96ba4,Tissue,Anatomical/Biological Properties,NCBITaxon:9606/#/Homo sapiensNCBITaxon:9606/#/Homo sapiensNCBITaxon:9483/#/Callithrix jacchusNCBITaxon:10090/#/Mus musculusNCBITaxon:9544/#/ Macaca mulattaNCBITaxon:60711/#/Chlorocebus sabaeusNCBITaxon:9999/#/Urocitellus parryiiNCBITaxon:9361/#/Dasypus novemcinctusNCBITaxon:9598/#/Pan troglodytesNCBITaxon:9669/#/Mustela putorius furoNCBITaxon:9593/#/Gorilla gorillaNCBITaxon:9545/#/Macaca nemestrinaNCBITaxon:13616/#/Monodelphis domesticaNCBITaxon:9986/#/Oryctolagus cuniculusNCBITaxon:10116/#/Rattus norvegicusNCBITaxon:9541/#/Macaca fascicularisNCBITaxon:9534/#/Chlorocebus aethiopsNCBITaxon:9614/#/Canis latransNCBITaxon:9555/#/Papio anubisNCBITaxon:27679/#/Saimiri boliviensisNCBITaxon:9521/#/Saimiri sciureusNCBITaxon:30608/#/Microcebus murinusNCBITaxon:37293/#/Aotus nancymaaeNCBITaxon:37347/#/Tupaia belangeriNCBITaxon:10181/#/Heterocephalus glaberNCBITaxon:9823/#/Sus scrofaNCBITaxon:9685/#/Felis catusNCBITaxon:9742/#/Phocoena phocoena
PD-GXNIXI56,project_identifier,The Database ID of the Project This Tissue is for,NIMP database id of the project that this Tissue belongs to,numeric,"","","","","",Tissue,No,"","",Tissue,Ownership,""
PD-NLNONY46,structure,Tissue Sample Structure,The label referring to a structure in a brain atlas that the tissue was found to be associated with  ,categorical,"","","","","",Tissue,No,"","",Tissue,Anatomical/Biological Properties,structure_value_set.csv
"",dissociated_cell_sample,Dissociated Cell Sample,"","","","","","","","","","","","","",""
PD-RQRWHS40,dissociated_cell_sample_local_name,Dissociated Cell Sample Local Name / Identifier,Name of a collection of dissociated cells or nuclei derived from dissociation of a tissue sample.,text,"","","","","",Dissociated Cell Sample,No,"",65e2c7da-9eb4-45b2-8ccb-d69ef9785ee2,Dissociated Cell Sample,Identification,""
PD-IDIDXT26,dissociated_cell_sample_nhash_id,Dissociated Cell Sample NHash ID,NIMP generated globally unique identifier for a Dissociated Cell Sample,text,"","","","","",Dissociated Cell Sample,No,"","",Dissociated Cell Sample,Identification,""
PD-CFCFPS27,dissociated_cell_sample_cell_label_barcode,Dissociated Cell Sample Cell Label Barcode,"Name of oligo used in cell plexing. The oligo will tag allow separate dissociated cell samples to be combined downstream in the barcoded cell sample. The oligo name is associated with a sequence in a lookup table. This sequence will be needed to during analysis, after alignment, to associate reads with parent dissociated cell sample.",categorical,"","","","","",Dissociated Cell Sample,Yes,"",0c8628d0-809b-458c-b4b3-686131dceef8,Dissociated Cell Sample,Preparation,CMO301/#/CMO301CMO302/#/CMO302CMO303/#/CMO303CMO304/#/CMO304CMO305/#/CMO305CMO306/#/CMO306CMO307/#/CMO307CMO308/#/CMO308CMO309/#/CMO309CMO310/#/CMO310CMO311/#/CMO311CMO312/#/CMO3122nt-001/#/2nt-0012nt-002/#/2nt-0022nt-003/#/2nt-0032nt-004/#/2nt-0043nt-001/#/3nt-0013nt-002/#/3nt-0023nt-003/#/3nt-0033nt-004/#/3nt-0043nt-005/#/3nt-0053nt-006/#/3nt-006
PD-RELLGO26,dissociated_cell_sample_cell_prep_type,Cell Prep Type,"The type of cell preparation. For example: Cells, Nuclei. This is a property of dissociated_cell_sample.",categorical,"","","","","",Dissociated Cell Sample,No,"",baae4ac3-f959-4594-b943-3a82ec19bd34,Dissociated Cell Sample,Preparation,Nuclei/#/isolated nucleiCells/#/isolated whole cells
PD-BUBUFE27,dissociated_cell_sample_preparation_date,Dissociated Cell Sample Preparation Date,Date of dissociated cell sample creation.,date,"","","","","",Dissociated Cell Sample,Yes,"",c508b63d-a1b4-42de-9b22-9c4736deac6e,Dissociated Cell Sample,Preparation,""
PD-GXSGXI56,project_identifier,The Database ID of the Project the Dissociated Cell Sample is for,NIMP database id of the project the dissociated cell sample is associated with,numeric,"","","","","",Dissociated Cell Sample,No,"","",Dissociated Cell Sample,Ownership,""
"",enriched_cell_sample,Enriched Cell Sample,"","","","","","","","","","","","","",""
PD-BERWTM41,enriched_cell_sample_local_name,Enriched Cell Sample Local Name / Identifier,Name of collection of enriched cells or nuclei after enrichment process (usually via FACS using the Enrichment Plan) applied to dissociated_cell_sample.,text,"","","","","",Enriched Cell Sample,No,"",bb3fc701-23a7-45c1-890d-7471730e0ec1,Enriched Cell Sample,Identification,""
PD-ETSJUU27,enriched_cell_sample_nhash_id,Enriched Cell Sample NHash ID,NIMP generated globally unique identifier for an Enriched Cell Sample,text,"","","","","",Enriched Cell Sample,No,"","",Enriched Cell Sample,Identification,""
PD-CTCTTK28,enriched_cell_sample_cell_label_barcode,Enriched Cell Sample Cell Label Barcode,Name of molecular barcode used to individual Enriched Cell Source to allow for pooling of Enriched Cell Sources before 10x load (Barcoding Cell step) [aka 1st round barcodes],categorical,"","","","","",Enriched Cell Sample,Yes,"",bdd5e2bf-c6fa-43e6-a5ac-6878fcf814d6,Enriched Cell Sample,Preparation,CMO301/#/CMO301CMO302/#/CMO302CMO303/#/CMO303CMO304/#/CMO304CMO305/#/CMO305CMO306/#/CMO306CMO307/#/CMO307CMO308/#/CMO308CMO309/#/CMO309CMO310/#/CMO310CMO311/#/CMO311CMO312/#/CMO3122nt-001/#/2nt-0012nt-002/#/2nt-0022nt-003/#/2nt-0032nt-004/#/2nt-0043nt-001/#/3nt-0013nt-002/#/3nt-0023nt-003/#/3nt-0033nt-004/#/3nt-0043nt-005/#/3nt-0053nt-006/#/3nt-006
PD-PFPFFC28,enriched_cell_sample_preparation_date,Enriched Cell Sample Preparation Date,Date of enriched cell sample creation.,date,"","","","","",Enriched Cell Sample,Yes,"",e2fd2d84-3999-4cc4-8f41-e0e2a708f407,Enriched Cell Sample,Preparation,""
PD-GXLIXI56,project_identifier,The Database ID of the Project This Enriched Cell Sample is for,NIMP database id for the project his Enriched Cell Sample is associated with,numeric,"","","","","",Enriched Cell Sample,No,"","",Enriched Cell Sample,Ownership,""
PD-TZTZPI37,enrichment_population,Enrichment Population,Actual percentage of cells as a result of using set of fluorescent marker label(s) to enrich dissociated_cell_sample with desired mix of cell populations. This plan can also be used to describe 'No FACS' where no enrichment was performed. This is a property of enriched_cell_prep_container.,text,"","","","","",Enriched Cell Sample,Yes,"",875f1c70-f5aa-45e3-94b9-5e482f6c4830,Enriched Cell Sample,Enrichment Details,""
PD-ESESLW44,histone_modification_marker,Histone Modification Marker,"Histone modification marker antibodies (eg H3K27ac, H3K27me3, H3K9me3) used in conjunction with an Enriched Cell Source Barcode in order to combine multiple Enriched Cell Populations before Barcoded Cell Sample step for 10xMultiome method. Each of the Histone antibodies captures an essential part of the epigenome.",text,"","","","","",Enriched Cell Sample,Yes,"",a2ef2228-e438-4260-95e5-22eb3b35b5a9,Enriched Cell Sample,Enrichment Details,""
"",barcoded_cell_sample,Barcoded Cell Sample,"","","","","","","","","","","","","",""
PD-XEMDJF38,barcoded_cell_sample_local_name,Barcoded Cell Sample Local Name / Identifier,Name of a collection of barcoded cells. Input will be either dissociated_cell_sample or enriched_cell_sample. Cell barcodes are only guaranteed to be unique within this one collection. One dissociated_cell_sample or enriched_cell_sample can lead to multiple barcoded_cell_samples.,text,"","","","","",Barcoded Cell Sample,No,"",4c0e6380-e53f-4173-a474-d41e836fefe3,Barcoded Cell Sample,Identification,""
PD-BWBZRC24,barcoded_cell_sample_nhash_id,Barcoded Cell Sample NHash ID,NIMP generated globally unique identifier for a Barcoded Cell Sample,text,"","","","","",Barcoded Cell Sample,No,"","",Barcoded Cell Sample,Identification,""
PD-ONONEV39,barcoded_cell_sample_number_of_expected_cells,Barcoded Cell Sample Number of Expected Cells,"Expected number of cells/nuclei of a barcoded_cell_sample that will be barcoded and available for sequencing. This is a derived number from 'Barcoded cell input quantity count' that is dependent on the ""capture rate"" of the barcoding method. It is usually a calculated fraction of the 'Barcoded cell input quantity count' going into the barcoding method.",numeric,integer,"",0,"","",Barcoded Cell Sample,No,"",f10e928d-5a2b-4943-af18-d8fe5d05528d,Barcoded Cell Sample,Preparation,""
PD-SHSHZS25,barcoded_cell_sample_preparation_date,Barcoded Cell Sample Preparation Date,Date of barcoded cell sample creation.,date,"","","","","",Barcoded Cell Sample,Yes,"","",Barcoded Cell Sample,Preparation,""
PD-GXHIXI56,project_identifier,The Database ID of the Project This Barcoded Cell Sample is for,NIMP database id for the project this Barcoded Cell Sample belongs to,numeric,"","","","","",Barcoded Cell Sample,No,"","",Barcoded Cell Sample,Ownership,""
PD-KJKJZK32,barcoded_cell_sample_port_well,Barcoded Cell Sample Port Well,Specific position of the loaded port of the 10x chip. An Enriched or Dissociated Cell Sample is loaded into a port on a chip (creating a Barcoded Cell Sample). Can be left null for non-10x methods.,text,"","","","","",Barcoded Cell Sample,Yes,"",aca38100-d245-4be4-9be3-ba27192779fe,Barcoded Cell Sample,Preparation,""
PD-ZZZZWQ40,barcoded_cell_input_quantity_count,Barcoded Cell Input Quantity Count,Number of enriched or dissociated cells/nuclei going into the barcoding process.,numeric,integer,"",0,"","",Barcoded Cell Sample,Yes,"",aa534269-7c9b-4b63-b990-eea8cda56d0e,Barcoded Cell Sample,Preparation,""
PD-TDTDDF25,barcoded_cell_sample_technique,Barcoded Cell Sample Technique,"Required standardized nomenclature to describe the general method used to barcode individual cells. This method (eg Multiome, ATAConly, GEXonly) will be more general than the Library Method (which is specific for alignment) and could be used for general classification of Barcoded Cell Samples.",categorical,"","","","","",Barcoded Cell Sample,No,"","",Barcoded Cell Sample,Preparation,Multiome/#/MultiomeATACOnly/#/ATACOnlyGEXOnly/#/GEXOnlysnm3C-seq/#/snm3C-seqDroplet Paired-Tag/#/Droplet Paired-TagSlide-tag_std/#/Slide-tag_stdSlide-tag_recon/#/Slide-tag_reconsnmCT-seq/#/snmCT-seqPatchSeq-SmartSeq/#/PatchSeq-SmartSeqSmartSeq/#/SmartSeqDBiT-Seq/#/DBiT-SeqStereoSeq/#/StereoSeqTrekker_10xFlex-GEMXv2/#/Trekker_10xFlex-GEMXv2Trekker_10xV4/#/Trekker_10xV410xFlex-GEMXv2/#/10xFlex-GEMXv2Trekker_10xFlex-GEMX/#/Trekker_10xFlex-GEMX
"",amplified_cdna,Amplified cDNA,"","","","","","","","","","","","","",""
PD-YAAGGG39,amplified_cdna_local_name,Amplified cDNA Local Name / Identifier,"Name of a collection of cDNA molecules derived and amplified from an input barcoded_cell_sample. These cDNA molecules represent the gene expression of each cell, with all cDNA molecules from a given cell retaining that cell's unique barcode from the cell barcoding step. This is a necessary step for GEX methods but is not used for ATAC methods.",text,"","","","","",Amplified cDNA,No,"",e2606a11-114e-472f-9e05-33f9b6fc3089,Amplified cDNA,Identification,""
PD-RAIFQQ23,amplified_cdna_nhash_id,Amplified CDNA NHash ID,NIMP generated globally unique identifier for Amplified cDNA,text,"","","","","",Amplified cDNA,No,"","",Amplified cDNA,Identification,""
PD-BYBYBY24,amplified_cdna_preparation_date,Amplified cDNA Preparation Date,Date of cDNA amplification.,date,"","","","","",Amplified cDNA,Yes,"",6cc333e7-9b98-497f-b7b1-eae904db2400,Amplified cDNA,Preparation,""
PD-TITIIC26,amplified_cdna_amplified_quantity_ng,Amplified cDNA Amplified Quantity Ng,Amount of cDNA produced after cDNA amplification measured in nanograms,numeric,float,"",0,"","",Amplified cDNA,Yes,"",0db79d05-8612-4896-b9d3-eb1558841449,Amplified cDNA,Preparation,""
PD-OKOKQD38,amplified_cdna_pcr_cycles,Amplified cDNA PCR Cycles,Number of PCR cycles used during cDNA amplification for this cDNA.,numeric,integer,"",0,"","",Amplified cDNA,Yes,"",3827634c-3f8f-4760-b358-86ce4b030238,Amplified cDNA,Preparation,""
PD-XXXXFQ31,amplified_cdna_rna_amplification_pass_fail,Amplified cDNA RNA Amplification Pass-Fail,Pass or Fail result based on qualitative assessment of cDNA yield and size.,categorical,"","","","","",Amplified cDNA,Yes,"",bc62bdb2-7dc8-4404-bb84-ce0bbcae59e5,Amplified cDNA,Preparation,Pass/#/PassFail/#/FailLow QC/#/Low QCNot evaluated/#/Not evaluated
PD-JJJJWD35,amplified_cdna_percent_cdna_longer_than_400bp,Amplified cDNA Percent CDNA Longer Than 400bp,QC metric to measure mRNA degradation of cDNA. Higher % is higher quality starting material. Over 400bp is used as a universal cutoff for intact (full length) vs degraded cDNA and is a common output from Bioanalyzer and Fragment Analyzer elecropheragrams.,numeric,float,"",0,"","",Amplified cDNA,Yes,"",8d150467-f69e-461c-b54c-bcfd22f581e5,Amplified cDNA,Preparation,""
PD-SCSCTM41,cdna_amplification_set,cDNA Amplification Set,"cDNA amplification set, containing multiple amplified_cDNA_names that were processed at the same time.",text,"","","","","",Amplified cDNA,Yes,"",42e98a88-50b3-4ea2-871b-2142f6a0dfdd,Amplified cDNA,Preparation,""
"",library,Library,"","","","","","","","","","","","","",""
PD-AJJUCC35,library_local_name,Local Library Name,"Name of a library, which is a collection of fragmented and barcode-indexed DNA molecules for sequencing. An index or barcode is typically introduced to enable identification of library origin to allow libraries to be pooled together for sequencing.",text,"","","","","",Library,No,"",f717e254-3630-4342-be7b-4d56376e7afe,Library,Identification,""
PD-LAGVFB34,library_nhash_id,Library NHash ID,NIMP generated globally unique identifier for a Library,text,"","","","","",Library,No,"","",Library,Identification,""
PD-AJAJCN35,library_technique,Library Technique,"Standardized nomenclature to describe the library method used. This specifies the alignment method required for the library. For example, 10xV3.1 (for RNASeq single assay), 10xMult-GEX (for RNASeq multiome assay), and 10xMult-ATAC (for ATACSeq multiome assay)",categorical,"","","","","",Library,No,"",7b60d59e-fdd7-4b27-a2d4-cae9b69103a6,Library,Preparation,SMARTSeqSC/#/SMARTSeqSCSmartSeq3/#/SmartSeq310xV3.1/#/10xV3.110xV3.1_HT/#/10xV3.1_HT10xMultiome;GEX/#/10xMultiome;GEX10xMultiome;ATAC/#/10xMultiome;ATAC10xATAC_V2.0/#/10xATAC_V2.010XMultiome-CellHashing;GEX/#/10XMultiome-CellHashing;GEX10XMultiome-CellHashing;ATAC/#/10XMultiome-CellHashing;ATAC10XMultiome-Cell Hashing;Barcode/#/10XMultiome-Cell Hashing;Barcode10xV3.1_CellPlex;GEX/#/10xV3.1_CellPlex;GEX10xV3.1_CellPlex;Barcode/#/10xV3.1_CellPlex;Barcode10xV3.1_HT_CellPlex;GEX/#/10xV3.1_HT_CellPlex;GEX10xV3.1_HT_CellPlex;Barcode/#/10xV3.1_HT_CellPlex;BarcodeMethylC-Seq/#/MethylC-Seqsnm3C-seq/#/snm3C-seqsnmCT-seq/#/snmCT-seqscATAC-seq/#/scATAC-seqMERFISH/#/MERFISHSlide-seq MERFISH/#/Slide-seq MERFISHwhole brain MERFISH/#/whole brain MERFISHDBiT RNA-seq/#/DBiT RNA-seqDBiT ATAC-seq/#/DBiT ATAC-seqDroplet Paired-Tag; DNA/#/Droplet Paired-Tag; DNADroplet Paired-Tag; RNA/#/Droplet Paired-Tag; RNAMultiplex Droplet Paired-Tag; DNA/#/Multiplex Droplet Paired-Tag; DNAMultiplex Droplet Paired-Tag; RNA/#/Multiplex Droplet Paired-Tag; RNA10xV4/#/10xV410x_5P_v5.2/#/10x_5P_v5.2PIPSeq_T2_3P_v4+/#/PIPSeq_T2_3P_v4+PIPSeq_T20_3P_v4+/#/PIPSeq_T20_3P_v4+Slide-tag_10x5Pv2;GEX/#/Slide-tag_10x5Pv2;GEXSlide-tag_10x5Pv2;Spatial/#/Slide-tag_10x5Pv2;SpatialSlide-tag_PIPSeq_T100_3P_v4+;GEX/#/Slide-tag_PIPSeq_T100_3P_v4+;GEXSlide-tag_PIPSeq_T100_3P_v4+;Spatial/#/Slide-tag_PIPSeq_T100_3P_v4+;SpatialSlide-tag_PIPSeq_T20_3P_v4+;GEX/#/Slide-tag_PIPSeq_T20_3P_v4+;GEXSlide-tag_PIPSeq_T20_3P_v4+;Spatial/#/Slide-tag_PIPSeq_T20_3P_v4+;Spatial10x5Pv3/#/10x5Pv3Slide-tag_10xV4;GEX/#/Slide-tag_10xV4;GEXSlide-tag_10xV4;Spatial/#/Slide-tag_10xV4;SpatialSlide-tag_TruSeq;Recon/#/Slide-tag_TruSeq;Recon10xV4_OCM/#/10xV4_OCMSMARTSeqV4/#/SMARTSeqV4GEX/#/GEXStereoSeq;Spatial/#/StereoSeq;SpatialTrekker_10xFlex-GEMXv2;GEX/#/Trekker_10xFlex-GEMXv2;GEXTrekker_10xFlex-GEMXv2;Spatial/#/Trekker_10xFlex-GEMXv2;SpatialTrekker_10xFlex-GEMXv2;Spatial/#/Trekker_10xFlex-GEMXv2;SpatialTrekker_10xFlex-GEMXv2;Spatial/#/Trekker_10xFlex-GEMXv2;Spatial10xFlex-GEMXv2/#/10xFlex-GEMXv210xV3.1_LT/#/10xV3.1_LTTrekker_10xFlex-GEMX;GEX/#/Trekker_10xFlex-GEMX;GEX10xV3/#/10xV3StereoSeq;GEX/#/StereoSeq;GEXTrekker_10xV4;GEX/#/Trekker_10xV4;GEXTrekker_10xV4;Spatial/#/Trekker_10xV4;SpatialTrekker_10xFlex-GEMX;Spatial/#/Trekker_10xFlex-GEMX;Spatial10xMultiomeGEMX;ATAC/#/10xMultiomeGEMX;ATAC10xMultiomeGEMX;GEX/#/10xMultiomeGEMX;GEX10xVisiumHD;GEX/#/10xVisiumHD;GEX
PD-VLLMWZ60,library_r1_r2_index,R1/R2 Index,"Name of the pair of library indexes used for sequencing. Indexes allow libraries to be pooled together for sequencing. Sequencing output (fastq) are demultiplexed by using the indexes for each library. The name will be associated with the sequences of i7, i5, and i5as, which are needed by SeqCores for demultiplexing. The required direction of the sequence (sense or antisense) of the index can differ depending on sequencing instruments.",categorical,"","","","","",Library,Yes,"",c94b5d8a-e92d-47af-8c0e-ea3b58be4d06,Library,Preparation,library_r1_r2_index_value_set.csv
PD-JCJCNM35,library_preparation_date,Library Preparation Date,Date of library construction,date,"","","","","",Library,Yes,"",9c2f575d-1b64-451d-894f-656861afe07a,Library,Preparation,""
PD-UAPUJF38,library_additional_commnents,Additional Comments,Additional comments about the library,text,"","","","","",Library,Yes,"","",Library,Preparation,""
PD-RKRKCN35,library_source_type,Library Source Type,The upstream resource type for library creation. Could be either Barcoded Cell Samples or Amplified cDNA,categorical,"","","","","",Library,Yes,"","",Library,Reference,barcoded_cell_sample/#/barcoded_cell_sampleamplified_cdna/#/amplified_cdna
PD-GXVSXI56,project_identifier,The Database ID of the Project This Library is for,NIMP database id for the project this Library is associated with,numeric,"","","","","",Library,No,"","",Library,Ownership,""
PD-VJVJLC46,library_avg_size_bp,Library Avg Size Bp,Average size of the library in terms of base pairs. This is used to calculate the molarity before pooling and sequencing.,numeric,integer,"",0,"","",Library,Yes,"",f851eba9-56d1-4472-9d0c-d7f8bc33000a,Library,Metrics,""
PD-DCDCLD43,library_concentration_nm,Library Concentration Nm,Concentration of library in terms of nM (nMol/L). Number of molecules is needed for accurate pooling of the libraries and for generating the number of target reads/cell in sequencing.,numeric,float,"",0,"","",Library,Yes,"",90805b3f-f380-4f23-b159-e7eaa0c8f052,Library,Metrics,""
PD-AFAFXP37,library_input_ng,Library Input Ng,Amount of cDNA going into library construction in nanograms.,numeric,float,"",0,"","",Library,Yes,"",e4d31d97-722d-4771-a0e4-e6062190f2c1,Library,Metrics,""
PD-QHQHQB42,library_prep_pass_fail,Library Prep Pass-Fail,Pass or Fail result based on qualitative assessment of library yield and size.,categorical,"","","","","",Library,Yes,"",6817ede2-7ead-402d-9dbc-131aca627c6c,Library,Metrics,Pass/#/PassFail/#/FailLow QC/#/Low QCNot evaluated/#/Not evaluated
PD-PCPCVR50,library_prep_set,Library Prep Set,"Library set, containing multiple library_names that were processed at the same time.",text,"","","","","",Library,Yes,"",b124ffa9-9134-4a61-a30d-bb191b2fc7fa,Library,Metrics,""
PD-JYJYDK42,library_quantification_fmol,Library Quantification FMOL,Amount of library generated in terms of femtomoles,numeric,float,"",0,"","",Library,Yes,"",4c09ada7-c116-48bc-8fb1-0dcf5c4b939a,Library,Metrics,""
PD-TNTNXP37,library_quantification_ng,Library Quantification NG,Amount of library generated in terms of nanograms,numeric,float,"",0,"","",Library,Yes,"",318b2d3a-dae7-4c63-bfbb-93862b92f63e,Library,Metrics,""
"",library_pool,Library Pool,"","","","","","","","","","","","","",""
PD-KKIAPA48,library_pool_local_name,Library Pool Local Name / Identifier,"Library lab's library pool name. For some labs this may be the same as ""Libray pool tube local name"". Other labs distinguish between the local tube label of the library pool and the library pool name provided to SeqCore for tracking. Local Pool Name is used to communicate sequencing status between SeqCore and Library Labs.",text,"","","","","",Library Pool,No,"",29e0578b-6427-4c93-b29b-bde27fbadeec,Library Pool,Identification,""
PD-LAQLFB34,library_pool_nhash_id,Library Pool NHash ID,NIMP generated globally unique identifier for a Library Pool,text,"","","","","",Library Pool,No,"","",Library Pool,Identification,""
PD-WNYWPA48,library_pool_local_tube_id,Local Tube Name / Identifier,"Library Pool Tube local name. Label of the tube containing the library pool, which is made up of multiple library_aliquots. This is a Library Lab local tube name, before the pool is aliquoted to the Seq Core provided tube 'Library Pool Tube Name'.",text,"","","","","",Library Pool,Yes,"",f1fdea98-7849-4def-a62f-a04cbbf98922,Library Pool,Preparation,""
PD-KNKNCC35,library_pool_tube_barcode,Library Pool Tube Barcode,Library Pool tube name as provided by the SeqCore (often a barcode). This tube is provided from the SeqCore and is part of the SeqCore tracking system.,text,"","","","","",Library Pool,Yes,"",da02a0ee-9abf-45ef-abb1-981f1aaba6b2,Library Pool,Preparation,""
PD-XUXUNM35,library_pool_preparation_date,Library Pool Preparation Date,Date of library pool construction.,date,"","","","","",Library Pool,Yes,"",ef950ca1-2a62-4fce-a826-6c27d94d3be3,Library Pool,Preparation,""
PD-QXKHSS51,library_aliquot_local_names,Names of Aliquots for the Libraries,One library in the library pool. Each Library_aliquot_name in a library pool will have a unique R1/R2 index to allow for sequencing together then separating the sequencing output by originating library aliquot through the process of demultiplexing. The resulting demultiplexed fastq files will include the library_aliquot_name.,text,"","","","","",Library Pool,No,"",34191bad-d167-4335-8224-ade897d3728e,Library Pool,Reference,""
PD-KRKRCT43,fastq_file_alignment_status,FASTQ File Alignment Status,The FASTQ file alignment status as reported by the Library Lab,categorical,"","","","","",Library Aliquot,Yes,TBD,"",Library Aliquot,Sequencing Outcome,1/#/Pass2/#/Pass-Flag3/#/Fail-Withhold
"",library_package,Library Package,"","","","","","","","","","","","","",""
PD-XNKYPA48,library_package_local_name,Library Package Local Name / Identifier,Library lab's library package name.,text,"","","","","",Library Package,No,"","",Library Package,Identification,""
PD-ZVNXTM45,sequencing_center_id,ID of the Target Sequencing Center,NIMP id for the Sequencing Center this Library Package will be sent to.,categorical,"","","","","",Library Package,No,"","",Library Package,Preparation,1/#/BROAD3/#/NYGC4/#/AIBS-Proxy
PD-JLYJNM35,library_package_submisson_date,Library Package Submission Date,The date when this Library Package is submitted to the Sequencing Center as reported by the library lab,date,"","","","","",Library Package,Yes,"","",Library Package,Preparation,""
PD-SHSHTC41,slab_database_id,Slab Database ID,NIMP database id for the slab,numeric,"","","","","",Slab,No,"","",Slab,Identification,""
PD-ETETKR49,width,Width,NIMP approximation for the width of the slab. This is calculated based on the cropped scale and its dimension provided by the user,numeric,"","","","","",Slab,Yes,"","",Slab,Dimensions,""
PD-BNBNLC46,height,Height,NIMP approximation for the height of the slab. This is calculated based on the cropped scale and its dimension provided by the user,numeric,"","","","","",Slab,Yes,"","",Slab,Dimensions,""
PD-ZGZGDX47,pixels_per_mm,Pixels Per Mm,NIMP approximation for the pixels per millimeter in the slab image. This is calculated based on the cropped scale and its dimension provided by the user,numeric,"","","","","",Slab,Yes,"","",Slab,Dimensions,""
PD-ZUVZLD43,donor_database_id,Upstream Donor Database ID,NIMP database id of the upstream donor,numeric,"","","","","",Tissue,"No, for ""Other Tissues"" (non-standard tissues)","","",Tissue,Reference,""
PD-HRHRWQ40,request_database_id,Request Database ID,NIMP database id for a request,numeric,integer,"","","","",Specimen Request,No,"","",Specimen Request,Identification,""
"",roi,ROI,"","","","","","","","","","","","","",""
PD-FCFCHS40,roi_nhash_id,ROI NHash ID,NIMP generated globally unique identifier for an ROI,text,"","","","","",ROI,No,"","",ROI,Identification,""
PD-RPRPTM41,roi_local_name,ROI Local Name,The requester's identifier for the ROI,text,"","","","","",ROI,Yes,"","",ROI,Identification,""
PD-CWCWWQ40,roi_database_id,ROI Database ID,NIMP database id for the ROI,numeric,"","","","","",ROI,No,"","",ROI,Identification,""
PD-CRULLD43,slab_database_id,Upstream Slab Database ID,NIMP database id for the upstream slab that the ROI was requested from,numeric,"","","","","",ROI,No,"","",ROI,Reference,""
PD-RKGJLD43,roi_database_id,Upstream Database ROI ID,NIMP database id of the upstream ROI,numeric,"","","","","",Tissue,"No, for ""Standard Tissues""","","",Tissue,Reference,""
PD-YYTNDZ58,tissue_nhash_ids,Upstream Tissue NHash IDs,NIMP generated globally unique identifier for upstream tissues,text,"","","","","",Dissociated Cell Sample,No,"","",Dissociated Cell Sample,Reference,""
PD-EFEFDO27,enriched_cell_sample_database_id,Enriched Cell Sample Database ID,NIMP database id for an Enriched Cell Sample,numeric,"","","","","",Enriched Cell Sample,No,"","",Enriched Cell Sample,Identification,""
PD-YVDVKK43,input_enriched_cell_sample_database_id,Upstream Enriched Cell Sample Database ID,NIMP database id for the upstream Enriched Cell Sample,numeric,"","","","","",Enriched Cell Sample,"No, if the Enriched Cell Sample is created from another Enriched Cell Sample","","",Enriched Cell Sample,Reference,""
PD-JORRDZ58,dissociated_cell_sample_nhash_ids,Upstream Dissociated Cell Sample NHash IDs,NIMP generated globally unique identifiers for upstream Dissociated Cell Samples if this Barcoded Cell Sample is generated from Dissociated Cell Samples,text,"","","","","",Barcoded Cell Sample,"No, if the Barcoded Cell Sample is created from Dissociated Cell Samples","","",Barcoded Cell Sample,Reference,""
PD-QCQCRC24,barcoded_cell_sample_database_id,Barcoded Cell Sample Database ID,NIMP database id for a Barcoded Cell Sample,numeric,"","","","","",Barcoded Cell Sample,No,"","",Barcoded Cell Sample,Identification,""
PD-KJRKDZ58,enriched_cell_sample_nhash_ids,Upstream Enriched Cell Sample NHash IDs,NIMP generated globally unique identifiers for upstream Enriched Cell Samples if this Barcoded Cell Sample is generated from Enriched Cell Samples,text,"","","","","",Barcoded Cell Sample,"No, if the Barcoded Cell Sample is created from Enriched Cell Samples","","",Barcoded Cell Sample,Reference,""
PD-XJXJJB23,amplified_cdna_database_id,Amplified cDNA Database ID,NIMP database id for Amplified cDNA,numeric,"","","","","",Amplified cDNA,No,"","",Amplified cDNA,Identification,""
PD-GCDSKK43,barcoded_cell_sample_database_id,Upstream Barcoded Cell Sample Database ID for Library,NIMP database id of the upstream Barcoded Cell Sample,numeric,"","","","","",Library,"No, if the Library is created from a Barcoded Cell Sample","",4c0e6380-e53f-4173-a474-d41e836fefe3,Library,Reference,""
PD-TQTQKV34,library_database_id,Library Database ID ,NIMP database id for the library,numeric,"","","","","",Library,No,"","",Library,Identification,""
PD-VZZWLD43,amplified_cdna_database_id,Upstream Amplified CDNA Database ID,NIMP database id of the upstream Amplified cDNA,numeric,"","","","","",Library,"No, if the Library is created from a amplified cDNA","","",Library,Reference,""
"",library_aliquot,Library Aliquot,"","","","","","","","","","","","","",""
PD-XCXCCC35,library_aliquot_local_name,Library Aliquot Local Name,One library in the library pool. Each Library_aliquot_name in a library pool will have a unique R1/R2 index to allow for sequencing together then separating the sequencing output by originating library aliquot through the process of demultiplexing. The resulting demultiplexed fastq files will include the library_aliquot_name.,text,"","","","","",Library Aliquot,No,"",34191bad-d167-4335-8224-ade897d3728e,Library Aliquot,Identification,""
PD-BVBVFB34,library_aliquot_nhash_id,Library Aliquot NHash ID,NIMP generated globally unique identifier for a Library Aliquot. This NHash id is a concatenation of the NHash ids of the corresponding Library and the Library Pool.,text,"","","","","",Library Aliquot,No,"","",Library Aliquot,Identification,""
PD-GKGKJU42,sequencing_result_date,Sequencing Result Date,The date of sequencing results for the Library Aliquot as reported by the Sequencing Center,date,"","","","","",Library Aliquot,Yes,"","",Library Aliquot,Sequencing Outcome,""
PD-QPQPLO49,library_aliquot_sequencing_result_status,Library Aliquot Sequencing Result Status,The status of the sequencing results for the Library Aliquot as reported by the Sequencing Center,categorical,"","","","","",Library Aliquot,Yes,Not-ready,"",Library Aliquot,Sequencing Outcome,Ready/#/Ready
PD-KTKTKK43,fastq_file_alignment_comments,FASTQ File Alignment Comments,Comments on the FASTQ file alignment as reported by the Library Lab,text,"","","","","",Library Aliquot,Yes,"","",Library Aliquot,Sequencing Outcome,""
PD-KRRSLD43,library_database_id,Upstream Library Database ID,NIMP database id for the upstream Library,numeric,"","","","","",Library Aliquot,No,"","",Library Aliquot,Reference,""
PD-ZSPGLD43,library_pool_database_id,Upstream Library Pool Database ID,NIMP database id for the upstream Library Pool,numeric,"","","","","",Library Aliquot,No,"","",Library Aliquot,Reference,""
PD-BIBIKV34,library_pool_database_id,Library Pool Database ID,NIMP database id for the library pool,numeric,"","","","","",Library Pool,No,"","",Library Pool,Identification,""
PD-SJATLW44,library_ids,NHash Library IDs of the Aliquots in This Pool,NIMP generated globally unique identifier for the Library Aliquots in this pool,text,"","","","","",Library Pool,No,"","",Library Pool,Reference,""
PD-KZBKLO49,library_pool_sequencing_result_status,Library Pool Sequencing Results Status,"This status is assigned as ""Ready"" if any Library Aliquot in the Library Pool has its library_aliquot_sequencing_result_status ""Ready""",categorical,"","","","","",Library Pool,Yes,Not-ready,"",Library Pool,Sequencing Outcome,Ready/#/Ready
PD-KVGMXI56,library_pool_sequencing_results_comments,Sequencing Results Comments,Comments if any for the sequencing results of library pool,text,"","","","","",Library Pool,Yes,"","",Library Pool,Sequencing Outcome,""
PD-MOMODO36,flowcell,Flowcell,"The Flowcell is a unique identifer of the sequencing cartridge (provided by the sequencing instrument manufacturer) used and consumed when sequencing Library Pools on an Illumina sequencing instrument.  A flowcell can be different sizes with different number of lanes.  The flowcell size determines the number of total reads it will produce.  Typically one Flowcell is used to run one Library Pool across all lanes.  Multiple pools, however, can be run on a single flowcell as long as the pools are partitioned onto separate lanes of the flowcell.  Each lane from a flowcell will produce fastq files for all Library Aliquots within the Library Pool applied to a given lane.",text,"","","","","",Library Pool,Yes,"",4c8d7ac8-d3e3-4177-a93d-18ec2302c392,Library Pool,Sequencing Outcome,""
PD-QRQRLO49,library_pool_alignment_status,Library Pool Alignment Status,Whether the Library Pool is approved for alignment or not,categorical,"","","","","",Library Pool,Yes,Not-approved,"",Library Pool,Sequencing Outcome,Approved/#/Approved
PD-RJIRLD43,library_package_database_id,Upstream Library Package Database ID,NIMP database id for the Library Package this Libray Pool belongs to.,numeric,"","","","","",Library Pool,Yes,"","",Library Pool,Reference,""
PD-SISIFB34,library_package_database_id,Library Package Database ID,NIMP database id for Library Package,numeric,"","","","","",Library Package,No,"","",Library Package,Identification,""
PD-CBCBWQ40,consent_status,Consent Status,Whether the type of consent is open or controlled,categorical,"","","","","",Donor,Yes,"",1a53e733-276f-421a-850d-eb46e50db972,General Subject Fields,General Subject Fields,open/#/Opencontrolled/#/Controlled
PD-GXWIXI56,project_identifier,The Database ID of the Project This Amplified cDNA is for,NIMP database id for the project this amplified cDNA belongs to,numeric,"","","","","",Amplified cDNA,No,"","",Amplified cDNA,Ownership,""
PD-GOADHS40,barcoded_cell_sample_database_id,Upstream Barcoded Cell Sample Database ID for Amplified cDNA,"",numeric,"","","","","",Amplified cDNA,No,"","",Amplified cDNA,Reference,""
PD-PDZDNL63,positive_test_result,The Indicator of Serology Test Positivity,Whether the donor has had a positive serology test result,categorical,"","","","","",Donor,Yes,"","",General Subject Fields,General Subject Fields,1/#/Yes2/#/No3/#/Pending4/#/Borderline
PD-ZMPWIB34,left_hemisphere_prep_2,Left Hemisphere Preparation (Second Method),The second method used to prepare the left hemisphere,categorical,"","","","","",Donor,Yes,"","",General Specimen Data,General Specimen Data,1/#/Formalin Fixed2/#/4% Paraformaldehyde Fixed3/#/Frozen4/#/Other9/#/Hemisphere Not Available
PD-FWUVWQ40,right_hemisphere_prep_2,Right Hemisphere Preparation (Second Method),The second method used to prepare the right hemisphere,categorical,"","","","","",Donor,Yes,"","",General Specimen Data,General Specimen Data,1/#/Formalin Fixed2/#/4% Paraformaldehyde Fixed3/#/Frozen4/#/Other9/#/Hemisphere Not Available
PD-FOFEUU27,barcoded_cell_sample_tag_local_name,Barcoded Cell Sample Tag,Barcoded Cell Sample tags can be used to group a set of barcoded cell samples so that the tag can be used to obtain all the members of the cohort,text,"","","","","",Barcoded Cell Sample,Yes,"","",Barcoded Cell Sample,Identification,""
PD-RCRCEV39,patched_cell_structure,Patched Cell Structure,Ontological structure assigned to a single patched cell.  This is typically assigned and confirmed after imaging.,categorical,"","","","","",Dissociated Cell Sample,Yes,"","",Dissociated Cell Sample,Reference,patched_cell_structure_value_set.csv
PD-WDSELW44,upstream_tissue_sample_local_name,Upstream Tissue Sample Local Name,The local name of the tissue the Section was dissected from,text,"","","","","",Section,No,"","",Section,Reference,""
PD-KMAJCN35,tissue_brain_subdivision,Brain Subdivision the Tissue Belongs To,Subdivision of the brain the tissue belongs to,categorical,"","","","","",Tissue,Yes,"","",Tissue,Anatomical/Biological Properties,cerebrum/#/cerebrumcerebellum/#/cerebellumbrainstem/#/brainstemspinal cord/#/spinal cordcerebellum + brainstem/#/cerebellum + brainstemwhole brain/#/whole brain
PD-RBJRCN35,tissue_brain_hemisphere,Brain Hemisphere the Tissue Belongs To,Hemisphere of the brain the tissue belongs to,categorical,"","","","","",Tissue,Yes,"","",Tissue,Anatomical/Biological Properties,Left/#/LeftRight/#/RightBoth/#/Both
"",section_sample,Section,"","","","","","","","","","","","","",""
PD-OHWLWW55,section_sample_local_name,Section Local Name/Identifier,Local ID for the tissue section,text,"","","","","",Section,No,"","",Section,Identification,""
PD-JMLOKR49,section_sample_ordinal,Section Ordinal,Order in which the section was dissected from the parent tissue.,numeric,"","","","","",Section,Yes,"","",Section,Section Properties,""
PD-IXLMRY56,section_sample_thickness,Section Thickness,Thickness of section mounted on substrate in microns,numeric,"","","","","",Section,Yes,"","",Section,Section Properties,""
PD-SJIUNJ42,section_sample_barcode,Section Barcode,"Barcode ID or local name for the section carrier (e.g. coverslip, slide)",text,"","","","","",Section,Yes,"","",Section,Section Properties,""
PD-AYBOCK48,section_sample_plane_of_section,Plane of Section,Plane in which the Tissue Sample was sectioned,categorical,"","","","","",Section,Yes,"","",Section,Section Properties,coronal (caudal to rostral)/#/coronal (caudal to rostral)coronal (rostral to caudal)/#/coronal (rostral to caudal)horizontal (dorsal to ventral)/#/horizontal (dorsal to ventral)horizontal (ventral to dorsal)/#/horizontal (ventral to dorsal)sagittal (medial to lateral)/#/sagittal (medial to lateral)sagittal (lateral to medial)/#/sagittal (lateral to medial)sagittal (left to right)/#/sagittal (left to right)sagittal (right to left)/#/sagittal (right to left)transverse (caudal to rostral)/#/transverse (caudal to rostral)transverse (rostral to caudal)/#/transverse (rostral to caudal)
PD-DIDKQB42,section_sample_usage,Section Usage,Usage tag for indicating the assay applied to the Section sample,categorical,"","","","","",Section,Yes,"","",Section,Section Properties,spatial transcriptomics/#/spatial transcriptomicshistology/#/histologyspatial sequencing/#/spatial sequencingBARSeq/#/BARSeq
PD-RJRJLD43,tissue_database_id,Upstream Tissue Database ID,NIMP database id of the upstream tissue,numeric,"","","","","",Section,No,"","",Section,Reference,""
PD-SHSHTM41,section_nhash_id,Section NHash ID,NIMP generated globally unique identifier for a Section ,text,"","","","","",Section,No,"","",Section,Identification,""
PD-JQJQFQ31,access_level,Access Level,"",categorical,"","","","","",Donor,Yes,"","",General Subject Fields,General Subject Fields,Unrestricted/#/UnrestrictedControlled/#/Controlled
PD-DKDKOQ36,data_use_limitation,Data Use Limitation,"",categorical,"","","","","",Donor,Yes,"","",General Subject Fields,General Subject Fields,General Research Use/#/General Research UseHealth/Medical/Biomedical/#/Health/Medical/BiomedicalDisease-specific/#/Disease-specific
PD-DSDSOQ36,disease_specification,Disease Specification,"",categorical,"","","","","",Donor,Yes,"","",General Subject Fields,General Subject Fields,Brain health and disease/#/Brain health and disease
PD-JVJVFQ31,irb_approval_required,IRB Approval Required,"",categorical,"","","","","",Donor,Yes,"","",General Subject Fields,General Subject Fields,True/#/TrueFalse/#/False
PD-BGBGAD38,publication_required,Publication Required,"",categorical,"","","","","",Donor,Yes,"","",General Subject Fields,General Subject Fields,True/#/TrueFalse/#/False
PD-ZAZADF25,collaboration_required,Collaboration Required,"",categorical,"","","","","",Donor,Yes,"","",General Subject Fields,General Subject Fields,True/#/TrueFalse/#/False
PD-KNSTYJ57,not_for_profit,Not-for-profit Use Only,"",categorical,"","","","","",Donor,Yes,"","",General Subject Fields,General Subject Fields,True/#/TrueFalse/#/False
PD-CRCRPG50,methods,Methods,"",categorical,"","","","","",Donor,Yes,"","",General Subject Fields,General Subject Fields,True/#/TrueFalse/#/False
PD-LCLCPG50,genetic_study_only,Genetic Study Only,"",categorical,"","","","","",Donor,Yes,"","",General Subject Fields,General Subject Fields,True/#/TrueFalse/#/False
PD-XABOKR49,number_of_reads,Library Aliquot GEX QC Number of Reads,GEX library aliquot: total number of reads for alignment,numeric,float,"","","","",Library Aliquot,No,"","",Library Aliquot,Aliquot QC - GEX,""
PD-WFDAEW44,sequencing_saturation,Library Aliquot GEX QC Sequencing Saturation,GEX library aliquot: Proportion of unique molecular identifiers (UMIs) observed relative to the total number of possible UMIs.,numeric,float,"",0.55,"","",Library Aliquot,No,"","",Library Aliquot,Aliquot QC - GEX,""
PD-OAMBWD35,fraction_of_unique_reads_mapped_to_genome,Library Aliquot GEX QC Fraction of Unique Reads Mapped to Genome,GEX library aliquot: Fraction of unique reads that map to the genome,numeric,float,"","","","",Library Aliquot,No,"","",Library Aliquot,Aliquot QC - GEX,""
PD-YNVDWD35,fraction_of_unique_and_multiple_reads_mapped_to_genome,Library Aliquot GEX QC Fraction of Unique and Multiple Reads Mapped to Genome,GEX library aliquot: Fraction of both unique and multiple reads that map to the genome.,numeric,float,"","","","",Library Aliquot,No,"","",Library Aliquot,Aliquot QC - GEX,""
PD-FKBNJW31,fraction_of_reads_with_Q30_bases_in_rna,Library Aliquot GEX QC Fraction of Reads with Q30 Bases in RNA,GEX library aliquot: fraction of reads with Q30 bases in RNA,numeric,float,"","","","",Library Aliquot,No,"","",Library Aliquot,Aliquot QC - GEX,""
PD-NPNFEV39,fraction_of_reads_with_Q30_bases_in_cb_and_umi,Library Aliquot GEX QC Fraction of Reads with Q30 Bases in cb And umi,GEX library aliquot: Fraction of reads with base quality score  Q30 in cell barcode (CB) and unique molecular identifier (UMI).,numeric,float,"","","","",Library Aliquot,No,"","",Library Aliquot,Aliquot QC - GEX,""
PD-QEFYKR49,fraction_of_reads_with_valid_barcodes,Library Aliquot GEX QC Fraction of Reads with Valid Barcodes,GEX library aliquot: Fraction of reads with valid cell barcodes.,numeric,float,"","","","",Library Aliquot,No,"","",Library Aliquot,Aliquot QC - GEX,""
PD-NMNCWD35,reads_mapped_antisense_to_gene,Library Aliquot GEX QC Reads Mapped Antisense to Gene,GEX library aliquot: Number of reads mapped antisense to gene regions.,numeric,float,"","","","",Library Aliquot,No,"","",Library Aliquot,Aliquot QC - GEX,""
PD-THLUPJ33,reads_mapped_confidently_exonic,Library Aliquot GEX QC Reads Mapped Confidently Exonic,GEX library aliquot: Number of reads mapped confidently to exonic regions.,numeric,float,"","","","",Library Aliquot,No,"","",Library Aliquot,Aliquot QC - GEX,""
PD-VJCUWD35,reads_mapped_confidently_to_genome,Library Aliquot GEX QC Reads Mapped Confidently to Genome,GEX library aliquot: Number of reads mapped confidently to the genome.,numeric,float,"","","","",Library Aliquot,No,"","",Library Aliquot,Aliquot QC - GEX,""
PD-AZBDKR49,reads_mapped_confidently_to_intronic_regions,Library Aliquot GEX QC Reads Mapped Confidently to Intronic Regions,GEX library aliquot: Number of reads mapped confidently to intronic regions.,numeric,float,"","","","",Library Aliquot,No,"","",Library Aliquot,Aliquot QC - GEX,""
PD-VNCUWD35,reads_mapped_confidently_to_transcriptome,Library Aliquot GEX QC Reads Mapped Confidently to Transcriptome,GEX library aliquot: Number of reads mapped confidently to the transcriptome.,numeric,float,"","","","",Library Aliquot,No,"","",Library Aliquot,Aliquot QC - GEX,""
PD-BAFJKR49,estimated_cells,Library Aliquot GEX QC Estimated Cells,GEX library aliquot: Estimated number of cells from STARsolo using the Emptydops_CR parameter (above background).  These cells are used for all cell-level metrics.,numeric,float,"",2000,20000,"",Library Aliquot,No,"","",Library Aliquot,Aliquot QC - GEX,""
PD-KZZBKR49,umis_in_cells,Library Aliquot GEX QC umis in Cells,GEX library aliquot: Total number of unique molecular identifiers (UMIs) in cells.,numeric,float,"","","","",Library Aliquot,No,"","",Library Aliquot,Aliquot QC - GEX,""
PD-CUEJDK42,mean_umi_per_cell,Library Aliquot GEX QC Mean umi Per Cell,GEX library aliquot: Average number of UMIs per cell.,numeric,float,"","","","",Library Aliquot,No,"","",Library Aliquot,Aliquot QC - GEX,""
PD-UHGKDK42,median_umi_per_cell,Library Aliquot GEX QC Median umi Per Cell,GEX library aliquot: Median number of UMIs per cell.,numeric,float,"","","","",Library Aliquot,No,"","",Library Aliquot,Aliquot QC - GEX,""
PD-NAJYWD35,unique_reads_in_cells_mapped_to_gene,Library Aliquot GEX QC Unique Reads in Cells Mapped to Gene,GEX library aliquot: Number of unique reads in cells mapped to genes.,numeric,float,"","","","",Library Aliquot,No,"","",Library Aliquot,Aliquot QC - GEX,""
PD-FKOVKR49,fraction_of_unique_reads_in_cells,Library Aliquot GEX QC Fraction of Unique Reads in Cells,GEX library aliquot: Fraction of unique reads in cells.,numeric,float,"",0.5,0.75,"",Library Aliquot,No,"","",Library Aliquot,Aliquot QC - GEX,""
PD-CFCFKE54,mean_reads_per_cell,Library Aliquot GEX QC Mean Reads per Cell,GEX library aliquot: Average number of reads per cell.,numeric,float,"",50000,"","",Library Aliquot,No,"","",Library Aliquot,Aliquot QC - GEX,""
PD-HUBYDK42,median_reads_per_cell,Library Aliquot GEX QC Median Reads per Cell,GEX library aliquot: Median number of reads per cell.,numeric,float,"","","","",Library Aliquot,No,"","",Library Aliquot,Aliquot QC - GEX,""
PD-UBKEDK42,mean_gene_per_cell,Library Aliquot GEX QC Mean Gene per Cell,GEX library aliquot: Average number of genes per cell.,numeric,float,"","","","",Library Aliquot,No,"","",Library Aliquot,Aliquot QC - GEX,""
PD-DUYGDK42,median_gene_per_cell,Library Aliquot GEX QC Median Gene per Cell,GEX library aliquot: Median number of genes per cell.,numeric,float,"",3000,"","",Library Aliquot,No,"","",Library Aliquot,Aliquot QC - GEX,""
PD-CVBMKV34,total_genes_unique_detected,Library Aliquot GEX QC Total Genes Unique Detected,GEX library aliquot: Total number of unique genes detected.,numeric,float,"","","","",Library Aliquot,No,"","",Library Aliquot,Aliquot QC - GEX,""
PD-CRLRSK50,percent_target,Library Aliquot GEX QC Percent Target,GEX library aliquot: Percentage of target cells. Calculated as: estimated_number_of_cells / barcoded_cell_sample_number_of_expected_cells,numeric,float,"",0.5,1.5,"",Library Aliquot,No,"","",Library Aliquot,Aliquot QC - GEX,""
PD-QOQNKR49,percent_intronic_reads,Library Aliquot GEX QC Percent Intronic Reads,GEX library aliquot: Percentage of intronic reads. Calculated as: reads_mapped_confidently_to_intronic_regions / number_of_reads,numeric,float,"","","","",Library Aliquot,No,"","",Library Aliquot,Aliquot QC - GEX,""
PD-BBQHDK42,keeper_mean_reads_per_cell,Library Aliquot GEX QC Keeper Mean Reads per Cell,"GEX library aliquot: Mean reads per cell for cells with >1500 genes or nuclei with >1000 genes, and doublet_score < 0.3.",numeric,float,"",50000,"","",Library Aliquot,No,"","",Library Aliquot,Aliquot QC - GEX,""
PD-BPHBKR49,keeper_median_genes,Library Aliquot GEX QC Keeper Median Genes,"GEX library aliquot: Median genes per cell for cells with >1500 genes or nuclei with >1000 genes, and doublet_score < 0.3.",numeric,float,"",3000,"","",Library Aliquot,No,"","",Library Aliquot,Aliquot QC - GEX,""
PD-OZZBKR49,keeper_cells,Library Aliquot GEX QC Keeper Cells,"GEX library aliquot: Number of cells with >1500 genes or nuclei with >1000 genes, and doublet score < 0.3.",numeric,float,"",2000,"","",Library Aliquot,No,"","",Library Aliquot,Aliquot QC - GEX,""
PD-ALYAYJ48,percent_keeper,Library Aliquot GEX QC Percent Keeper,GEX library aliquot: Percentage of keeper cells. Calculated as: keeper_cells / estimated_cells,numeric,float,"",0.5,0.75,"",Library Aliquot,No,"","",Library Aliquot,Aliquot QC - GEX,""
PD-JKHJWD35,percent_usable,Library Aliquot GEX QC Percent Usable,GEX library aliquot: Percentage of usable cells. Calculated as: keeper_cells / barcoded_cell_sample_number_of_expected_cells,numeric,float,"",0.5,0.75,"",Library Aliquot,No,"","",Library Aliquot,Aliquot QC - GEX,""
PD-VMHEXK45,frac_tso,Library Aliquot GEX QC Frac TSO,GEX library aliquot: Fraction of reads containing TSO sequence. Calculated as the number of reads that have 20 bp or more of TSO Sequence clipped from 5' end/ total number of reads.,numeric,float,"","",0.3,"",Library Aliquot,No,"","",Library Aliquot,Aliquot QC - GEX,""
PD-BKOZKR49,percent_doublets,Library Aliquot GEX QC Percent Doublets,GEX library aliquot: Percentage of cells flagged as doublets based on doublet scores calculated from a modified DoubletFinder algorithm.,numeric,float,"","",0.3,"",Library Aliquot,No,"","",Library Aliquot,Aliquot QC - GEX,""
PD-BARBKR49,sequenced_reads,Library Aliquot ATAC QC Sequenced Reads,"ATAC library aliquot: The total number of reads generated from the sequencing process, which includes both reads that are mapped and unmapped.",numeric,float,"","","","",Library Aliquot,No,"","",Library Aliquot,Aliquot QC - ATAC,""
PD-MXZPKR49,sequenced_read_pairs,Library Aliquot ATAC QC Sequenced Read Pairs,ATAC library aliquot: The total number of read pairs (two reads per pair) generated from the sequencing process. This is typically half of the total sequenced reads if all reads are paired.,numeric,float,"","","","",Library Aliquot,No,"","",Library Aliquot,Aliquot QC - ATAC,""
PD-ALNUWD35,fraction_valid_barcode,Library Aliquot ATAC QC Fraction Valid Barcode,"ATAC library aliquot: The fraction of reads that contain a valid barcode, indicating the proportion of reads that are correctly assigned to a specific cell or sample.",numeric,float,"","","","",Library Aliquot,No,"","",Library Aliquot,Aliquot QC - ATAC,""
PD-XBKJQI22,fraction_q30_bases_in_read_1,Library Aliquot ATAC QC Fraction Q30 Bases in Read 1,"ATAC library aliquot: The proportion of bases in Read 1 that have a Phred quality score of 30 or higher, indicating high-confidence base calls.",numeric,float,"","","","",Library Aliquot,No,"","",Library Aliquot,Aliquot QC - ATAC,""
PD-COKNJB23,fraction_q30_bases_in_read_2,Library Aliquot ATAC QC Fraction Q30 Bases in Read 2,"ATAC library aliquot: The proportion of bases in Read 2 that have a Phred quality score of 30 or higher, indicating high-confidence base calls.",numeric,float,"","","","",Library Aliquot,No,"","",Library Aliquot,Aliquot QC - ATAC,""
PD-IIBOKR49,number_of_cells,Library Aliquot ATAC QC Number of Cells,"ATAC library aliquot: The estimated number of cells captured and sequenced in the experiment, based on the barcodes identified.  These cells are used for all cell-level metrics.",numeric,float,"",2000,2000,"",Library Aliquot,No,"","",Library Aliquot,Aliquot QC - ATAC,""
PD-SUHQDK42,mean_raw_read_pairs_per_cell,Library Aliquot ATAC QC Mean Raw Read Pairs per Cell,"ATAC library aliquot: The average number of raw read pairs associated with each cell, providing an indication of the sequencing depth per cell.",numeric,float,"",50000,"","",Library Aliquot,No,"","",Library Aliquot,Aliquot QC - ATAC,""
PD-XGFUDK42,median_high-quality_fragments_per_cell,Library Aliquot ATAC QC Median High-Quality Fragments per Cell,"ATAC library aliquot: The median number of high-quality (e.g., confidently mapped) fragments associated with each cell, representing typical fragment quality across cells.",numeric,float,"","","","",Library Aliquot,No,"","",Library Aliquot,Aliquot QC - ATAC,""
PD-DEBIKR49,fraction of high-quality fragments in cells,Library Aliquot ATAC QC Fraction of High-Quality Fragments in Cells,"ATAC library aliquot: The fraction of high-quality fragments that are associated with identified cells, indicating the proportion of good-quality data that is cell-associated.",numeric,float,"",0.5,"","",Library Aliquot,No,"","",Library Aliquot,Aliquot QC - ATAC,""
PD-LKXHKR49,fraction_of_transposition_events_in_peaks_in_cells,Library Aliquot ATAC QC Fraction of Transposition Events in Peaks in Cells,"ATAC library aliquot: The fraction of transposition events within identified cells that occur within peaks, which are regions of accessible chromatin.",numeric,float,"","","","",Library Aliquot,No,"","",Library Aliquot,Aliquot QC - ATAC,""
PD-ZXZCKR49,fraction_duplicates,Library Aliquot ATAC QC Fraction Duplicates,"ATAC library aliquot: The fraction of sequenced fragments that are duplicates, which can result from PCR amplification or other factors, indicating the redundancy in the sequencing data.",numeric,float,"",0.55,"","",Library Aliquot,No,"","",Library Aliquot,Aliquot QC - ATAC,""
PD-WVGUKV34,fraction_confidently_mapped,Library Aliquot ATAC QC Fraction Confidently Mapped,"ATAC library aliquot: The fraction of sequenced fragments that are confidently mapped to the reference genome, indicating the proportion of reads that align well to the genome.",numeric,float,"","","","",Library Aliquot,No,"","",Library Aliquot,Aliquot QC - ATAC,""
PD-IKJZKV34,fraction_unmapped,Library Aliquot ATAC QC Fraction Unmapped,"ATAC library aliquot: 	The fraction of sequenced fragments that could not be mapped to the reference genome, which can indicate sequencing errors, contamination, or regions not covered by the reference.",numeric,float,"","","","",Library Aliquot,No,"","",Library Aliquot,Aliquot QC - ATAC,""
PD-QYMYYJ48,fraction_nonnuclear,Library Aliquot ATAC QC Fraction Nonnuclear,"ATAC library aliquot: The fraction of sequenced fragments that are mapped to non-nuclear (e.g., mitochondrial or other organellar) DNA, providing insight into contamination or organellar activity.",numeric,float,"","","","",Library Aliquot,No,"","",Library Aliquot,Aliquot QC - ATAC,""
PD-GFXJEW44,fraction_fragment_in_nucleosome_free_region,Library Aliquot ATAC QC Fraction Fragment in Nucleosome Free Region,"ATAC library aliquot: The fraction of sequenced fragments that map to nucleosome-free regions, which are indicative of accessible chromatin.",numeric,float,"","","","",Library Aliquot,No,"","",Library Aliquot,Aliquot QC - ATAC,""
PD-XBWTWD35,fraction_fragment_flanking_single_nucleosome,Library Aliquot ATAC QC Fraction Fragment Flanking Single Nucleosome,"ATAC library aliquot: The fraction of sequenced fragments that map to regions flanking single nucleosomes, indicating regions with partial chromatin accessibility.",numeric,float,"","","","",Library Aliquot,No,"","",Library Aliquot,Aliquot QC - ATAC,""
PD-NCRKWD35,tss_enrichment_score,Library Aliquot ATAC QC Tss Enrichment Score,"ATAC library aliquot: A measure of the enrichment of transposition events at transcription start sites (TSS), indicating the accessibility of promoters across the genome.",numeric,float,"",4,"","",Library Aliquot,No,"","",Library Aliquot,Aliquot QC - ATAC,""
PD-FLOIKR49,fraction_of_high-quality_fragments_overlapping_tss,Library Aliquot ATAC QC Fraction of High-Quality Fragments Overlapping Tss,"ATAC library aliquot: The fraction of high-quality fragments that overlap transcription start sites (TSS), providing insight into promoter accessibility.",numeric,float,"","","","",Library Aliquot,No,"","",Library Aliquot,Aliquot QC - ATAC,""
PD-XHBOKR49,number_of_peaks,Library Aliquot ATAC QC Number of Peaks,"ATAC library aliquot: The total number of peaks, or regions of accessible chromatin, identified in the dataset, representing potential regulatory elements.",numeric,float,"",100000,"","",Library Aliquot,No,"","",Library Aliquot,Aliquot QC - ATAC,""
PD-ZQNRKR49,fraction_of_genome_in_peaks,Library Aliquot ATAC QC Fraction of Genome in Peaks,"ATAC library aliquot: The fraction of the genome that is covered by identified peaks, indicating the extent of chromatin accessibility across the genome.",numeric,float,"","","","",Library Aliquot,No,"","",Library Aliquot,Aliquot QC - ATAC,""
PD-ZQOIKR49,fraction_of_high-quality_fragments_overlapping_peaks,Library Aliquot ATAC QC Fraction of High-Quality Fragments Overlapping Peaks,"ATAC library aliquot: The fraction of high-quality fragments that overlap with identified peaks, providing an indication of the efficiency of the assay in capturing accessible regions.",numeric,float,"",0.3,1.5,"",Library Aliquot,No,"","",Library Aliquot,Aliquot QC - ATAC,""
PD-RYRYSK50,atac_percent_target,Library Aliquot ATAC QC ATAC Percent Target,ATAC library aliquot: Percent of cells recovered; value is calculated as number_of_cells / barcoded_cell_sample_number_of_expected_cells,numeric,"","","","","",Library Aliquot,No,"","",Library Aliquot,Aliquot QC - ATAC,""
PD-VKVKCT43,tissue_sample_type,Tissue Sample Type,"The type of subdissection of a given piece of tissue between Slab and Section (eg block, slice-acute, slice-cultured). A tissue can have more than one type associated with it. For PatchSeq, this type is used to distinguish between Acute and Cultured tissue slices.",categorical,"","","","","",Tissue,Yes,"","",Tissue,Preparation,Block/#/BlockSlice-Acute/#/Slice-AcuteSlice-Cultured/#/Slice-Cultured
PD-MMBYNY46,tissue_structure_acronym,Tissue Structure Acronym,The code referring to a structure acronym in a brain atlas that the tissue was found to be associated with  ,categorical,"","","","","",Tissue,No,"","",Tissue,Anatomical/Biological Properties,tissue_structure_acronym_value_set.csv
PD-SHSGWQ40,cell_barcode_set,Barcoded Cell Barcode Set,Cell barcode set for 10xV4_OCM cell plexing method.  Required for alignment and allow for on chip multiplexing,categorical,"","","","","",Barcoded Cell Sample,Yes,"","",Barcoded Cell Sample,Preparation,OB1/#/OB1OB2/#/OB2OB3/#/OB3OB4/#/OB4E0001_012/#/E0001_012E0001_013/#/E0001_013E0002_001/#/E0002_001E0002_002/#/E0002_002E0002_004/#/E0002_004E0002_005/#/E0002_005E0002_007/#/E0002_007E0002_009/#/E0002_009E0001_012/#/E0001_012E0001_013/#/E0001_013E0002_001/#/E0002_001E0002_002/#/E0002_002E0002_004/#/E0002_004E0002_005/#/E0002_005E0002_007/#/E0002_007E0002_009/#/E0002_009AB001/#/AB001AB002/#/AB002AB003/#/AB003AB004/#/AB004AB005/#/AB005AB006/#/AB006AB007/#/AB007AB008/#/AB008AB009/#/AB009AB010/#/AB010AB011/#/AB011AB012/#/AB012AB013/#/AB013AB014/#/AB014AB015/#/AB015AB016/#/AB016BC001/#/BC001BC002/#/BC002BC003/#/BC003BC004/#/BC004BC005/#/BC005BC006/#/BC006BC007/#/BC007BC008/#/BC008BC009/#/BC009BC010/#/BC010BC011/#/BC011BC012/#/BC012BC013/#/BC013BC014/#/BC014BC015/#/BC015BC016/#/BC016
PD-OHOHXO32,library_aliquot_fastq_file_size_in_tb,Library Aliquot FASTQ File Size in TB,Library Aliquot FASTQ File Size in TB,numeric,"","","","","",Library Aliquot,Yes,"","",Library Aliquot,Sequencing Outcome,""
PD-LELEPG50,library_pool_sequencing_instrument,Library Pool Sequencing Instrument,Library Pool Sequencing Instrument,categorical,"","","","","",Library Pool,Yes,"","",Library Pool,Sequencing Outcome,NovaSeqX/#/NovaSeqXNextSeq2000/#/NextSeq2000
PD-UXUXCN35,library_pool_flowcell_type,Library Pool Flowcell Type,Library Pool Flowcell Type,categorical,"","","","","",Library Pool,Yes,"","",Library Pool,Sequencing Outcome,10B_100cycle/#/10B_100cycle10B_200cycle/#/10B_200cycle10B_300cycle/#/10B_300cycle25B_100cycle/#/25B_100cycle25B_200cycle/#/25B_200cycle25B_300cycle/#/25B_300cycleP2-100/#/P2-100
PD-GXGXFB34,library_pool_fastq_submission_id,Library Pool FASTQ Submission ID,Library Pool FASTQ Submission ID,text,"","","","","",Library Pool,Yes,"","",Library Pool,Sequencing Outcome,""
PD-LJEAUS44,gsr_controlled_access,Genomic Summary Results (GSR) Controlled Access,"",categorical,"","","","","",Donor,Yes,"","",General Subject Fields,General Subject Fields,True/#/TrueFalse/#/False
"",ic_form,IC Form,"","","","","","","","","","","","","",""
PD-LULUZK32,ic_form_local_name,IC Form Local Name,"",text,"","","","","",IC Form,No,"","a220b50e-7691-4385-ba35-90ce760be3c3,",IC Form,Identification,""
PD-BKBKJG32,ic_form_effective_date,IC Form Effective Date,"",date,"","","","","",IC Form,No,"",6c0696fc-e6ec-45d2-9440-e61463228936,IC Form,Administrative,""
PD-CWQCRN46,ic_form_project_identifier,The Database ID of the Project the IC Form is Associated With,"",text,"","","","","",IC Form,No,"",abd4e1df-9c8e-4560-9077-ace8358b26de,IC Form,Ownership,""
PD-QJQJVG28,cohort_tag,Cohort Tag,"",text,"","","","","",IC Form,No,"",783ec297-f361-4a23-b78d-801bdb1e3fd3,IC Form,Administrative,""
PD-XRXRTM41,donor_ic_forms,Donor IC Forms,Donor IC Forms,text,"","","","","",Donor,Yes,"","",General Subject Fields,General Subject Fields,""
PD-HEHEQB42,donor_project,Donor Project,Donor Project,categorical,"","","","","",Donor,No,"","",General Subject Fields,General Subject Fields,U24MH130988/#/U24MH130988U24MH130919/#/U24MH130919U24MH130968/#/U24MH130968U24MH130918/#/U24MH130918UM1MH130966/#/UM1MH130966UM1MH130981/#/UM1MH130981UM1MH130991/#/UM1MH130991UM1MH130994/#/UM1MH130994U01MH130907/#/U01MH130907U01MH130962/#/U01MH130962U01MH130995/#/U01MH130995BICAN-NBB/#/BICAN-NBBNEUROPATH/#/NEUROPATHU19MH114830/#/U19MH114830R01MH134800/#/R01MH134800R01MH134799/#/R01MH134799R01MH134809/#/R01MH134809R01MH134833/#/R01MH134833RF1MH128840/#/RF1MH128840
PD-FGFGYJ57,slab_project,Slab Project,Slab Project,categorical,"","","","","",Slab,No,"","",Slab,Ownership,U24MH130988/#/U24MH130988U24MH130919/#/U24MH130919U24MH130968/#/U24MH130968U24MH130918/#/U24MH130918UM1MH130966/#/UM1MH130966UM1MH130981/#/UM1MH130981UM1MH130991/#/UM1MH130991UM1MH130994/#/UM1MH130994U01MH130907/#/U01MH130907U01MH130962/#/U01MH130962U01MH130995/#/U01MH130995BICAN-NBB/#/BICAN-NBBNEUROPATH/#/NEUROPATHU19MH114830/#/U19MH114830R01MH134800/#/R01MH134800R01MH134799/#/R01MH134799R01MH134809/#/R01MH134809R01MH134833/#/R01MH134833RF1MH128840/#/RF1MH128840
PD-VXVXKM58,tissue_project,Tissue Project,Tissue Project,categorical,"","","","","",Tissue,No,"","",Tissue,Ownership,U24MH130988/#/U24MH130988U24MH130919/#/U24MH130919U24MH130968/#/U24MH130968U24MH130918/#/U24MH130918UM1MH130966/#/UM1MH130966UM1MH130981/#/UM1MH130981UM1MH130991/#/UM1MH130991UM1MH130994/#/UM1MH130994U01MH130907/#/U01MH130907U01MH130962/#/U01MH130962U01MH130995/#/U01MH130995BICAN-NBB/#/BICAN-NBBNEUROPATH/#/NEUROPATHU19MH114830/#/U19MH114830R01MH134800/#/R01MH134800R01MH134799/#/R01MH134799R01MH134809/#/R01MH134809R01MH134833/#/R01MH134833RF1MH128840/#/RF1MH128840
PD-JHJHYJ57,section_project,Section Project,Section Project,categorical,"","","","","",Section,No,"","",Section,Ownership,U24MH130988/#/U24MH130988U24MH130919/#/U24MH130919U24MH130968/#/U24MH130968U24MH130918/#/U24MH130918UM1MH130966/#/UM1MH130966UM1MH130981/#/UM1MH130981UM1MH130991/#/UM1MH130991UM1MH130994/#/UM1MH130994U01MH130907/#/U01MH130907U01MH130962/#/U01MH130962U01MH130995/#/U01MH130995BICAN-NBB/#/BICAN-NBBNEUROPATH/#/NEUROPATHU19MH114830/#/U19MH114830R01MH134800/#/R01MH134800R01MH134799/#/R01MH134799R01MH134809/#/R01MH134809R01MH134833/#/R01MH134833RF1MH128840/#/RF1MH128840
PD-BIBIQB42,dissociated_cell_sample_project,Dissociated Cell Sample Project,Dissociated Cell Sample Project,categorical,"","","","","",Dissociated Cell Sample,No,"","",Dissociated Cell Sample,Ownership,U24MH130988/#/U24MH130988U24MH130919/#/U24MH130919U24MH130968/#/U24MH130968U24MH130918/#/U24MH130918UM1MH130966/#/UM1MH130966UM1MH130981/#/UM1MH130981UM1MH130991/#/UM1MH130991UM1MH130994/#/UM1MH130994U01MH130907/#/U01MH130907U01MH130962/#/U01MH130962U01MH130995/#/U01MH130995BICAN-NBB/#/BICAN-NBBNEUROPATH/#/NEUROPATHU19MH114830/#/U19MH114830R01MH134800/#/R01MH134800R01MH134799/#/R01MH134799R01MH134809/#/R01MH134809R01MH134833/#/R01MH134833RF1MH128840/#/RF1MH128840
PD-GIGICT43,enriched_cell_sample_project,Enriched Cell Sample Project,Enriched Cell Sample Project,categorical,"","","","","",Enriched Cell Sample,No,"","",Enriched Cell Sample,Ownership,U24MH130988/#/U24MH130988U24MH130919/#/U24MH130919U24MH130968/#/U24MH130968U24MH130918/#/U24MH130918UM1MH130966/#/UM1MH130966UM1MH130981/#/UM1MH130981UM1MH130991/#/UM1MH130991UM1MH130994/#/UM1MH130994U01MH130907/#/U01MH130907U01MH130962/#/U01MH130962U01MH130995/#/U01MH130995BICAN-NBB/#/BICAN-NBBNEUROPATH/#/NEUROPATHU19MH114830/#/U19MH114830R01MH134800/#/R01MH134800R01MH134799/#/R01MH134799R01MH134809/#/R01MH134809R01MH134833/#/R01MH134833RF1MH128840/#/RF1MH128840
PD-DZDZWQ40,barcoded_cell_sample_project,Barcoded Cell Sample Project,Barcoded Cell Sample Project,categorical,"","","","","",Barcoded Cell Sample,No,"","",Barcoded Cell Sample,Ownership,U24MH130988/#/U24MH130988U24MH130919/#/U24MH130919U24MH130968/#/U24MH130968U24MH130918/#/U24MH130918UM1MH130966/#/UM1MH130966UM1MH130981/#/UM1MH130981UM1MH130991/#/UM1MH130991UM1MH130994/#/UM1MH130994U01MH130907/#/U01MH130907U01MH130962/#/U01MH130962U01MH130995/#/U01MH130995BICAN-NBB/#/BICAN-NBBNEUROPATH/#/NEUROPATHU19MH114830/#/U19MH114830R01MH134800/#/R01MH134800R01MH134799/#/R01MH134799R01MH134809/#/R01MH134809R01MH134833/#/R01MH134833RF1MH128840/#/RF1MH128840
PD-GNGNEV39,amplified_cdna_project,Amplified cDNA Project,Amplified cDNA Project,categorical,"","","","","",Amplified cDNA,No,"","",Amplified cDNA,Ownership,U24MH130988/#/U24MH130988U24MH130919/#/U24MH130919U24MH130968/#/U24MH130968U24MH130918/#/U24MH130918UM1MH130966/#/UM1MH130966UM1MH130981/#/UM1MH130981UM1MH130991/#/UM1MH130991UM1MH130994/#/UM1MH130994U01MH130907/#/U01MH130907U01MH130962/#/U01MH130962U01MH130995/#/U01MH130995BICAN-NBB/#/BICAN-NBBNEUROPATH/#/NEUROPATHU19MH114830/#/U19MH114830R01MH134800/#/R01MH134800R01MH134799/#/R01MH134799R01MH134809/#/R01MH134809R01MH134833/#/R01MH134833RF1MH128840/#/RF1MH128840
PD-PMPMPG50,library_project,Library Project,Library Project,categorical,"","","","","",Library,No,"","",Library,Ownership,U24MH130988/#/U24MH130988U24MH130919/#/U24MH130919U24MH130968/#/U24MH130968U24MH130918/#/U24MH130918UM1MH130966/#/UM1MH130966UM1MH130981/#/UM1MH130981UM1MH130991/#/UM1MH130991UM1MH130994/#/UM1MH130994U01MH130907/#/U01MH130907U01MH130962/#/U01MH130962U01MH130995/#/U01MH130995BICAN-NBB/#/BICAN-NBBNEUROPATH/#/NEUROPATHU19MH114830/#/U19MH114830R01MH134800/#/R01MH134800R01MH134799/#/R01MH134799R01MH134809/#/R01MH134809R01MH134833/#/R01MH134833RF1MH128840/#/RF1MH128840
PD-JGJGPG50,library_aliquot_project,Library Aliquot Project,Library Aliquot Project,categorical,"","","","","",Library Aliquot,No,"","",Library Aliquot,Ownership,U24MH130988/#/U24MH130988U24MH130919/#/U24MH130919U24MH130968/#/U24MH130968U24MH130918/#/U24MH130918UM1MH130966/#/UM1MH130966UM1MH130981/#/UM1MH130981UM1MH130991/#/UM1MH130991UM1MH130994/#/UM1MH130994U01MH130907/#/U01MH130907U01MH130962/#/U01MH130962U01MH130995/#/U01MH130995BICAN-NBB/#/BICAN-NBBNEUROPATH/#/NEUROPATHU19MH114830/#/U19MH114830R01MH134800/#/R01MH134800R01MH134799/#/R01MH134799R01MH134809/#/R01MH134809R01MH134833/#/R01MH134833RF1MH128840/#/RF1MH128840
PD-MOMOLO49,library_pool_projects,Library Pool Projects,Library Pool Projects,categorical,"","","","","",Library Pool,No,"","",Library Pool,Ownership,U24MH130988/#/U24MH130988U24MH130919/#/U24MH130919U24MH130968/#/U24MH130968U24MH130918/#/U24MH130918UM1MH130966/#/UM1MH130966UM1MH130981/#/UM1MH130981UM1MH130991/#/UM1MH130991UM1MH130994/#/UM1MH130994U01MH130907/#/U01MH130907U01MH130962/#/U01MH130962U01MH130995/#/U01MH130995BICAN-NBB/#/BICAN-NBBNEUROPATH/#/NEUROPATHU19MH114830/#/U19MH114830R01MH134800/#/R01MH134800R01MH134799/#/R01MH134799R01MH134809/#/R01MH134809R01MH134833/#/R01MH134833RF1MH128840/#/RF1MH128840
PD-APAPRP41,donor_labs,Donor Labs,Donor Labs,categorical,"","","","","",Donor,Yes,"","",General Subject Fields,General Subject Fields,Broad/#/BroadPrinceton_Lein/#/Princeton_LeinUCLA_Bhaduri/#/UCLA_BhaduriSalk_Ecker/#/Salk_EckerHarvard_Arlotta/#/Harvard_ArlottaAIBS/#/AIBSUCLA_Luo/#/UCLA_LuoUCSF_Nowakowski/#/UCSF_NowakowskiHarvard_Zhuang/#/Harvard_ZhuangUTSW_Lai/#/UTSW_LaiUTSW_Konopka/#/UTSW_Konopka
PD-ISISWQ40,tissue_lab,Tissue Lab,Tissue Lab,categorical,"","","","","",Tissue,No,"","",Tissue,Ownership,Broad/#/BroadPrinceton_Lein/#/Princeton_LeinUCLA_Bhaduri/#/UCLA_BhaduriSalk_Ecker/#/Salk_EckerHarvard_Arlotta/#/Harvard_ArlottaAIBS/#/AIBSUCLA_Luo/#/UCLA_LuoUCSF_Nowakowski/#/UCSF_NowakowskiHarvard_Zhuang/#/Harvard_ZhuangUTSW_Lai/#/UTSW_LaiUTSW_Konopka/#/UTSW_Konopka
PD-OFOFEV39,section_lab,Section Lab,Section Lab,categorical,"","","","","",Section,No,"","",Section,Ownership,Broad/#/BroadPrinceton_Lein/#/Princeton_LeinUCLA_Bhaduri/#/UCLA_BhaduriSalk_Ecker/#/Salk_EckerHarvard_Arlotta/#/Harvard_ArlottaAIBS/#/AIBSUCLA_Luo/#/UCLA_LuoUCSF_Nowakowski/#/UCSF_NowakowskiHarvard_Zhuang/#/Harvard_ZhuangUTSW_Lai/#/UTSW_LaiUTSW_Konopka/#/UTSW_Konopka
PD-BGBGRC24,dissociated_cell_sample_lab,Dissociated Cell Sample Lab,Dissociated Cell Sample Lab,categorical,"","","","","",Dissociated Cell Sample,No,"","",Dissociated Cell Sample,Ownership,Broad/#/BroadPrinceton_Lein/#/Princeton_LeinUCLA_Bhaduri/#/UCLA_BhaduriSalk_Ecker/#/Salk_EckerHarvard_Arlotta/#/Harvard_ArlottaAIBS/#/AIBSUCLA_Luo/#/UCLA_LuoUCSF_Nowakowski/#/UCSF_NowakowskiHarvard_Zhuang/#/Harvard_ZhuangUTSW_Lai/#/UTSW_LaiUTSW_Konopka/#/UTSW_Konopka
PD-BGBGDF25,enriched_cell_sample_lab,Enriched Cell Sample Lab,Enriched Cell Sample Lab,categorical,"","","","","",Enriched Cell Sample,No,"","",Enriched Cell Sample,Ownership,Broad/#/BroadPrinceton_Lein/#/Princeton_LeinUCLA_Bhaduri/#/UCLA_BhaduriSalk_Ecker/#/Salk_EckerHarvard_Arlotta/#/Harvard_ArlottaAIBS/#/AIBSUCLA_Luo/#/UCLA_LuoUCSF_Nowakowski/#/UCSF_NowakowskiHarvard_Zhuang/#/Harvard_ZhuangUTSW_Lai/#/UTSW_LaiUTSW_Konopka/#/UTSW_Konopka
PD-WNWNYW22,barcoded_cell_sample_lab,Barcoded Cell Sample Lab,Barcoded Cell Sample Lab,categorical,"","","","","",Barcoded Cell Sample,No,"","",Barcoded Cell Sample,Ownership,Broad/#/BroadPrinceton_Lein/#/Princeton_LeinUCLA_Bhaduri/#/UCLA_BhaduriSalk_Ecker/#/Salk_EckerHarvard_Arlotta/#/Harvard_ArlottaAIBS/#/AIBSUCLA_Luo/#/UCLA_LuoUCSF_Nowakowski/#/UCSF_NowakowskiHarvard_Zhuang/#/Harvard_ZhuangUTSW_Lai/#/UTSW_LaiUTSW_Konopka/#/UTSW_Konopka
PD-ADADGX21,amplified_cdna_lab,Amplified cDNA Lab,Amplified cDNA Lab,categorical,"","","","","",Amplified cDNA,No,"","",Amplified cDNA,Ownership,Broad/#/BroadPrinceton_Lein/#/Princeton_LeinUCLA_Bhaduri/#/UCLA_BhaduriSalk_Ecker/#/Salk_EckerHarvard_Arlotta/#/Harvard_ArlottaAIBS/#/AIBSUCLA_Luo/#/UCLA_LuoUCSF_Nowakowski/#/UCSF_NowakowskiHarvard_Zhuang/#/Harvard_ZhuangUTSW_Lai/#/UTSW_LaiUTSW_Konopka/#/UTSW_Konopka
PD-HXHXRI32,library_lab,Library Lab,Library Lab,categorical,"","","","","",Library,No,"","",Library,Ownership,Broad/#/BroadPrinceton_Lein/#/Princeton_LeinUCLA_Bhaduri/#/UCLA_BhaduriSalk_Ecker/#/Salk_EckerHarvard_Arlotta/#/Harvard_ArlottaAIBS/#/AIBSUCLA_Luo/#/UCLA_LuoUCSF_Nowakowski/#/UCSF_NowakowskiHarvard_Zhuang/#/Harvard_ZhuangUTSW_Lai/#/UTSW_LaiUTSW_Konopka/#/UTSW_Konopka
PD-GHGHRI32,library_aliquot_lab,Library Aliquot Lab,Library Aliquot Lab,categorical,"","","","","",Library Aliquot,No,"","",Library Aliquot,Ownership,Broad/#/BroadPrinceton_Lein/#/Princeton_LeinUCLA_Bhaduri/#/UCLA_BhaduriSalk_Ecker/#/Salk_EckerHarvard_Arlotta/#/Harvard_ArlottaAIBS/#/AIBSUCLA_Luo/#/UCLA_LuoUCSF_Nowakowski/#/UCSF_NowakowskiHarvard_Zhuang/#/Harvard_ZhuangUTSW_Lai/#/UTSW_LaiUTSW_Konopka/#/UTSW_Konopka
PD-XOXOLO49,library_pool_labs,Library Pool Labs,Library Pool Labs,categorical,"","","","","",Library Pool,No,"","",Library Pool,Ownership,Broad/#/BroadPrinceton_Lein/#/Princeton_LeinUCLA_Bhaduri/#/UCLA_BhaduriSalk_Ecker/#/Salk_EckerHarvard_Arlotta/#/Harvard_ArlottaAIBS/#/AIBSUCLA_Luo/#/UCLA_LuoUCSF_Nowakowski/#/UCSF_NowakowskiHarvard_Zhuang/#/Harvard_ZhuangUTSW_Lai/#/UTSW_LaiUTSW_Konopka/#/UTSW_Konopka
PD-RPKJLO49,alignment_qc_status,Alignment QC Status,Library Aliquot Alignment QC Status,categorical,"","","","","",Library Aliquot,Yes,"","",Library Aliquot,Sequencing Outcome,Available/#/AvailableNot Available/#/Not Available
PD-EYEYPI37,nemo_pool_bucket,Nemo Pool Bucket,Nemo Pool Bucket,text,"","","","","",Library Pool,Yes,"","",Library Pool,Sequencing Outcome,""
PD-DADALW44,nemo_aliquot_fastq_public_url,NeMO Aliquot Fastq Public URL,NeMO Aliquot Fastq Public URL,text,"","","","","",Library Aliquot,Yes,"","",Library Aliquot,Sequencing Outcome,""
PD-FWFWLW44,nemo_aliquot_fastq_gcp_url,NeMO Aliquot Fastq GCP URL,NeMO Aliquot Fastq GCP URL,text,"","","","","",Library Aliquot,Yes,"","",Library Aliquot,Sequencing Outcome,""
PD-RSRSYY31,ic_form_nhash_id,IC form NHash ID,"",text,"","","","","",IC Form,No,"","",IC Form,Identification,""
PD-RERQEV39,bcs_number_of_reads,Barcoded Cell Sample QC Number of Reads,GEX barcoded cell sample: total number of reads for alignment,numeric,float,"","","","",Barcoded Cell Sample,Yes,"","",Barcoded Cell Sample,Barcoded Cell Sample QC - GEX,""
PD-VOZIKV34,bcs_sequencing_saturation,Barcoded Cell Sample QC Sequencing Saturation,GEX barcoded cell sample: Proportion of unique molecular identifiers (UMIs) observed relative to the total number of possible UMIs.,numeric,float,"",0.55,"","",Barcoded Cell Sample,Yes,"","",Barcoded Cell Sample,Barcoded Cell Sample QC - GEX,""
PD-ZOHNQH25,bcs_fraction_of_unique_reads_mapped_to_genome,Barcoded Cell Sample QC Fraction of Unique Reads Mapped to Genome,GEX barcoded cell sample: Fraction of unique reads that map to the genome,numeric,float,"","","","",Barcoded Cell Sample,Yes,"","",Barcoded Cell Sample,Barcoded Cell Sample QC - GEX,""
PD-SHHNQH25,bcs_fraction_of_unique_and_multiple_reads_mapped_to_genome,Barcoded Cell Sample QC Fraction of Unique and Multiple Reads Mapped to Genome,GEX barcoded cell sample: Fraction of both unique and multiple reads that map to the genome.,numeric,float,"","","","",Barcoded Cell Sample,Yes,"","",Barcoded Cell Sample,Barcoded Cell Sample QC - GEX,""
PD-CLMVIP21,bcs_fraction_of_reads_with_Q30_bases_in_rna,Barcoded Cell Sample QC Fraction of Reads with Q30 Bases in RNA,GEX barcoded cell sample: fraction of reads with Q30 bases in RNA,numeric,float,"","","","",Barcoded Cell Sample,Yes,"","",Barcoded Cell Sample,Barcoded Cell Sample QC - GEX,""
PD-VLIUXP29,bcs_fraction_of_reads_with_Q30_bases_in_cb_and_umi,Barcoded Cell Sample QC Fraction of Reads with Q30 Bases in cb And umi,GEX barcoded cell sample: Fraction of reads with base quality score  Q30 in cell barcode (CB) and unique molecular identifier (UMI).,numeric,float,"","","","",Barcoded Cell Sample,Yes,"","",Barcoded Cell Sample,Barcoded Cell Sample QC - GEX,""
PD-ENINEV39,bcs_fraction_of_reads_with_valid_barcodes,Barcoded Cell Sample QC Fraction of Reads with Valid Barcodes,GEX barcoded cell sample: Fraction of reads with valid cell barcodes.,numeric,float,"","","","",Barcoded Cell Sample,Yes,"","",Barcoded Cell Sample,Barcoded Cell Sample QC - GEX,""
PD-FDLZQH25,bcs_reads_mapped_antisense_to_gene,Barcoded Cell Sample QC Reads Mapped Antisense to Gene,GEX barcoded cell sample: Number of reads mapped antisense to gene regions.,numeric,float,"","","","",Barcoded Cell Sample,Yes,"","",Barcoded Cell Sample,Barcoded Cell Sample QC - GEX,""
PD-IVAPJB23,bcs_reads_mapped_confidently_exonic,Barcoded Cell Sample QC Reads Mapped Confidently Exonic,GEX barcoded cell sample: Number of reads mapped confidently to exonic regions.,numeric,float,"","","","",Barcoded Cell Sample,Yes,"","",Barcoded Cell Sample,Barcoded Cell Sample QC - GEX,""
PD-SNLZQH25,bcs_reads_mapped_confidently_to_genome,Barcoded Cell Sample QC Reads Mapped Confidently to Genome,GEX barcoded cell sample: Number of reads mapped confidently to the genome.,numeric,float,"","","","",Barcoded Cell Sample,Yes,"","",Barcoded Cell Sample,Barcoded Cell Sample QC - GEX,""
PD-BAGYEV39,bcs_reads_mapped_confidently_to_intronic_regions,Barcoded Cell Sample QC Reads Mapped Confidently to Intronic Regions,GEX barcoded cell sample: Number of reads mapped confidently to intronic regions.,numeric,float,"","","","",Barcoded Cell Sample,Yes,"","",Barcoded Cell Sample,Barcoded Cell Sample QC - GEX,""
PD-NNPGSK50,bcs_reads_mapped_confidently_to_transcriptome,Barcoded Cell Sample QC Reads Mapped Confidently to Transcriptome,GEX barcoded cell sample: Number of reads mapped confidently to the transcriptome.,numeric,float,"","","","",Barcoded Cell Sample,Yes,"","",Barcoded Cell Sample,Barcoded Cell Sample QC - GEX,""
PD-GVQREV39,bcs_estimated_cells,Barcoded Cell Sample QC Estimated Cells,GEX barcoded cell sample: Estimated number of cells from STARsolo using the Emptydops_CR parameter (above background).  These cells are used for all cell-level metrics.,numeric,float,"",2000,20000,"",Barcoded Cell Sample,Yes,"","",Barcoded Cell Sample,Barcoded Cell Sample QC - GEX,""
PD-YYPREV39,bcs_umis_in_cells,Barcoded Cell Sample QC umis in Cells,GEX barcoded cell sample: Total number of unique molecular identifiers (UMIs) in cells.,numeric,float,"","","","",Barcoded Cell Sample,Yes,"","",Barcoded Cell Sample,Barcoded Cell Sample QC - GEX,""
PD-RRRRXO32,bcs_mean_umi_per_cell,Barcoded Cell Sample QC Mean umi Per Cell,GEX barcoded cell sample: Average number of UMIs per cell.,numeric,float,"","","","",Barcoded Cell Sample,Yes,"","",Barcoded Cell Sample,Barcoded Cell Sample QC - GEX,""
PD-KXIKXO32,bcs_median_umi_per_cell,Barcoded Cell Sample QC Median umi Per Cell,GEX barcoded cell sample: Median number of UMIs per cell.,numeric,float,"","","","",Barcoded Cell Sample,Yes,"","",Barcoded Cell Sample,Barcoded Cell Sample QC - GEX,""
PD-DCDQQH25,bcs_unique_reads_in_cells_mapped_to_gene,Barcoded Cell Sample QC Unique Reads in Cells Mapped to Gene,GEX barcoded cell sample: Number of unique reads in cells mapped to genes.,numeric,float,"","","","",Barcoded Cell Sample,Yes,"","",Barcoded Cell Sample,Barcoded Cell Sample QC - GEX,""
PD-VBQFEV39,bcs_fraction_of_unique_reads_in_cells,Barcoded Cell Sample QC Fraction of Unique Reads in Cells,GEX barcoded cell sample: Fraction of unique reads in cells.,numeric,float,"",0.5,0.75,"",Barcoded Cell Sample,Yes,"","",Barcoded Cell Sample,Barcoded Cell Sample QC - GEX,""
PD-YUFFLC46,bcs_mean_reads_per_cell,Barcoded Cell Sample QC Mean Reads per Cell,GEX barcoded cell sample: Average number of reads per cell.,numeric,float,"",50000,"","",Barcoded Cell Sample,Yes,"","",Barcoded Cell Sample,Barcoded Cell Sample QC - GEX,""
PD-GJKXXO32,bcs_median_reads_per_cell,Barcoded Cell Sample QC Median Reads per Cell,GEX barcoded cell sample: Median number of reads per cell.,numeric,float,"","","","",Barcoded Cell Sample,Yes,"","",Barcoded Cell Sample,Barcoded Cell Sample QC - GEX,""
PD-IKKRXO32,bcs_mean_gene_per_cell,Barcoded Cell Sample QC Mean Gene per Cell,GEX barcoded cell sample: Average number of genes per cell.,numeric,float,"","","","",Barcoded Cell Sample,Yes,"","",Barcoded Cell Sample,Barcoded Cell Sample QC - GEX,""
PD-KVXIXO32,bcs_median_gene_per_cell,Barcoded Cell Sample QC Median Gene per Cell,GEX barcoded cell sample: Median number of genes per cell.,numeric,float,"",3000,"","",Barcoded Cell Sample,Yes,"","",Barcoded Cell Sample,Barcoded Cell Sample QC - GEX,""
PD-RCJECP24,bcs_total_genes_unique_detected,Barcoded Cell Sample QC Total Genes Unique Detected,GEX barcoded cell sample: Total number of unique genes detected.,numeric,float,"","","","",Barcoded Cell Sample,Yes,"","",Barcoded Cell Sample,Barcoded Cell Sample QC - GEX,""
PD-BHRQWQ40,bcs_percent_target,Barcoded Cell Sample QC Percent Target,GEX barcoded cell sample: Percentage of target cells. Calculated as: estimated_number_of_cells / barcoded_cell_sample_number_of_expected_cells,numeric,float,"",0.5,1.5,"",Barcoded Cell Sample,Yes,"","",Barcoded Cell Sample,Barcoded Cell Sample QC - GEX,""
PD-VPFOEV39,bcs_percent_intronic_reads,Barcoded Cell Sample QC Percent Intronic Reads,GEX barcoded cell sample: Percentage of intronic reads. Calculated as: reads_mapped_confidently_to_intronic_regions / number_of_reads,numeric,float,"","","","",Barcoded Cell Sample,Yes,"","",Barcoded Cell Sample,Barcoded Cell Sample QC - GEX,""
PD-KXGJXO32,bcs_keeper_mean_reads_per_cell,Barcoded Cell Sample QC Keeper Mean Reads per Cell,"GEX barcoded cell sample: Mean reads per cell for cells with >1500 genes or nuclei with >1000 genes, and doublet_score < 0.3.",numeric,float,"",50000,"","",Barcoded Cell Sample,Yes,"","",Barcoded Cell Sample,Barcoded Cell Sample QC - GEX,""
PD-FOEPEV39,bcs_keeper_median_genes,Barcoded Cell Sample QC Keeper Median Genes,"GEX barcoded cell sample: Median genes per cell for cells with >1500 genes or nuclei with >1000 genes, and doublet_score < 0.3.",numeric,float,"",3000,"","",Barcoded Cell Sample,Yes,"","",Barcoded Cell Sample,Barcoded Cell Sample QC - GEX,""
PD-DODOGY64,bcs_keeper_cells,Barcoded Cell Sample QC Keeper Cells,"GEX barcoded cell sample: Number of cells with >1500 genes or nuclei with >1000 genes, and doublet score < 0.3.",numeric,float,"",2000,"","",Barcoded Cell Sample,Yes,"","",Barcoded Cell Sample,Barcoded Cell Sample QC - GEX,""
PD-OQPQQD38,bcs_percent_keeper,Barcoded Cell Sample QC Percent Keeper,GEX barcoded cell sample: Percentage of keeper cells. Calculated as: keeper_cells / estimated_cells,numeric,float,"",0.5,0.75,"",Barcoded Cell Sample,Yes,"","",Barcoded Cell Sample,Barcoded Cell Sample QC - GEX,""
PD-STMSQH25,bcs_percent_usable,Barcoded Cell Sample QC Percent Usable,GEX barcoded cell sample: Percentage of usable cells. Calculated as: keeper_cells / barcoded_cell_sample_number_of_expected_cells,numeric,float,"",0.5,0.75,"",Barcoded Cell Sample,Yes,"","",Barcoded Cell Sample,Barcoded Cell Sample QC - GEX,""
PD-JLLNWD35,bcs_frac_tso,Barcoded Cell Sample QC Frac TSO,GEX barcoded cell sample: Fraction of reads containing TSO sequence. Calculated as the number of reads that have 20 bp or more of TSO Sequence clipped from 5' end/ total number of reads.,numeric,float,"","",0.3,"",Barcoded Cell Sample,Yes,"","",Barcoded Cell Sample,Barcoded Cell Sample QC - GEX,""
PD-CRBQEV39,bcs_percent_doublets,Barcoded Cell Sample QC Percent Doublets,GEX barcoded cell sample: Percentage of cells flagged as doublets based on doublet scores calculated from a modified DoubletFinder algorithm.,numeric,float,"","",0.3,"",Barcoded Cell Sample,Yes,"","",Barcoded Cell Sample,Barcoded Cell Sample QC - GEX,""
PD-DHQREV39,bcs_sequenced_reads,Barcoded Cell Sample QC Sequenced Reads,"ATAC barcoded cell sample: The total number of reads generated from the sequencing process, which includes both reads that are mapped and unmapped.",numeric,float,"","","","",Barcoded Cell Sample,Yes,"","",Barcoded Cell Sample,Barcoded Cell Sample QC - ATAC,""
PD-VENEEV39,bcs_sequenced_read_pairs,Barcoded Cell Sample QC Sequenced Read Pairs,ATAC barcoded cell sample: The total number of read pairs (two reads per pair) generated from the sequencing process. This is typically half of the total sequenced reads if all reads are paired.,numeric,float,"","","","",Barcoded Cell Sample,Yes,"","",Barcoded Cell Sample,Barcoded Cell Sample QC - ATAC,""
PD-REHNQH25,bcs_fraction_valid_barcode,Barcoded Cell Sample QC Fraction Valid Barcode,"ATAC barcoded cell sample: The fraction of reads that contain a valid barcode, indicating the proportion of reads that are correctly assigned to a specific cell or sample.",numeric,float,"","","","",Barcoded Cell Sample,Yes,"","",Barcoded Cell Sample,Barcoded Cell Sample QC - ATAC,""
PD-PMEMUO12,bcs_fraction_q30_bases_in_read_1,Barcoded Cell Sample QC Fraction Q30 Bases in Read 1,"ATAC barcoded cell sample: The proportion of bases in Read 1 that have a Phred quality score of 30 or higher, indicating high-confidence base calls.",numeric,float,"","","","",Barcoded Cell Sample,Yes,"","",Barcoded Cell Sample,Barcoded Cell Sample QC - ATAC,""
PD-NONZPA13,bcs_fraction_q30_bases_in_read_2,Barcoded Cell Sample QC Fraction Q30 Bases in Read 2,"ATAC barcoded cell sample: The proportion of bases in Read 2 that have a Phred quality score of 30 or higher, indicating high-confidence base calls.",numeric,float,"","","","",Barcoded Cell Sample,Yes,"","",Barcoded Cell Sample,Barcoded Cell Sample QC - ATAC,""
PD-MTNKZQ60,bcs_number_of_cells,Barcoded Cell Sample QC Number of Cells,"ATAC barcoded cell sample: The estimated number of cells captured and sequenced in the experiment, based on the barcodes identified.  These cells are used for all cell-level metrics.",numeric,float,"",2000,2000,"",Barcoded Cell Sample,Yes,"","",Barcoded Cell Sample,Barcoded Cell Sample QC - ATAC,""
PD-TXGOXO32,bcs_mean_raw_read_pairs_per_cell,Barcoded Cell Sample QC Mean Raw Read Pairs per Cell,"ATAC barcoded cell sample: The average number of raw read pairs associated with each cell, providing an indication of the sequencing depth per cell.",numeric,float,"",50000,"","",Barcoded Cell Sample,Yes,"","",Barcoded Cell Sample,Barcoded Cell Sample QC - ATAC,""
PD-IKGRXO32,bcs_median_high-quality_fragments_per_cell,Barcoded Cell Sample QC Median High-Quality Fragments per Cell,"ATAC barcoded cell sample: The median number of high-quality (e.g., confidently mapped) fragments associated with each cell, representing typical fragment quality across cells.",numeric,float,"","","","",Barcoded Cell Sample,Yes,"","",Barcoded Cell Sample,Barcoded Cell Sample QC - ATAC,""
PD-FOGLEV39,bcs_fraction of high-quality fragments in cells,Barcoded Cell Sample QC Fraction of High-Quality Fragments in Cells,"ATAC barcoded cell sample: The fraction of high-quality fragments that are associated with identified cells, indicating the proportion of good-quality data that is cell-associated.",numeric,float,"",0.5,"","",Barcoded Cell Sample,Yes,"","",Barcoded Cell Sample,Barcoded Cell Sample QC - ATAC,""
PD-VAGVEV39,bcs_fraction_of_transposition_events_in_peaks_in_cells,Barcoded Cell Sample QC Fraction of Transposition Events in Peaks in Cells,"ATAC barcoded cell sample: The fraction of transposition events within identified cells that occur within peaks, which are regions of accessible chromatin.",numeric,float,"","","","",Barcoded Cell Sample,Yes,"","",Barcoded Cell Sample,Barcoded Cell Sample QC - ATAC,""
PD-GRNEEV39,bcs_fraction_duplicates,Barcoded Cell Sample QC Fraction Duplicates,"ATAC barcoded cell sample: The fraction of sequenced fragments that are duplicates, which can result from PCR amplification or other factors, indicating the redundancy in the sequencing data.",numeric,float,"",0.55,"","",Barcoded Cell Sample,Yes,"","",Barcoded Cell Sample,Barcoded Cell Sample QC - ATAC,""
PD-NNRGCP24,bcs_fraction_confidently_mapped,Barcoded Cell Sample QC Fraction Confidently Mapped,"ATAC barcoded cell sample: The fraction of sequenced fragments that are confidently mapped to the reference genome, indicating the proportion of reads that align well to the genome.",numeric,float,"","","","",Barcoded Cell Sample,Yes,"","",Barcoded Cell Sample,Barcoded Cell Sample QC - ATAC,""
PD-YARGCP24,bcs_fraction_unmapped,Barcoded Cell Sample QC Fraction Unmapped,"ATAC barcoded cell sample: 	The fraction of sequenced fragments that could not be mapped to the reference genome, which can indicate sequencing errors, contamination, or regions not covered by the reference.",numeric,float,"","","","",Barcoded Cell Sample,Yes,"","",Barcoded Cell Sample,Barcoded Cell Sample QC - ATAC,""
PD-XQNMQD38,bcs_fraction_nonnuclear,Barcoded Cell Sample QC Fraction Nonnuclear,"ATAC barcoded cell sample: The fraction of sequenced fragments that are mapped to non-nuclear (e.g., mitochondrial or other organellar) DNA, providing insight into contamination or organellar activity.",numeric,float,"","","","",Barcoded Cell Sample,Yes,"","",Barcoded Cell Sample,Barcoded Cell Sample QC - ATAC,""
PD-MZVBKV34,bcs_fraction_fragment_in_nucleosome_free_region,Barcoded Cell Sample QC Fraction Fragment in Nucleosome Free Region,"ATAC barcoded cell sample: The fraction of sequenced fragments that map to nucleosome-free regions, which are indicative of accessible chromatin.",numeric,float,"","","","",Barcoded Cell Sample,Yes,"","",Barcoded Cell Sample,Barcoded Cell Sample QC - ATAC,""
PD-MFHNQH25,bcs_fraction_fragment_flanking_single_nucleosome,Barcoded Cell Sample QC Fraction Fragment Flanking Single Nucleosome,"ATAC barcoded cell sample: The fraction of sequenced fragments that map to regions flanking single nucleosomes, indicating regions with partial chromatin accessibility.",numeric,float,"","","","",Barcoded Cell Sample,Yes,"","",Barcoded Cell Sample,Barcoded Cell Sample QC - ATAC,""
PD-RRQHQH25,bcs_tss_enrichment_score,Barcoded Cell Sample QC Tss Enrichment Score,"ATAC barcoded cell sample: A measure of the enrichment of transposition events at transcription start sites (TSS), indicating the accessibility of promoters across the genome.",numeric,float,"",4,"","",Barcoded Cell Sample,Yes,"","",Barcoded Cell Sample,Barcoded Cell Sample QC - ATAC,""
PD-CCGLEV39,bcs_fraction_of_high-quality_fragments_overlapping_tss,Barcoded Cell Sample QC Fraction of High-Quality Fragments Overlapping Tss,"ATAC barcoded cell sample: The fraction of high-quality fragments that overlap transcription start sites (TSS), providing insight into promoter accessibility.",numeric,float,"","","","",Barcoded Cell Sample,Yes,"","",Barcoded Cell Sample,Barcoded Cell Sample QC - ATAC,""
PD-MINXZQ60,bcs_number_of_peaks,Barcoded Cell Sample QC Number of Peaks,"ATAC barcoded cell sample: The total number of peaks, or regions of accessible chromatin, identified in the dataset, representing potential regulatory elements.",numeric,float,"",100000,"","",Barcoded Cell Sample,Yes,"","",Barcoded Cell Sample,Barcoded Cell Sample QC - ATAC,""
PD-TRRNEV39,bcs_fraction_of_genome_in_peaks,Barcoded Cell Sample QC Fraction of Genome in Peaks,"ATAC barcoded cell sample: The fraction of the genome that is covered by identified peaks, indicating the extent of chromatin accessibility across the genome.",numeric,float,"","","","",Barcoded Cell Sample,Yes,"","",Barcoded Cell Sample,Barcoded Cell Sample QC - ATAC,""
PD-FWDSFQ55,bcs_fraction_of_high-quality_fragments_overlapping_peaks,Barcoded Cell Sample QC Fraction of High-Quality Fragments Overlapping Peaks,"ATAC barcoded cell sample: The fraction of high-quality fragments that overlap with identified peaks, providing an indication of the efficiency of the assay in capturing accessible regions.",numeric,float,"",0.3,1.5,"",Barcoded Cell Sample,Yes,"","",Barcoded Cell Sample,Barcoded Cell Sample QC - ATAC,""
PD-PQQCWQ40,bcs_atac_percent_target,Barcoded Cell Sample QC ATAC Percent Target,ATAC barcoded cell sample: Percent of cells recovered; value is calculated as number_of_cells / barcoded_cell_sample_number_of_expected_cells,numeric,"","","","","",Barcoded Cell Sample,Yes,"","",Barcoded Cell Sample,Barcoded Cell Sample QC - ATAC,""
PD-LKCLRC24,bcs_alignment_job_id,Barcoded Cell Sample Alignment QC Job ID,Barcoded Cell Sample Alignment QC Job ID,text,"","","","","",Barcoded Cell Sample,Yes,"","",Barcoded Cell Sample,Sequencing Outcome,""
PD-MVIZFB34,aliquot_alignment_job_id,Library Aliquot Alignment QC Job ID,Library Aliquot Alignment QC Job ID,text,"","","","","",Library Aliquot,Yes,"","",Library Aliquot,Sequencing Outcome,""
PD-RDRDTM41,donor_ic_cohort_tags,Donor IC Cohort Tags,Donor IC Cohort Tags,text,"","","","","",Donor,Yes,"","",General Subject Fields,General Subject Fields,""
PD-TGTGRP41,roi_type,ROI Type,ROI Type,categorical,"","","","","",ROI,No,"","",ROI,ROI details,Atlas Pin/#/Atlas PinSlab Pin/#/Slab PinUnknown Mapping/#/Unknown MappingSpecimen Request ROI/#/Specimen Request ROISpecimen Dissected ROI/#/Specimen Dissected ROI
PD-HHHHTM41,roi_atlas_structure,ROI Atlas Structure,ROI Atlas Structure,text,"","","","","",ROI,Yes,"","",ROI,ROI details,""
PD-FYUCNY46,death_causes_data_available,Cause Of Death Data Availability,NIMP indicator for availability of the cause of death,categorical,"","","","","",Donor,Yes,"","",General Subject Fields,General Subject Fields,1/#/Yes2/#/No
PD-JRJCAR61,rins_data_available,Rin Data Availability,NIMP indicator for availability of RNA Integrity Number,categorical,"","","","","",Donor,Yes,"","",General Subject Fields,General Subject Fields,1/#/Yes2/#/No
PD-CJRWAR61,rines_data_available,Rine Data Availability,NIMP indicator for availability of RNA Integrity Number equivalent,categorical,"","","","","",Donor,Yes,"","",General Subject Fields,General Subject Fields,1/#/Yes2/#/No
PD-CERQGG39,hbcac_process_notes,Notes Related To Hbcac Processing,Notes related to HBCAC processing,text,"","","","","",Donor,Yes,"","",General Subject Fields,General Subject Fields,""
PD-JSFGYJ57,non_brain_specimen_data_available,Non-Brain Specimen Data Availability,NIMP indicator for availability of non-brain Specimen data,categorical,"","","","","",Donor,Yes,"","",General Specimen Data,General Specimen Data,1/#/Yes2/#/No
PD-SLCHJH85,neurologic_events_data_available,Neurologic Events Data Availability,NIMP indicator for availability of perinatal neurologic events data,categorical,"","","","","",Donor,Yes,"","",General Specimen Data,General Specimen Data,1/#/Yes2/#/No
PD-LOOALO49,family_history_records_data_available,Family History Records Availability,NIMP indicator for availability of family history records,categorical,"","","","","",Donor,Yes,"","",General Specimen Data,General Specimen Data,1/#/Yes2/#/No
PD-AATACA52,infectious_testings_data_available,Infectious Testing Data Availability,NIMP indicator for availability of infectious Disease/Serology testing data,categorical,"","","","","",Donor,Yes,"","",General Specimen Data,General Specimen Data,1/#/Yes2/#/No
PD-LELMNL63,tox_screening_data_available,Toxicology Screening Data Availability,NIMP indicator for availability of toxicology screening data,categorical,"","","","","",Donor,Yes,"","",General Specimen Data,General Specimen Data,1/#/Yes2/#/No
PD-JXZWYJ57,nn_diagnoses_data_available,Neurologic And/Or Neuropathologic Diagnoses Data Availability,NIMP indicator for availability of non-neuropathological diagnoses data,categorical,"","","","","",Donor,Yes,"","",General Specimen Data,General Specimen Data,1/#/Yes2/#/No
PD-FPLDBU49,neuropathology_diagnosis_label,Label Of Neuropathologic Diagnosis,The label of the neuropathologic diagnosis,text,"","","","","",Donor,Yes,"","",Neuropathological Diagnoses,Neuropathological Diagnoses,""
PD-ACACHB51,slab_brain_subdivision,Slab Brain Subdivision,The subdivision of the brain the slab belongs to,categorical,"","","","","",Slab,Yes,"","",Slab,Anatomical/Biological Properties,cerebrum/#/cerebrumcerebellum/#/cerebellumbrainstem/#/brainstemspinal cord/#/spinal cordcerebellum + brainstem/#/cerebellum + brainstemwhole brain/#/whole brain
PD-XLXLRY56,slab_thickness,Slab Thickness,The thickness of the slab in millimeters,numeric,"","","","","",Slab,Yes,"","",Slab,Dimensions,""
PD-LYLYQB42,slab_visible_slab_face,Slab Visible Slab Face,The visible face of the slab in the photograph,categorical,"","","","","",Slab,Yes,"","",Slab,Orientation and Direction,anterior/#/anteriorposterior/#/posteriordorsal/#/dorsalventral/#/ventralleft/#/leftright/#/rightmedial/#/mediallateral/#/lateralrostral/#/rostralcadual/#/cadual
PD-PYZZVR50,slab_brain_region,Mapped NBB Brain Regions,The NBB brain region the ROI is associated with. This is automatically obtained from mapping brain atlases to 52 NBB brain regions,text,"","","","","",ROI,Yes,"","",ROI,ROI details,""
PD-JKJKKK43,tissue_donor_stage,Donor Stage,Developmental stage of the donor this tissue belongs to,text,"","","","","",Tissue,Yes,"","",Tissue,Anatomical/Biological Properties,""
PD-VJVJKK43,tissue_structure_code,Tissue Structure Code,Tissue structure code,text,"","","","","",Tissue,No,"","",Tissue,Anatomical/Biological Properties,""
PD-URJANM35,library_aliquot_qc_last_updated,Library Aliquot QC Last Updated Date,Library Aliquot QC last updated date,date,"","","","","",Library Aliquot,Yes,"","",Library Aliquot,Sequencing Outcome,""
PD-CBCBBY24,aliquot_alignment_qc_uploaded,Aliquot Alignment QC Uploaded Date,Library Aliquot alignment QC uploaded date,date,"","","","","",Library Aliquot,Yes,"","",Library Aliquot,Sequencing Outcome,""
PD-QXXAKR49,aliquot_qc_total_reads,Library Aliquot QC Total Reads,Library Aliquot QC total reads,numeric,"","","","","",Library Aliquot,Yes,"","",Library Aliquot,Sequencing Outcome,""
PD-BQFOEV39,barcoded_cell_sample_alignment_qc_status,Barcoded Cell Sample Alignment QC Status,Barcoded Cell Sample alignment QC status,categorical,"","","","","",Barcoded Cell Sample,Yes,"","",Barcoded Cell Sample,Sequencing Outcome,Available/#/AvailableNot Available/#/Not Available
PD-QSDGRC41,slab_donor_database_id,Upstream Donor Database ID for Slab,NIMP database id for the upstream donor of slab,numeric,"","","","","",Slab,No,"","",Slab,References,""
PD-EBEBMX64,slab_hemisphere,Slab Hemisphere,The Hemisphere of the brain the slab belongs to,categorical,"","","","","",Slab,Yes,"","",Slab,Anatomical/Biological Properties,left/#/leftright/#/right
PD-RFZRRK65,parent_tissue_sample_local_name,Upstream Tissue Sample Local Name for Tissue,Local name of the upstream tissue sample from which the tissue sample was dissected from,text,"","","","","",Tissue,Yes,"","",Tissue,Reference,""
PD-SLFSLW44,dissociated_cell_sample_section_local_name,Upstream Section Local Name,Upstream section local name for dissociated cell sample,text,"","","","","",Dissociated Cell Sample,Yes,"","",Dissociated Cell Sample,Ownership,""
PD-OJZKDZ58,dissociated_cell_sample_nhash_ids_ecs,Upstream Dissociated Cell Sample NHash IDs in Enriched Cell Sample,NIMP generated globally unique identifier for upstream Dissociated Cell Samples,text,"","","","","",Enriched Cell Sample,"No, if the Enriched Cell Sample is created from Dissociated Cell Samples","","",Enriched Cell Sample,Reference,""
